v -0.051598 0.073445 -0.238949
v -0.118210 -0.148606 -0.056906
v 0.238956 0.094264 -0.062094
v 0.124129 -0.192983 -0.021215
v -0.136683 0.271668 0.181183
v -0.093929 0.253463 0.169014
v -0.083489 -0.043257 -0.113132
v -0.104813 -0.102003 0.013677
v 0.160931 -0.027660 0.092616
v 0.068703 0.359373 -0.029388
v 0.118461 0.370073 -0.003285
v -0.321501 0.007433 0.140750
v -0.025233 -0.000035 -0.185269
v -0.026970 -0.060295 -0.015633
v -0.100835 0.003016 -0.061232
v -0.114251 0.214961 -0.181370
v 0.031188 0.099461 -0.099959
v 0.276406 -0.155160 -0.044175
v 0.153558 0.125041 0.248444
v 0.318639 -0.135820 -0.080101
v -0.070429 -0.259178 -0.194988
v 0.111243 -0.123927 -0.008178
v 0.078934 0.269114 -0.028153
v -0.106277 0.405283 -0.019571
v -0.050917 0.115774 0.202819
v -0.136587 -0.135133 -0.092018
v 0.016481 -0.062203 0.059959
v 0.104714 -0.069923 0.064133
v 0.053543 -0.048546 -0.003880
v -0.094758 0.376698 0.182474
v -0.114909 -0.067899 0.187724
v -0.287493 0.052576 -0.113061
v 0.258102 0.123790 -0.247917
v -0.022094 0.185959 0.253462
v -0.102908 0.093791 -0.151702
v -0.208023 -0.076170 -0.310884
v 0.037898 0.123511 -0.075878
v -0.026748 0.350133 0.013878
v -0.117125 0.199816 0.156249
v 0.026021 0.277080 0.134651
v -0.231041 -0.052286 0.016704
v 0.142153 0.107933 0.107720
v -0.085418 0.133164 -0.080552
v 0.248101 0.260927 0.037058
v -0.226671 0.268809 -0.067953
v 0.101077 0.099470 0.089130
v -0.155475 0.129093 0.164169
v -0.043001 0.351721 -0.003054
v 0.055224 -0.024999 -0.064615
v 0.146057 -0.179976 0.210126
v 0.121533 0.116698 -0.086244
v 0.149816 0.268362 -0.209903
v 0.277126 -0.033277 0.005703
v 0.076273 -0.258445 -0.210634
v -0.028110 0.387311 0.256314
v -0.000489 -0.081582 -0.230477
v 0.035801 -0.220500 0.067405
v 0.088264 0.039044 -0.239265
v 0.117610 0.145962 0.119407
v 0.260377 0.093858 -0.177486
v -0.056498 -0.100467 -0.114593
v 0.070750 0.119223 -0.053756
v 0.233457 0.306578 0.092651
v 0.127851 0.287827 0.298419
v -0.133322 0.302704 -0.226680
v 0.308691 -0.041372 0.102824
v 0.147314 0.078519 -0.325729
v 0.010630 -0.097748 0.056554
v -0.055023 -0.099752 -0.111869
v 0.152652 0.040113 -0.008216
v -0.203249 0.212674 -0.130317
v 0.071476 0.120852 0.033021
v -0.064317 0.087052 0.107970
v -0.023213 0.021319 0.047290
v -0.168898 0.153112 0.115625
v -0.188676 0.215934 -0.118834
v 0.014401 -0.198859 0.061627
v -0.259608 0.175824 -0.075175
v 0.168807 -0.062391 0.148995
v -0.117287 0.410407 0.072483
v -0.160915 -0.057825 -0.091770
v 0.099293 -0.106140 -0.043895
v 0.052283 0.049881 0.038986
v 0.171301 0.133266 -0.006719
v 0.209634 -0.360806 0.098178
v 0.092852 -0.135898 0.001168
v 0.004870 0.207954 -0.107710
v -0.241512 0.040162 0.118704
v -0.098999 0.232914 -0.048483
v -0.071945 -0.268254 -0.079879
v -0.150239 0.306113 -0.065054
v -0.170549 0.262426 0.009963
v -0.122088 0.223581 0.010361
v -0.096312 0.064121 0.090377
v 0.105436 -0.035660 -0.019028
v -0.248155 -0.087863 -0.057010
v -0.074919 0.223958 0.025847
v -0.111673 0.402428 -0.195867
v 0.021388 0.374030 -0.108529
v 0.069395 0.335320 0.007324
v 0.052590 -0.025894 0.017081
v 0.129478 -0.030789 -0.030904
v 0.105900 -0.147731 0.046600
v -0.019742 0.046613 0.215712
v -0.157442 -0.006837 0.055800
v 0.104114 -0.014820 0.031244
v 0.105241 0.269231 0.140743
v -0.198674 -0.002952 0.244303
v -0.227636 -0.022302 -0.079908
v -0.255880 0.346476 0.184574
v 0.087707 0.437590 0.222108
v 0.028871 0.097596 0.166183
v 0.118760 0.083043 0.095276
v 0.114844 -0.232588 0.048402
v 0.001503 0.065973 0.041785
v -0.012578 0.340572 -0.309188
v -0.206700 0.296606 0.169394
v -0.209679 -0.013921 0.132449
v -0.044347 0.107349 0.324502
v -0.182098 0.191083 -0.045460
v 0.282903 0.244887 -0.062718
v -0.138087 -0.033055 0.049390
v -0.022379 -0.009485 -0.094306
v 0.021645 0.135995 -0.139599
v 0.183027 0.126172 -0.124105
v -0.064596 0.190553 0.019097
v -0.146349 0.334156 0.073554
v -0.084057 -0.054565 0.189416
v -0.168390 0.586485 0.160515
v -0.018261 0.018157 0.066685
v 0.021120 0.180494 -0.153611
v 0.187190 0.127750 -0.017873
v 0.141129 0.177665 0.077536
v 0.193880 0.419639 -0.155897
v -0.232069 0.129623 0.128796
v 0.001544 0.315346 -0.022756
v 0.072939 0.268885 0.001524
v -0.044994 -0.312878 0.124856
v -0.238924 -0.045051 0.026900
v 0.081859 0.173392 0.230113
v 0.016983 0.201992 -0.145664
v -0.099002 0.292046 0.110867
v -0.062192 0.403964 -0.046053
v -0.065389 0.452673 -0.063589
v 0.326934 0.161352 0.146738
v -0.139567 0.010188 -0.147786
v 0.026617 0.445845 -0.062411
v 0.024668 0.348847 0.245742
v 0.181388 0.413396 0.083101
v -0.148412 -0.170426 0.180374
v 0.198609 0.085738 0.078834
v -0.058312 0.014941 0.195710
v 0.268441 0.007508 -0.035809
v -0.025006 -0.200010 0.122776
v 0.234351 -0.178676 0.038945
v 0.091819 -0.213400 -0.163376
v 0.023544 0.296021 0.351656
v 0.058404 0.319508 0.110337
v 0.230051 -0.057952 0.075395
v -0.001674 -0.015970 0.107887
v -0.093381 0.166691 -0.045895
v -0.188527 0.110450 -0.119261
v -0.245378 0.219434 -0.215044
v -0.107947 0.236747 0.045614
v 0.090282 0.196048 -0.080346
v 0.176056 0.014432 0.067920
v -0.189048 -0.220149 -0.061499
v -0.119079 0.363341 0.113551
v -0.005833 -0.067225 -0.045256
v -0.138899 -0.031039 0.096528
v 0.056840 0.078609 0.200282
v -0.234537 0.008472 -0.004083
v -0.047537 -0.008523 -0.198438
v 0.084265 0.385730 0.057288
v 0.108865 0.236532 0.105681
v -0.053297 0.277782 0.096739
v -0.033747 -0.047732 0.046262
v 0.207173 -0.105273 0.028109
v -0.002111 0.081305 -0.053506
v 0.125731 0.102640 -0.078752
v -0.068934 -0.074393 0.097930
v -0.097395 0.437035 -0.171602
v 0.032617 -0.040972 -0.096014
v -0.004491 -0.026419 -0.035011
v 0.146383 0.205881 0.119407
v -0.087772 -0.051224 0.001466
v -0.190237 0.303115 -0.026842
v 0.005713 -0.125197 0.071291
v 0.005935 0.032142 -0.059791
v -0.156006 0.217593 -0.150706
v -0.231087 -0.032872 -0.053140
v -0.166240 -0.093732 0.053744
v -0.039994 0.070437 -0.204525
v 0.191296 0.288014 -0.021887
v -0.028744 -0.022740 -0.157467
v 0.009231 0.324699 0.014393
v -0.084311 -0.063269 -0.202658
v -0.185611 0.198869 -0.154319
v 0.016527 0.069269 0.183907
v -0.083288 0.177408 -0.212390
v -0.190585 -0.161457 0.049185
v 0.060149 0.099536 -0.079018
v 0.053462 0.401051 0.187439
v -0.202345 -0.251809 0.003995
v -0.012583 0.433102 0.071438
v -0.053225 0.220838 0.041782
v -0.121146 0.380675 0.003764
v -0.189781 0.145701 0.076914
v 0.043710 -0.011642 0.353089
v -0.063670 0.183411 -0.106855
v -0.144419 -0.144713 0.348121
v 0.211469 0.237649 0.066528
v 0.117766 0.426565 -0.105028
v -0.001098 0.178773 -0.044187
v -0.165512 -0.249218 0.127302
v 0.010112 0.096903 0.135524
v -0.006142 0.414438 0.014911
v -0.082579 -0.233262 -0.001727
v -0.125667 0.211078 0.012676
v 0.075666 -0.077627 0.052200
v 0.049287 0.051946 -0.117375
v -0.162950 0.287849 0.107238
v 0.087361 0.249653 0.074341
v -0.016268 0.294418 -0.199389
v 0.044435 -0.174789 0.026218
v -0.355890 0.312542 0.247056
v 0.073587 -0.030417 0.012313
v 0.089086 0.265185 -0.105790
v -0.247379 -0.090256 -0.147101
v 0.119850 0.131691 0.113585
v -0.013697 -0.235079 0.102405
v 0.016863 0.346685 -0.072029
v -0.084162 0.220018 0.053065
v 0.077105 0.119140 -0.009798
v -0.102749 0.352565 0.042205
v 0.216893 0.267016 0.006899
v -0.024740 -0.292993 0.205671
v -0.102427 0.168190 0.082597
v -0.071136 -0.048847 0.175965
v 0.004982 0.038351 -0.028356
v 0.146163 0.345570 0.028672
v 0.381688 -0.283515 0.175528
v -0.095851 0.022187 -0.072146
v -0.178165 -0.077505 -0.129138
v 0.010630 0.038656 -0.032380
v -0.108836 0.122021 -0.263020
v -0.240609 -0.212589 0.060602
v -0.032103 -0.013906 0.019470
v -0.029567 0.045316 0.182023
v 0.015498 0.368013 -0.191640
v 0.165819 -0.129806 0.127552
v -0.065308 0.039422 -0.049158
v 0.004916 0.397746 -0.077356
v -0.061731 0.049087 0.045995
v 0.240820 -0.136832 0.146641
v -0.189272 0.075548 0.331778
v -0.137359 0.261914 -0.151121
v 0.144594 0.053128 -0.154186
v -0.078107 0.140987 -0.265598
v 0.114024 0.262704 0.095911
v 0.083693 0.201505 0.141410
v 0.061130 0.018899 -0.067504
v 0.110115 0.252098 0.087349
v -0.088732 0.178420 0.055111
v 0.138924 0.264015 -0.045814
v 0.086720 -0.080749 0.126891
v -0.049724 0.164843 -0.000229
v -0.012175 -0.053683 -0.089268
v 0.108177 0.149850 0.211689
v -0.004432 -0.165595 0.229207
v 0.065725 -0.145121 -0.048941
v 0.102099 -0.121705 0.206315
v -0.071670 0.099035 0.178995
v 0.053009 -0.050253 0.085466
v -0.182138 0.256151 -0.160952
v -0.055131 -0.103820 0.211181
v 0.041708 0.082298 -0.214020
v 0.041588 0.174680 0.249079
v 0.348588 0.308333 0.153369
v -0.156760 0.277296 -0.033559
v -0.044983 0.210150 -0.077305
v -0.116599 0.220973 0.065200
v -0.024180 0.283276 0.101770
v 0.164965 0.177947 -0.123996
v -0.079654 0.078076 0.045119
v 0.024243 -0.189791 -0.115385
v 0.033521 -0.042812 -0.005809
v -0.015908 -0.015498 -0.134076
v 0.000510 0.208208 0.302489
v 0.133986 0.081261 0.085216
v -0.084223 -0.178716 0.168439
v 0.123456 -0.179835 0.063067
v 0.050491 -0.058070 -0.035268
v -0.161376 -0.223232 0.072311
v 0.243628 -0.070545 -0.016472
v -0.152870 0.025626 -0.111510
v 0.009237 0.183393 -0.005042
v 0.136811 0.043950 0.079901
v 0.036474 0.033320 0.262346
v 0.013803 -0.138960 -0.203016
v 0.206999 0.267303 0.294349
v -0.074102 -0.258684 -0.146570
v -0.031655 0.346853 -0.022005
v 0.072161 -0.218747 -0.071046
v 0.047581 0.328081 0.138630
v -0.018770 -0.116740 0.004034
v -0.187185 -0.029197 -0.045834
v -0.082345 -0.165535 -0.065964
v 0.043822 0.148618 0.009177
v -0.111026 -0.130282 0.065944
v -0.003768 0.375201 -0.008963
v 0.166514 0.194160 0.032723
v -0.211490 0.276803 0.161245
v 0.084664 0.132267 -0.142561
v 0.099878 0.449359 0.083533
v -0.173128 -0.188935 -0.033319
v -0.062920 0.360550 -0.055511
v -0.067246 -0.092845 -0.167204
v 0.185161 0.042873 0.047477
v -0.169181 -0.242178 -0.079431
v 0.074940 0.253449 -0.087728
v 0.172267 0.163859 -0.302957
v -0.350065 0.089314 -0.071937
v 0.125412 0.581382 -0.127015
v 0.188157 0.148279 0.026983
v 0.195235 0.139644 0.011270
v 0.022391 -0.296669 0.196042
v 0.182330 -0.075660 -0.148640
v 0.015282 0.049016 0.184882
v -0.051968 -0.017318 0.134668
v 0.245125 0.297859 -0.049005
v 0.215779 0.140180 0.017659
v 0.007157 0.193803 0.004276
v 0.275110 -0.021175 0.113951
v 0.236093 0.019739 -0.184281
v -0.000175 -0.004649 -0.051548
v 0.061235 0.036102 0.047744
v 0.159505 0.161116 -0.079465
v 0.052001 0.318506 0.217565
v 0.266448 0.283570 0.064951
v 0.196284 -0.029963 0.148315
v -0.198827 0.113570 -0.081056
v -0.314805 -0.032442 -0.044951
v 0.094099 -0.202644 0.092178
v -0.018481 0.118706 -0.024106
v 0.039759 0.042105 0.048781
v 0.127589 0.237849 -0.290960
v 0.005040 0.465415 -0.111549
v 0.085311 -0.009023 0.122764
v -0.250841 -0.060365 -0.166954
v 0.291865 0.201441 -0.199789
v 0.145018 0.049134 0.123072
v -0.146211 -0.081933 0.223890
v -0.149122 -0.052128 -0.047737
v 0.079381 0.134849 -0.189430
v -0.209185 0.011813 -0.016830
v 0.200121 0.127289 -0.076054
v 0.022211 -0.156456 0.095402
v 0.111998 0.109374 0.070331
v 0.103651 -0.120849 0.035342
v -0.254839 0.019065 -0.036387
v 0.063911 -0.136059 -0.139630
v 0.131170 -0.089894 0.120731
v 0.252189 -0.059419 0.118518
v 0.209520 0.195831 0.094549
v 0.099114 -0.049021 -0.198709
v 0.273898 0.197705 -0.062179
v 0.118037 -0.000580 0.137335
v 0.124471 0.455755 -0.058172
v -0.138209 0.204182 -0.128961
v -0.137781 0.199247 0.281834
v -0.140923 0.274373 0.161476
v -0.116809 0.044240 -0.053011
v -0.072552 0.220790 0.064189
v 0.335474 0.105283 -0.074451
v -0.094316 0.050049 -0.024829
v 0.220723 0.089522 -0.082024
v -0.072768 -0.124623 0.083362
v 0.206905 -0.116228 -0.090642
v -0.060479 -0.014858 0.269203
v -0.160667 0.193393 0.031619
v -0.318335 -0.072917 -0.128271
v 0.048298 0.284310 0.111364
v 0.152225 0.162120 0.019059
v -0.179936 -0.008442 0.081043
v -0.292613 0.526455 0.041841
v -0.158208 -0.003743 -0.247249
v -0.278404 0.433036 -0.071822
v -0.293862 0.126410 -0.112139
v -0.238072 -0.006535 -0.104877
v -0.114520 0.166071 -0.114290
v 0.031979 -0.084478 0.034559
v 0.180307 -0.109261 -0.076515
v 0.268856 0.178417 0.007816
v 0.100756 0.212415 -0.078981
v 0.399029 0.192944 -0.167174
v -0.022146 0.370582 -0.261872
v -0.047077 0.447429 -0.065813
v -0.296143 0.199747 -0.054257
v -0.069302 0.320288 -0.051842
v -0.049510 0.240729 -0.023937
v 0.029154 0.327975 -0.028979
v 0.066714 0.149072 -0.048459
v 0.187907 -0.027581 -0.108575
v -0.150161 0.056874 -0.072103
v 0.087478 0.240489 -0.122381
v 0.075759 -0.224463 -0.043624
v -0.094723 0.068788 -0.171474
v 0.041799 -0.187169 0.012310
v 0.065376 0.031582 0.229068
v -0.033745 -0.079563 0.184194
v 0.182528 0.034944 -0.154704
v 0.061959 0.060174 -0.058487
v -0.011684 0.159835 -0.090413
v 0.098621 0.443423 0.086548
v 0.120768 0.117615 -0.104347
v 0.017114 -0.184046 0.284290
v -0.037203 0.210131 -0.112868
v -0.136283 -0.349159 -0.045114
v -0.042048 0.262484 -0.087741
v 0.384789 0.074989 0.008470
v -0.262303 -0.157289 -0.097610
v 0.053158 -0.150820 0.124570
v 0.306443 0.446162 0.020105
v -0.007961 -0.101597 0.112656
v 0.181017 0.059388 0.027286
v 0.082134 -0.154060 -0.069341
v 0.032272 -0.199194 -0.216913
v -0.328985 -0.041460 0.204611
v 0.032993 0.576345 -0.099281
v 0.072035 -0.016848 0.076168
v -0.167599 0.012921 0.139251
v -0.194484 -0.050774 -0.089826
v 0.170360 -0.028614 -0.001845
v 0.070116 -0.163120 0.119919
v -0.085959 0.342099 -0.125782
v -0.163975 0.310655 0.058657
v -0.044293 -0.161433 0.008817
v -0.176769 0.053387 0.099280
v 0.245122 -0.100650 0.184094
v 0.102957 0.332615 -0.111289
v -0.034385 -0.096310 -0.048452
v -0.227633 0.203084 -0.084177
v -0.045705 0.445778 0.059746
v 0.141077 0.211739 0.021600
v -0.189298 -0.454940 -0.059495
v 0.195367 0.153286 0.038416
v -0.045076 0.298241 0.117825
v 0.017961 0.470434 0.067647
v -0.174518 0.224843 -0.087196
v 0.018092 -0.042122 -0.031973
v 0.242541 -0.112314 -0.007970
v -0.005843 0.178331 0.207361
v -0.120739 0.246485 -0.107304
v -0.184748 0.215719 -0.077972
v 0.102194 -0.126520 -0.153440
v -0.121023 0.312036 -0.040498
v 0.030104 0.135373 -0.092028
v -0.074959 0.090110 0.031372
v -0.115775 0.123029 0.017927
v -0.266551 -0.156583 0.151704
v 0.050363 0.111918 0.082375
v 0.083259 0.259399 0.058967
v 0.322581 0.167851 -0.250020
v 0.114540 0.103980 0.219378
v 0.138040 -0.258524 -0.002745
v 0.012906 0.298427 0.011117
v -0.081903 -0.068220 -0.080073
v -0.330479 0.342443 -0.068474
v 0.143024 0.187384 -0.055522
v -0.321171 0.164775 0.005877
v -0.197553 -0.059997 0.006531
v -0.138316 0.388340 -0.237669
v -0.191761 0.035441 0.442609
v 0.006507 0.124780 -0.162171
v 0.112732 -0.017167 0.041117
v 0.178751 -0.082576 0.262284
v -0.083636 -0.167975 0.159340
v -0.087889 -0.024572 0.325239
v 0.106378 0.089776 0.202450
v -0.106222 0.117675 0.054800
v -0.018923 0.047425 0.039910
v -0.272473 -0.118890 0.124561
v -0.064723 0.192203 -0.318078
v 0.204391 0.103337 0.028761
v 0.169305 -0.000357 -0.038617
v 0.181834 -0.048842 -0.159199
v -0.028020 0.017378 -0.084101
v -0.159760 0.006243 0.038107
v 0.059920 0.042243 -0.175411
v 0.115144 -0.149054 0.072710
v 0.068329 -0.162964 -0.135926
v 0.338356 -0.164226 -0.217592
v -0.091533 0.194017 -0.034732
v -0.000675 -0.201286 0.115616
v 0.281067 -0.125295 -0.250790
v 0.216660 0.107889 0.140378
v 0.232979 0.536989 0.040017
v -0.153450 -0.290014 0.272281
v -0.287499 -0.114560 -0.107603
v 0.129326 0.192212 0.193436
v -0.157385 -0.110205 -0.044268
v -0.287717 0.257153 0.177235
v 0.002518 -0.050092 0.112557
v 0.036377 0.316487 0.132535
v 0.150216 -0.002426 0.085537
v 0.049190 0.054415 -0.162816
v 0.007197 0.185187 0.027565
v -0.160099 0.154957 -0.005868
v -0.038196 0.400728 -0.051873
v -0.032499 -0.045235 0.184761
v 0.294993 -0.269296 0.104947
v -0.054866 -0.036263 0.047982
v -0.018638 0.264246 0.041481
v 0.201652 -0.227436 0.244648
v -0.058482 0.122390 0.022508
v -0.146264 0.081146 -0.003556
v -0.264507 0.066437 0.320688
v 0.221707 0.202163 -0.033873
v 0.062485 0.092560 -0.007333
v 0.103154 0.214234 0.189427
v -0.063469 0.179575 -0.093920
v 0.040503 0.006156 0.182056
v -0.130120 0.100379 0.241512
v 0.170622 0.117443 0.276864
v 0.325057 0.192847 0.115999
v -0.204046 -0.171624 0.193505
v 0.096300 0.142868 -0.183970
v 0.315851 0.215651 0.368964
v 0.091723 -0.085385 -0.025061
v 0.080438 0.384658 0.112565
v -0.136556 -0.154426 -0.075527
v 0.086096 0.153891 -0.163336
v 0.250467 0.061340 0.119005
v 0.152348 0.324820 -0.161872
v 0.060815 -0.321434 0.021113
v -0.037133 -0.147846 0.190636
v -0.051239 0.115661 -0.404530
v 0.212292 0.095685 -0.180439
v -0.085030 0.433427 0.108278
v -0.047036 -0.119922 0.022552
v -0.014886 0.136764 0.149432
v -0.271489 -0.084236 0.213403
v -0.278202 -0.176951 0.362567
v -0.133580 0.232888 -0.003325
v -0.035374 0.169626 0.112262
v -0.036308 0.351037 0.168027
v -0.074682 -0.102507 -0.147717
v 0.072892 0.113397 0.041248
v -0.197932 0.278348 -0.040507
v -0.185890 0.183992 0.063683
v 0.203220 0.047677 -0.350441
v -0.039182 -0.076295 0.045966
v -0.211470 0.377506 0.023754
v 0.112447 0.042816 -0.005144
v -0.242835 0.165187 0.106259
v 0.024102 0.246383 0.302168
v 0.023064 -0.136849 0.084029
v -0.174854 0.162490 -0.064652
v -0.115191 0.420698 -0.022990
v 0.056726 0.391202 0.027425
v -0.188595 0.114835 -0.041771
v -0.148194 0.082297 0.008584
v -0.222206 -0.169810 0.027185
v -0.101858 -0.224715 0.092599
v -0.075267 -0.037666 0.102615
v 0.017884 0.303818 -0.018201
v 0.026888 0.217470 -0.002812
v 0.094480 -0.097999 0.077429
v 0.225965 0.034823 -0.015446
v -0.171256 0.178319 -0.089582
v 0.222375 -0.060162 0.084667
v -0.071247 0.204966 -0.227452
v 0.080598 0.051703 -0.178958
v -0.069096 0.002239 0.031960
v -0.077654 -0.165293 0.007695
v 0.126557 -0.034903 0.206939
v -0.115028 0.290022 0.133493
v 0.068336 0.073534 0.057061
v -0.025051 -0.427128 0.056235
v 0.089153 0.161363 -0.075772
v 0.141642 0.029554 0.062448
v 0.140140 -0.107672 -0.189339
v 0.051809 0.305856 -0.291447
v 0.041072 0.024314 0.104076
v -0.158397 0.044678 0.058260
v 0.206540 0.063586 0.039846
v -0.023637 0.036569 -0.022500
v 0.127757 0.065214 -0.013729
v 0.117916 0.144787 -0.220430
v 0.004205 0.362799 0.106583
v -0.080459 0.027414 -0.033369
v 0.171017 -0.232207 -0.233865
v -0.156427 0.229996 -0.006311
v 0.135443 -0.157736 0.063853
v -0.176923 -0.010481 -0.068698
v -0.119497 -0.016600 0.124092
v -0.166883 -0.115767 -0.041036
v 0.058353 0.246680 -0.123853
v 0.185825 0.099080 0.111532
v -0.136671 -0.017890 0.035238
v 0.260058 0.127513 -0.165975
v -0.064025 0.252881 -0.142154
v -0.049251 -0.088352 0.021541
v -0.070825 0.382478 -0.025883
v -0.085422 0.277129 0.226306
v 0.017370 0.160193 0.052052
v -0.030554 0.142089 0.010469
v -0.071556 0.336203 0.128720
v -0.221208 0.142842 -0.062559
v -0.014744 0.000560 0.028781
v -0.184718 0.057569 -0.126705
v -0.152453 0.098976 0.076190
v 0.110916 0.196080 0.136001
v -0.092450 0.172547 -0.105042
v -0.182168 0.095598 -0.104273
v 0.145073 0.224044 -0.146582
v -0.013406 -0.099518 -0.253435
v -0.018159 0.004869 0.044217
v 0.230128 -0.318475 -0.009740
v -0.123982 -0.157796 0.138411
v -0.018036 0.024949 0.230237
v -0.303760 -0.258074 0.228061
v 0.123344 0.203070 -0.144200
v -0.002980 -0.008594 0.028757
v 0.257679 0.171291 0.133624
v -0.202935 0.282242 0.142860
v -0.017801 0.118093 0.080330
v -0.048353 0.054963 0.136149
v 0.058061 0.235440 -0.217483
v 0.087203 0.091537 -0.134215
v 0.034276 -0.017815 -0.159166
v -0.039516 -0.058232 0.189731
v 0.207805 0.369448 -0.110093
v -0.191079 0.242609 -0.216231
v -0.023222 -0.089837 -0.001854
v 0.079113 0.098943 0.233278
v 0.026639 -0.056887 0.129282
v 0.070302 0.152513 -0.078107
v 0.167146 -0.104623 -0.006189
v 0.225755 0.245209 -0.026151
v -0.098446 0.027545 -0.191951
v -0.006676 0.383356 -0.023896
v 0.120037 0.148472 -0.073895
v 0.090933 0.105720 0.289390
v 0.016397 -0.017940 -0.128268
v 0.201347 -0.087121 0.066040
v 0.175667 0.073435 -0.116321
v 0.088610 0.243886 0.056030
v -0.140486 0.286084 0.312643
v -0.145366 0.242955 -0.228287
v 0.132512 0.237707 -0.195992
v -0.088964 -0.068314 0.039306
v 0.047540 -0.058039 -0.071409
v -0.158497 -0.267429 -0.052513
v 0.221568 0.512228 0.268566
v -0.057447 0.091844 -0.037010
v -0.070492 -0.151413 -0.005175
v 0.053970 0.025438 0.071929
v -0.072437 0.253891 -0.127370
v 0.083644 0.135284 -0.015187
v 0.127955 -0.171169 -0.023278
v 0.012135 -0.050967 0.057208
v -0.218575 0.440209 0.044794
v -0.186230 0.343857 -0.158564
v 0.130747 0.254763 -0.035678
v 0.277175 -0.178998 -0.111005
v -0.053862 0.200080 0.060044
v -0.148610 0.149900 0.095740
v 0.045321 0.069464 0.196582
v -0.300357 -0.049196 -0.060039
v 0.085334 0.158574 0.120466
v -0.135237 0.160994 0.155555
v 0.239284 0.044165 -0.082596
v 0.191602 0.121486 0.037384
v -0.039179 0.102182 -0.017386
v -0.084355 -0.061091 0.200224
v -0.130750 -0.210885 -0.014274
v -0.181014 -0.032662 0.064810
v 0.159707 0.065703 0.044411
v -0.052093 0.274977 -0.105313
v 0.070867 0.195314 -0.115041
v -0.025880 0.360732 -0.082397
v 0.021250 0.417601 0.047212
v -0.127964 0.475286 -0.017271
v 0.054233 0.565461 0.106226
v -0.330294 -0.148725 0.097700
v 0.179026 -0.087243 -0.136784
v -0.216632 0.225842 -0.102595
v 0.062443 -0.119308 0.110946
v 0.053955 0.110801 0.164658
v 0.114522 0.458488 -0.087386
v -0.020376 0.222824 -0.081957
v 0.097413 0.521498 -0.020639
v 0.041636 0.424757 -0.030185
v 0.034668 0.156190 0.186625
v 0.089543 0.189764 0.059767
v -0.065290 -0.145497 -0.148034
v 0.023030 -0.176433 -0.094417
v -0.255410 0.116998 -0.274104
v 0.189504 -0.174602 -0.183877
v -0.007974 0.223223 -0.057741
v -0.072072 -0.050367 -0.281311
v 0.047825 0.119480 -0.238452
v -0.047807 -0.276789 -0.064333
v -0.081450 0.028322 -0.043457
v -0.184610 -0.131311 -0.084257
v -0.245288 0.273187 -0.173049
v 0.035668 -0.163130 -0.118385
v 0.026695 0.032700 0.100644
v -0.045559 0.428432 0.143536
v 0.254486 0.087052 -0.036015
v 0.190947 0.019080 0.072327
v -0.024598 -0.136037 0.125122
v -0.227083 0.070438 0.059345
v 0.103997 0.187134 -0.217397
v -0.000887 -0.017975 -0.142786
v 0.260127 0.019623 -0.147163
v 0.385280 -0.121038 -0.089277
v -0.182580 0.037055 -0.112358
v 0.143214 -0.276991 -0.026387
v 0.070117 0.099555 -0.043103
v -0.007843 0.080849 0.099258
v -0.010761 0.262080 0.171071
v -0.215168 -0.354599 0.045962
v 0.071881 0.167068 0.167521
v -0.262446 0.176509 0.166688
v -0.023649 -0.053068 0.087923
v -0.126394 -0.057035 -0.166106
v 0.046266 0.266387 -0.030807
v 0.037814 -0.121004 0.135042
v -0.051001 -0.498519 0.010559
v -0.082479 0.154448 -0.042522
v -0.142546 0.274121 0.080112
v -0.102923 0.176553 0.143116
v 0.209022 0.290889 -0.120503
v -0.333788 -0.163225 0.031620
v 0.008085 0.387508 0.027330
v 0.011362 0.331412 0.004478
v -0.118749 0.185940 -0.114894
v 0.014580 0.229707 0.111254
v 0.211860 -0.012835 -0.089466
v -0.102644 0.036972 -0.094422
v 0.274022 0.201221 -0.001324
v 0.035542 -0.056004 0.393959
v -0.065865 -0.072970 -0.095383
v -0.247336 -0.347439 0.035114
v -0.089167 0.030364 -0.002271
v -0.017205 0.133300 0.028922
v -0.020105 0.258330 0.004287
v -0.132674 0.090868 0.043634
v -0.065865 -0.068088 0.119328
v -0.052603 -0.198239 0.041029
v 0.142740 -0.231910 0.061040
v 0.250334 0.130612 -0.246325
v 0.106023 -0.197167 0.235026
v -0.043887 0.256542 0.206486
v 0.069104 0.198910 0.012716
v 0.217673 0.271043 0.162258
v -0.084243 0.295143 0.009662
v 0.032885 -0.191617 0.003930
v 0.036526 -0.069088 -0.037117
v 0.040559 -0.076528 0.068153
v -0.023546 0.380398 0.067654
v -0.057759 0.002576 0.128976
v -0.114686 0.435954 0.139950
v -0.066031 0.187047 0.065137
v 0.137589 0.035750 0.053670
v -0.268243 0.107027 -0.084204
v -0.027042 0.092278 -0.043196
v -0.226254 0.097816 0.022648
v -0.157533 -0.170684 0.071726
v -0.142888 0.162735 -0.075979
v 0.041119 0.353235 -0.032904
v 0.058120 0.004676 -0.063912
v -0.164395 -0.070525 -0.058050
v 0.044086 0.250120 -0.058901
v 0.057552 -0.129548 -0.058811
v 0.115113 0.103440 -0.134640
v -0.221929 0.136692 0.056172
v 0.087406 0.418130 -0.244270
v 0.025545 0.042026 0.026322
v 0.183009 0.123163 -0.138650
v -0.012029 0.048525 -0.016528
v -0.105945 0.203752 0.164850
v 0.318027 -0.093844 -0.003273
v 0.193677 0.258975 0.160817
v -0.194523 0.095658 -0.036965
v -0.039013 -0.113337 0.299451
v 0.077463 0.033028 -0.080796
v 0.035509 0.203661 0.012031
v -0.011116 -0.042190 -0.210166
v -0.139050 0.042084 0.014181
v -0.108635 0.065314 -0.053197
v -0.054337 0.024883 -0.068065
v -0.004621 0.219003 -0.099671
v 0.017137 0.262467 0.165503
v -0.100210 0.282781 0.162167
v 0.059488 0.290268 -0.170698
v 0.226865 0.080203 -0.162698
v -0.096485 0.340381 -0.195862
v -0.109766 0.374533 0.223842
v 0.003102 0.649966 0.019953
v -0.325254 0.232971 -0.044602
v 0.292628 0.142575 -0.020805
v -0.215138 0.336743 0.138005
v 0.277811 0.459314 -0.035530
v -0.007215 0.402580 -0.016338
v -0.199188 0.271711 0.047103
v 0.066851 0.295880 0.088241
v -0.097247 0.504385 -0.170113
v 0.036081 0.416290 0.243199
v 0.209808 0.507883 -0.133346
v -0.052479 0.588117 0.165792
v 0.074820 0.336212 -0.004281
v 0.005195 0.230620 0.064296
v -0.094075 0.268415 0.107110
v 0.237025 0.331309 -0.047709
v 0.104670 0.026497 0.212138
v -0.199553 0.294267 0.187478
v -0.124005 0.302315 0.158211
v 0.245124 0.073903 0.115286
v -0.024457 0.471875 0.415114
v 0.029770 0.048190 -0.030035
v 0.118766 0.414415 -0.007358
v 0.008012 0.222440 0.127731
v -0.160540 0.272010 -0.069958
v -0.181930 0.357736 0.071766
v 0.036103 0.413541 -0.191839
v 0.058686 0.362168 -0.003489
v -0.045893 0.440975 0.060070
v -0.220756 0.304521 0.274018
v 0.073759 0.202459 0.106653
v 0.156298 0.510998 -0.025317
v 0.011499 0.655030 0.308524
v -0.070533 0.239896 -0.098743
v -0.159007 0.113715 0.382595
v 0.033224 0.478816 0.124372
v 0.141228 0.046980 0.035787
v 0.013706 0.357026 0.018894
v -0.052509 0.223408 0.111753
v -0.153472 0.118871 -0.132774
v -0.140489 0.469465 0.180516
v -0.003594 0.416440 -0.054133
v 0.101668 0.177392 0.090359
v -0.106494 0.205039 -0.057950
v 0.014715 0.407450 0.162033
v 0.204855 0.224167 -0.157282
v 0.140924 0.574011 -0.103854
v -0.000560 0.243831 -0.057914
v 0.014769 0.237160 0.114187
v -0.027785 0.092686 0.027620
v 0.158606 0.483257 -0.018274
v -0.185415 0.319479 0.143966
v 0.205571 0.836381 0.056133
v -0.061459 0.385317 0.320270
v -0.182830 0.185196 0.012575
v 0.224423 0.460946 -0.051135
v -0.293574 0.201811 0.017478
v -0.064038 0.213969 -0.249869
v -0.071499 0.117755 -0.194403
v -0.062607 0.169291 -0.058747
v -0.259142 0.152129 0.316491
v -0.125337 -0.059386 -0.091209
v 0.025479 0.105597 0.211612
v 0.008785 0.238371 -0.026138
v 0.067903 0.241000 0.074248
v -0.148892 0.458435 0.060005
v 0.093696 0.047217 -0.249832
v -0.147281 0.284943 0.173334
v -0.107555 0.155044 0.070347
v -0.030378 0.298865 0.186909
v 0.182030 0.444784 0.099109
v 0.037397 0.110652 0.019760
v -0.024058 0.027196 -0.203911
v 0.046297 0.214775 -0.026371
v 0.113441 -0.147807 0.092641
v 0.076603 0.429927 0.084260
v 0.035139 0.545335 -0.017367
v -0.001909 0.095856 -0.143618
v 0.022089 0.212810 0.013291
v 0.095298 0.215891 -0.164094
v 0.115808 0.272756 0.174002
v -0.063625 0.468443 -0.084958
v 0.057064 0.369701 0.161841
v 0.186723 0.374476 0.035769
v -0.032662 0.516995 0.297300
v 0.116690 0.809214 0.154192
v 0.017450 0.754283 0.170293
v -0.324797 0.515250 -0.052037
v 0.176515 0.342519 0.023934
v 0.153785 0.169181 -0.023943
v -0.165040 0.499502 0.075238
v 0.044848 0.097439 0.404377
v 0.083778 0.324840 0.228756
v -0.004942 0.321596 0.198082
v -0.030113 0.337852 0.291546
v 0.015020 0.518397 0.027232
v 0.113624 0.259566 0.112869
v 0.159222 -0.114954 -0.119234
v -0.053374 0.247107 0.079796
v 0.037479 -0.051545 -0.192937
v 0.210612 0.427491 -0.041622
v 0.144028 -0.133297 0.155418
v -0.091092 0.478341 0.144817
v 0.287023 0.328661 0.073608
v 0.150515 0.472647 0.115966
v 0.144664 0.574433 -0.113241
v -0.090382 0.087474 -0.107441
v -0.121653 0.661204 0.121653
v 0.159063 0.624747 0.113713
v 0.058120 0.274746 -0.003131
v 0.054826 0.526102 0.243286
v 0.066786 0.054162 0.129529
v -0.058185 0.428766 -0.112948
v -0.041738 0.175828 -0.212940
v -0.026542 0.127281 -0.033506
v -0.152024 0.313875 -0.099317
v 0.026223 0.407929 0.162881
v -0.318221 0.297746 0.057987
v 0.310545 0.282391 -0.216189
v -0.166035 0.534221 -0.103357
v 0.020974 0.332013 -0.019700
v 0.080007 0.257931 0.158620
v 0.040663 0.189524 -0.078417
v 0.201332 0.485713 -0.027689
v -0.100878 0.316495 0.197777
v -0.246313 0.180105 0.059913
v 0.042066 0.588137 0.230365
v -0.047656 0.369140 -0.025480
v -0.000313 0.802480 0.233574
v -0.114277 0.536435 0.037982
v -0.243704 0.222743 -0.034683
v 0.060093 0.154035 0.094455
v 0.113736 0.412814 -0.120770
v 0.005505 0.651534 0.095768
v 0.215982 0.524041 0.111445
v -0.182391 0.139072 0.068420
v -0.120374 0.219371 -0.115449
v 0.118175 0.707247 -0.167087
v -0.221295 0.015923 -0.088884
v 0.116146 0.189998 0.090448
v -0.215393 0.243414 0.001271
v -0.108821 0.426424 0.063927
v -0.153449 0.398001 -0.022365
v -0.074610 0.543785 0.161095
v 0.126407 0.140405 -0.068997
v 0.054506 0.081398 0.004195
v 0.216716 0.440374 0.134367
v -0.046575 0.561411 -0.048387
v 0.079662 0.515556 0.116381
v -0.106646 0.574705 0.211916
v 0.190587 0.634122 0.219615
v 0.070656 0.545305 -0.006369
v -0.299025 0.295044 -0.001321
v -0.256181 0.448644 -0.001090
v 0.061901 0.601947 0.135964
v 0.256665 0.460319 0.221444
v 0.066081 0.385521 -0.482716
v -0.074880 -0.045669 0.030553
v 0.140080 0.282626 -0.118185
v -0.037292 0.307697 -0.067411
v -0.015596 0.179098 0.090448
v 0.177158 0.434285 0.199304
v -0.041715 0.278547 0.112356
v 0.161366 0.350855 -0.210453
v -0.048750 0.079794 -0.016483
v -0.154308 0.482462 0.331596
v 0.249196 0.300291 0.076681
v 0.190764 0.476554 0.052804
v -0.169734 0.379565 -0.041855
v -0.114233 0.310404 0.038633
v 0.023114 0.360176 0.153354
v -0.036683 0.371750 -0.022915
v -0.061006 0.613088 -0.165945
v -0.133684 0.279811 0.107952
v -0.113417 0.385749 -0.041979
v -0.040631 0.197030 0.086909
v -0.361770 0.420770 0.091827
v 0.304899 0.444714 -0.130317
v -0.157998 0.418083 -0.171172
v 0.096684 0.325391 0.048601
v 0.070957 0.365590 -0.174018
v 0.164173 0.603949 -0.053423
v 0.149410 0.144537 0.019502
v 0.025309 0.340514 0.151770
v 0.088929 0.370583 0.234492
v 0.054624 0.456529 -0.090925
v -0.228443 0.074065 0.091220
v -0.047962 0.601666 -0.235749
v 0.121717 0.278193 -0.124126
v 0.132308 0.150352 -0.051611
v 0.038609 0.163978 0.136430
v 0.055252 0.194828 -0.025815
v -0.195037 0.277709 0.098627
v 0.112476 0.385670 0.002678
v -0.182816 0.332267 -0.079782
v -0.335998 0.269984 0.108324
v -0.123511 0.490134 0.105445
v -0.008806 0.590015 0.043013
v -0.059390 0.458823 0.132338
v -0.156189 0.148993 -0.092821
v -0.142487 0.464480 0.090091
v 0.178063 0.380297 0.058727
v -0.033953 0.384934 0.028617
v -0.032620 0.277794 -0.097198
v -0.033690 0.660956 0.221249
v 0.064371 0.452242 0.237847
v 0.049904 0.510026 0.053149
v -0.209450 0.244340 -0.174606
v -0.082759 0.255428 0.093834
v 0.107222 0.500295 -0.093675
v -0.381888 0.217398 0.075353
v 0.101799 0.104637 0.238959
v 0.139173 0.110388 -0.099315
v 0.018750 0.273568 0.167832
v 0.097372 0.224315 -0.052454
v -0.059976 0.425813 0.124517
v 0.246210 0.123936 -0.087038
v 0.051866 -0.124567 0.070565
v -0.077247 0.453431 -0.026088
v 0.087845 0.518318 0.235772
v -0.086302 0.302468 -0.050577
v 0.076207 0.186192 -0.054158
v 0.009819 0.619219 -0.010252
v 0.396446 0.403558 -0.046293
v 0.107539 0.320292 0.090372
v 0.079788 0.126327 0.002241
v -0.203626 0.384781 0.056619
v 0.139887 0.256823 -0.003783
v 0.269437 0.082363 -0.182767
v -0.036977 0.450167 0.013997
v -0.148994 0.307765 0.170880
v -0.155578 0.501653 -0.091304
v -0.242216 0.563028 0.021478
v 0.053117 -0.052320 0.117235
v -0.151804 0.486372 0.009731
v -0.375669 0.331264 0.068122
v -0.116876 0.073475 -0.175121
v -0.019023 0.404591 0.007940
v 0.042140 0.118033 -0.075330
v 0.100068 0.338077 0.018276
v 0.001088 0.548221 0.187759
v 0.093607 0.236503 0.056214
v -0.100227 0.210329 0.062954
v 0.215260 0.367124 0.030473
v 0.244022 0.312765 0.174925
v 0.076215 0.467769 0.129519
v -0.053201 0.189345 0.089234
v -0.168169 0.422670 -0.168029
v 0.220067 0.477725 -0.057219
v -0.348312 -0.044177 0.275407
v -0.173065 0.198179 0.128559
v -0.085644 -0.093958 0.049252
v -0.114502 0.309549 -0.021059
v -0.047069 0.636442 -0.146033
v -0.053352 0.109860 -0.107731
v 0.180599 0.208052 0.217912
v -0.264192 0.643418 -0.048917
v 0.141910 0.283044 -0.096643
v -0.122836 0.190204 -0.075883
v 0.035130 0.558461 0.062388
v -0.046217 0.388848 -0.051289
v -0.052285 0.454712 0.203238
v -0.143491 0.519233 -0.094178
v 0.034079 -0.047553 -0.072289
v 0.201839 0.209590 0.006085
v -0.061615 0.247830 0.001872
v 0.042454 0.495696 0.169495
v -0.105412 0.098094 0.085192
v 0.125444 0.294663 0.062272
v -0.148053 0.267084 -0.121250
v 0.104859 0.565418 0.022677
v 0.155602 0.201236 0.228915
v -0.094693 0.709824 0.146781
v -0.081760 0.667273 0.063315
v 0.026471 0.301828 0.049435
v 0.005824 0.488475 0.125877
v 0.114427 0.245350 0.225861
v 0.129244 0.114289 0.150504
v -0.080903 0.296138 0.011298
v 0.088683 0.327649 -0.139568
v -0.227010 0.496971 -0.168539
v -0.165356 0.481855 -0.079311
v 0.230737 0.186439 0.002654
v -0.154984 0.496371 0.160093
v 0.012237 0.557601 -0.032808
v 0.209804 0.387002 -0.036663
v -0.057064 0.269245 -0.128263
v 0.052905 0.266179 0.146353
v -0.169633 0.562312 0.197539
v 0.061441 0.286661 0.105053
v -0.117941 0.351076 0.195617
v -0.125243 0.490394 0.113096
v -0.184726 0.165774 -0.125219
v 0.140162 0.342218 0.115225
v -0.141587 0.368990 -0.113579
v -0.127434 0.071506 0.067549
v 0.429745 0.040862 0.267542
v -0.114108 0.510800 0.178264
v 0.249165 -0.355809 -0.134411
v -0.072169 0.324505 0.150628
v -0.152927 0.375604 0.041766
v -0.196523 0.478688 0.100201
v 0.198690 0.488733 0.001711
v 0.135227 0.328034 0.013231
v -0.251538 0.539117 0.210965
v -0.068339 0.344462 -0.045312
v 0.076117 0.076322 -0.011235
v 0.120891 0.495656 0.111697
v -0.203614 0.517744 0.324370
v -0.154552 0.590492 0.095646
v -0.152171 0.632040 0.041025
v -0.188131 0.289092 -0.052682
v 0.223848 0.387837 0.086997
v -0.161776 0.371821 0.032480
v -0.001174 0.491176 0.098042
v -0.191610 0.041496 0.053640
v -0.030225 0.047984 -0.002775
v 0.191397 0.584426 -0.140559
v 0.124844 -0.017914 -0.065232
v 0.067907 0.430728 -0.172261
v -0.132434 0.325714 -0.105687
v 0.041963 0.101899 -0.012359
v 0.057915 0.602541 0.200188
v 0.081960 0.121710 -0.149048
v -0.064668 0.436568 0.350262
v -0.214784 0.546159 0.019348
v 0.176782 -0.074648 -0.056220
v 0.182979 0.225146 -0.066272
v -0.144738 0.000787 -0.077281
v -0.050373 0.248827 -0.109442
v -0.239505 0.494690 0.101038
v 0.006774 0.418031 -0.186045
v -0.014235 0.542747 0.270200
v 0.022301 0.569945 -0.129150
v 0.021417 0.535281 0.080080
v -0.022679 0.580192 0.144672
v -0.243215 0.714695 0.218321
v 0.111683 0.175795 0.010183
v -0.194019 0.269848 0.123904
v 0.179175 0.286233 -0.125583
v 0.084643 0.202342 0.305166
v -0.347741 0.509025 0.188425
v -0.133077 0.163962 -0.072428
v 0.221932 0.229346 -0.014084
v 0.021118 0.547577 0.215366
v -0.135011 0.124275 -0.135192
v 0.154061 0.371922 0.036740
v -0.109957 0.259921 0.058324
v -0.150782 0.571138 0.173544
v -0.014029 0.145799 -0.154203
v -0.208754 0.273010 0.135257
v 0.050183 -0.119579 0.075378
v -0.253901 0.132840 -0.063691
v -0.050097 0.396121 0.143254
v 0.046811 0.072883 0.107324
v 0.016627 0.138520 0.158274
v 0.021960 0.375419 0.121934
v 0.003762 0.476347 -0.101080
v 0.137076 0.421298 0.001512
v 0.276929 0.650315 -0.187086
v -0.216620 0.528997 0.128321
v -0.046598 0.292851 0.157341
v -0.142137 0.011732 0.075752
v -0.020656 0.626911 0.274008
v -0.008252 0.209370 -0.143686
v -0.341346 0.341669 -0.119672
v 0.094954 0.498535 0.201640
v -0.224765 0.735150 0.155907
v 0.109214 0.365467 0.046790
v 0.092699 0.264488 0.391266
v 0.073957 0.488410 -0.080756
v -0.049258 0.340558 -0.076261
v 0.049751 0.309225 0.137915
v -0.041639 0.103681 0.088922
v -0.024948 0.127551 0.026567
v 0.141651 0.639616 0.117324
v 0.150103 0.714349 0.432525
v 0.033514 0.573482 0.094178
v -0.199065 0.161821 -0.122101
v -0.185014 0.242249 0.167050
v 0.072838 0.426153 0.115984
v 0.047986 0.158142 -0.100574
v -0.024366 0.269830 -0.040156
v -0.022669 0.421279 0.115151
v -0.142424 0.368761 0.190843
v -0.078234 0.493228 0.049836
v -0.024069 0.473617 0.197801
v -0.020411 0.225827 0.063619
v -0.146682 0.476776 0.249485
v 0.176944 0.303329 0.130779
v 0.188005 -0.051836 0.161489
v 0.331463 0.424647 -0.067988
v -0.020143 0.451496 -0.027285
v 0.023101 0.226396 -0.135359
v 0.181534 0.262776 -0.014836
v 0.313834 0.595274 0.188464
v -0.061546 0.367746 0.027698
v -0.026973 -0.000935 0.123410
v 0.156549 0.529887 0.058389
v -0.009971 0.201458 -0.090231
v -0.132235 0.413957 0.178266
v -0.066016 0.089387 0.085986
v 0.128405 0.465035 -0.035294
v -0.048342 0.204814 -0.033291
v 0.020212 0.229907 -0.011345
v 0.110638 0.209947 -0.147120
v -0.255585 0.577446 -0.065658
v 0.025697 0.180516 -0.041844
v 0.220634 0.354103 0.176409
v -0.088264 0.402254 0.084924
v 0.015025 0.121746 0.231561
v -0.145431 0.280768 -0.238322
v 0.009908 0.092056 0.007483
v 0.058938 0.458332 0.147430
v -0.025125 0.283796 -0.041041
v 0.158575 0.368836 -0.167279
v 0.016573 0.381306 -0.113989
v -0.334133 0.404876 0.030939
v -0.033209 0.342866 0.084354
v 0.242838 0.564243 0.062494
v 0.140306 0.456882 0.118787
v 0.274043 0.335588 -0.033046
v 0.002028 0.376709 -0.223286
v -0.244094 0.426724 -0.016794
v 0.052663 0.325856 0.070695
v 0.142157 0.239186 -0.008125
v 0.137536 0.493196 0.265411
v -0.031163 0.681606 -0.000423
v 0.281408 0.489791 -0.146856
v 0.238596 0.162939 0.016242
v -0.066167 0.640556 -0.109348
v -0.158761 0.352482 0.018876
v 0.268737 0.586657 0.271840
v -0.125992 0.225290 -0.016186
v -0.233063 0.525914 0.281723
v -0.018997 0.583047 0.065185
v 0.131671 0.175380 0.096337
v -0.012935 0.252276 -0.206104
v -0.016961 0.445662 0.079083
v -0.025045 0.273526 -0.036852
v 0.041789 0.278933 -0.051690
v -0.106140 0.421466 0.136713
v 0.118291 0.430225 -0.124774
v -0.078704 0.661476 0.214806
v 0.055052 0.022406 -0.010261
v 0.192236 0.284009 -0.057417
v 0.199990 0.520245 0.234549
v -0.053916 0.513898 0.335112
v 0.252304 0.544679 0.063210
v -0.162543 0.386017 0.127939
v 0.152510 0.475126 0.313757
v 0.028118 0.508824 -0.022865
v 0.093989 0.383204 0.099071
v 0.094522 0.279578 -0.117319
v 0.122541 0.412282 0.197124
v 0.279574 0.136944 -0.024958
v -0.001048 0.325788 0.039792
v 0.270257 0.270113 -0.050867
v 0.063945 0.689850 0.229633
v -0.022216 0.300674 0.066562
v 0.014470 0.567787 0.038578
v -0.078287 0.161478 -0.088549
v 0.162153 0.411349 0.111924
v -0.241249 0.122540 0.172040
v 0.111107 0.610844 0.033430
v -0.103952 0.239207 -0.112564
v 0.247693 0.255441 -0.053030
v -0.260232 0.408655 -0.118214
v 0.205634 -0.160463 0.128871
v 0.183402 0.610091 -0.051017
v -0.275703 0.460169 0.045944
v 0.123790 0.617458 -0.021939
v 0.006765 0.437519 0.375358
v -0.038547 0.578639 0.048630
v -0.030482 0.623517 0.077853
v 0.296133 0.422596 -0.143084
v 0.030596 0.470257 0.148638
v -0.039770 0.241849 0.048229
v -0.037509 0.164919 -0.075033
v 0.226181 0.419104 0.107592
v -0.064966 0.369837 0.205387
v 0.122318 0.349231 -0.002111
v -0.148097 0.312764 -0.027923
v -0.223127 0.257913 0.085016
v -0.075069 0.292767 0.060854
v -0.012573 0.329663 0.082556
v 0.223649 0.527361 -0.217832
v -0.039762 0.125140 0.059198
v -0.098796 0.484985 -0.125330
v -0.147635 0.203527 0.049720
v -0.068036 0.329448 0.020390
v -0.195036 0.215536 -0.010551
v 0.204121 0.053529 -0.053642
v 0.002377 0.649089 0.130028
v -0.218524 0.380943 0.155890
v 0.166425 0.261740 -0.020837
v -0.049937 0.440203 0.005290
v -0.078343 0.128631 0.089241
v 0.348400 0.131029 0.047014
v -0.191810 0.411148 0.038822
v 0.055818 0.161588 0.214744
v 0.027462 0.269427 0.106835
v -0.409406 0.639030 0.065254
v 0.057998 0.509596 0.013549
v -0.195408 0.520162 0.065626
v -0.128704 0.131586 0.254868
v 0.183094 0.348152 0.293083
v -0.134603 0.035869 0.155326
v -0.027836 0.558999 0.260552
v -0.218852 0.574548 0.223003
v -0.259522 0.253838 0.006055
v 0.133193 0.036577 -0.224262
v 0.139252 0.581495 0.029570
v 0.006573 0.276805 -0.129646
v 0.097020 0.401627 -0.074658
v 0.022345 0.201240 -0.115465
v -0.080691 0.623397 0.003987
v 0.180375 0.338368 0.032470
v 0.204016 0.739628 0.182110
v -0.006737 0.288844 0.135003
v 0.098510 0.402137 -0.061287
v -0.003729 0.642129 0.227780
v -0.068579 0.188552 -0.058507
v 0.023314 0.537503 0.348497
v -0.011771 0.269615 0.047175
v -0.088855 0.231800 -0.118827
v 0.019495 0.200445 0.012428
v 0.025856 0.256329 -0.133262
v -0.063777 0.357075 0.042049
v 0.060225 0.318136 -0.194490
v -0.009313 0.215573 0.074912
v -0.148657 0.154133 -0.106814
v -0.039924 0.336191 0.212266
v -0.221762 0.215935 -0.062126
v -0.046072 0.395816 -0.311775
v -0.055058 0.474357 0.059173
v 0.136662 0.578127 -0.070305
v -0.068693 0.134239 -0.094798
v -0.064932 0.393557 -0.161829
v 0.090652 0.048517 -0.046464
v -0.079985 0.492774 0.095150
v 0.024859 0.162506 0.167283
v 0.165088 0.145406 -0.007890
v 0.048097 0.410746 0.056038
v -0.055607 0.107303 0.112913
v -0.164027 0.523423 0.135196
v -0.092052 0.472235 0.216596
v -0.010264 0.459561 0.100975
v 0.048937 0.453446 0.028240
v 0.099256 0.168348 -0.211522
v 0.029023 0.381288 0.032810
v 0.138907 0.141022 0.092770
v -0.013528 0.130005 0.002638
v 0.197963 0.166623 0.144245
v -0.230862 0.493862 0.091173
v 0.064282 0.503585 -0.084397
v 0.150499 0.560385 -0.002078
v -0.097075 0.497279 -0.011239
v 0.008341 0.520937 0.092373
v 0.035723 -0.035444 0.003646
v -0.108013 0.321671 0.007521
v 0.030686 0.437251 0.067895
v 0.143700 0.274784 0.294092
v -0.124511 0.277213 0.124252
v -0.049419 0.363147 -0.022122
v 0.022835 0.298349 -0.049752
v 0.150212 0.422671 0.043766
v 0.199726 0.519333 0.256819
v 0.006802 0.334853 0.123843
v 0.005456 0.729487 0.063464
v 0.053104 0.285109 -0.055811
v -0.007404 0.592557 0.144854
v 0.021973 0.297034 0.062938
v 0.113380 0.488478 -0.198646
v -0.222659 0.414105 -0.026153
v -0.104092 0.618015 0.224586
v 0.121682 0.725546 0.026154
v 0.074349 0.671724 0.007609
v -0.174150 0.305645 0.121363
v -0.070937 0.369046 0.118735
v 0.275837 0.389901 -0.048230
v -0.229309 0.293491 0.031406
v 0.075627 0.402763 0.164440
v -0.008226 0.649915 0.003561
v -0.072934 0.516020 0.231992
v -0.155366 0.545924 0.136948
v -0.179767 0.389204 -0.048302
v -0.195707 0.056186 0.050720
v 0.022826 0.221532 0.092999
v -0.097779 0.165507 0.084129
v 0.233151 0.542229 0.125104
v -0.188139 0.510472 0.076258
v -0.182871 0.273821 0.304187
v 0.158901 0.171519 -0.048481
v -0.075376 0.533271 -0.125843
v 0.040974 0.063692 0.012071
v 0.240314 0.274309 0.107128
v -0.295537 0.223025 0.110575
v -0.267001 0.621250 0.061151
v -0.061794 0.591068 0.144974
v 0.033767 0.576254 0.108091
v 0.175017 0.031043 -0.093102
v 0.008048 0.578009 0.098732
v -0.101965 0.137607 -0.122821
v 0.038216 0.389698 0.195234
v -0.174836 0.313028 -0.033527
v -0.127662 0.430392 0.244401
v 0.072228 0.361647 0.159542
v -0.224718 0.275948 0.038627
v 0.195901 0.374504 -0.212604
v -0.213049 0.604466 0.099390
v -0.009964 0.152493 -0.000727
v 0.092902 0.250374 0.080220
v -0.024010 0.298481 0.235067
v 0.166490 0.477044 0.063137
v 0.050007 0.407732 -0.073642
v -0.120753 0.249613 -0.400960
v 0.039504 0.522465 -0.037830
v -0.014004 0.346032 0.207224
v 0.066272 0.642938 -0.105729
v 0.128297 -0.204772 -0.095957
v -0.035546 0.191305 0.061811
v -0.181075 0.470268 0.090329
v 0.126916 0.320249 -0.023308
v 0.191145 -0.064248 -0.102822
v 0.146896 0.508833 0.025442
v 0.052401 0.521250 0.177829
v -0.128460 0.533607 0.126835
v 0.099430 0.356972 -0.020328
v 0.018876 0.385144 0.312507
v -0.018662 0.821718 0.106527
v -0.248799 0.453237 0.115307
v 0.135091 0.522926 -0.048919
v -0.223203 0.345582 -0.124452
v 0.003332 0.165969 0.152921
v 0.336083 0.199511 0.064183
v 0.066620 0.641825 -0.173205
v 0.034174 0.492856 -0.110828
v -0.053587 0.339674 -0.200404
v 0.073533 -0.171511 0.131036
v 0.277270 0.273750 0.023041
v 0.208860 0.375806 -0.154519
v -0.058604 0.138260 0.227603
v 0.135220 0.225561 -0.044707
v -0.106599 0.279242 -0.126383
v 0.240977 0.286189 -0.142820
v 0.089503 0.301964 0.051042
v -0.099897 0.237108 0.224971
v -0.125573 0.545533 0.193916
v -0.007333 0.843409 0.000333
v -0.079381 0.515496 0.292856
v -0.148595 0.280234 0.155487
v -0.185193 0.302602 -0.022957
v -0.069780 0.403185 -0.110753
v 0.219581 0.318677 -0.077282
v -0.109486 0.165554 0.050944
v 0.216021 0.493194 0.256271
v -0.183720 0.305051 -0.056261
v 0.308804 0.336206 -0.063775
v -0.216923 0.652642 -0.033244
v 0.002400 0.522294 -0.132494
v -0.087007 0.388445 0.223659
v -0.082066 0.295201 0.153740
v -0.023793 0.437267 -0.007031
v -0.025271 0.141912 -0.139701
v -0.079197 0.242829 0.116071
v -0.126063 0.326166 -0.012367
v -0.091346 0.742606 0.145606
v -0.163961 0.233621 -0.111982
v 0.085249 0.059483 0.042917
v -0.001790 0.081599 -0.103355
v -0.069219 0.169716 -0.050848
v -0.371339 0.259911 0.092339
v -0.116267 0.278778 -0.262714
v 0.072701 0.341684 0.172650
v -0.015737 0.320455 0.141327
v 0.127935 0.541435 0.008032
v 0.155088 -0.101888 0.249149
v -0.217088 0.604473 0.105501
v -0.234773 0.270403 0.106659
v 0.049738 0.392775 0.067752
v -0.048205 0.486318 0.217795
v -0.127776 0.462019 -0.122845
v 0.043661 0.650756 0.262806
v -0.069034 0.073545 0.123877
v 0.324253 0.285590 -0.000559
v 0.065946 0.546695 0.072910
v -0.226254 -0.008511 -0.035297
v 0.175039 0.458813 -0.221070
v 0.026097 0.354404 -0.023031
v 0.024190 0.289259 -0.248158
v -0.176317 0.423680 -0.036217
v -0.140631 0.438490 -0.088113
v -0.040892 0.449295 0.058176
v -0.015404 -0.045098 0.079354
v 0.022890 0.301621 -0.032301
v 0.075451 0.192684 0.085595
v 0.178588 0.237166 -0.216727
v 0.058025 0.109663 0.062337
v 0.107255 0.000107 0.063312
v 0.008756 0.064968 0.075325
v -0.035623 0.134596 0.029227
v 0.291030 0.200217 0.210358
v -0.061195 0.214658 -0.011296
v -0.162611 0.336783 -0.075663
v 0.184858 0.208521 0.009761
v -0.088961 0.554189 0.304621
v -0.078263 0.472677 0.098294
v 0.091857 0.475233 -0.130974
v -0.059960 0.091342 0.034690
v 0.207306 0.355935 0.113192
v -0.054650 0.267048 0.106797
v 0.187781 0.546807 0.166514
v -0.096878 0.430776 0.110018
v -0.018537 0.445436 -0.046398
v -0.130190 0.082109 0.090091
v 0.195746 0.441612 0.269012
v 0.077009 0.157662 -0.060562
v 0.028513 0.223726 0.014881
v 0.197085 0.300454 0.134095
v 0.100418 0.445406 -0.117321
v -0.013771 0.532641 -0.008980
v -0.123212 0.413253 0.190934
v -0.013075 0.188192 0.108622
v -0.232999 0.483301 0.105922
v -0.067674 0.420974 -0.108312
v -0.062448 0.056085 -0.132750
v 0.157177 0.532473 0.153578
v -0.102264 0.351362 -0.042976
v 0.320263 0.363753 -0.092298
v -0.220495 0.543781 0.207905
v 0.110814 0.311544 0.030577
v -0.027076 0.362070 0.124544
v 0.125097 0.453397 -0.090278
v 0.248139 0.275265 -0.023849
v -0.076399 0.190378 0.081754
v 0.158548 0.387287 0.188565
v -0.008980 0.609704 0.129314
v 0.100063 0.037812 0.019932
v 0.063012 0.700657 0.255243
v -0.078463 0.468700 0.153105
v 0.043615 0.492062 -0.016098
v -0.077252 0.864415 0.128826
v 0.100873 0.361179 0.014530
v 0.045864 0.440533 0.049787
v -0.119958 0.598246 0.172447
v -0.013013 0.247744 -0.002158
v 0.162819 0.221640 -0.067304
v -0.294548 0.602426 0.089874
v 0.123864 0.007122 -0.011615
v -0.194583 0.563087 -0.038078
v -0.043709 0.144334 0.036487
v 0.304176 0.377460 0.078680
v 0.164788 0.356135 -0.155722
v -0.221080 0.392143 -0.110400
v -0.020810 0.296523 -0.121311
v -0.150814 0.584948 0.180150
v 0.070759 0.398937 0.256203
v -0.132369 0.210929 0.066444
v 0.141159 0.500926 0.231572
v -0.108859 0.235647 0.035747
v -0.104256 0.294210 -0.078503
v -0.024960 0.020636 -0.172676
v -0.189202 0.569235 0.275271
v -0.182827 0.440688 -0.212264
v -0.183539 0.657314 0.220849
v -0.161889 0.184352 0.070663
v 0.042162 0.001671 -0.099116
v 0.069171 0.455320 0.027351
v 0.147236 0.578491 0.132034
v -0.090148 0.239804 0.002755
v 0.058149 0.216133 0.392549
v 0.102261 0.125511 -0.055743
v 0.008599 0.436920 0.202560
v -0.384561 0.230773 0.235044
v -0.158199 0.235642 -0.021252
v 0.132520 0.650198 0.136710
v -0.036865 0.204803 -0.138202
v 0.072530 0.232540 -0.203145
v 0.074596 0.398572 0.072428
v -0.180177 0.203969 -0.154265
v -0.216565 0.455049 0.278462
v -0.115779 0.642461 0.032572
v -0.037574 0.561162 0.040229
v -0.056814 0.239612 0.119523
v -0.140490 0.130598 0.078661
v 0.226026 -0.019798 -0.017011
v 0.262315 0.167399 0.140256
v -0.361638 0.211647 0.086620
v -0.073654 0.482046 0.049747
v -0.197084 0.504192 0.120256
v 0.162466 0.139849 0.085940
v -0.068268 0.296634 0.080863
v -0.156139 0.342209 0.139968
v -0.107116 0.462127 0.054695
v 0.164393 0.264039 0.006183
v 0.102203 0.514513 -0.004590
v -0.203163 0.059755 -0.127927
v 0.170637 0.764902 0.121240
v 0.103207 0.584112 -0.036842
v 0.148912 0.702423 -0.065268
v 0.151447 0.360799 0.373750
v -0.209847 0.457956 0.266517
v -0.140239 0.787716 0.027602
v -0.093958 0.746914 0.148328
v -0.053141 0.597305 0.062855
v 0.180625 0.473662 0.203520
v -0.234033 0.463832 0.199543
v 0.061154 0.616482 -0.046480
v 0.310823 0.560571 0.200139
v -0.398838 0.787026 0.040020
v 0.178030 0.798720 0.091333
v 0.162439 0.875735 0.180266
v -0.245070 0.614378 -0.158983
v 0.028754 0.694701 -0.034948
v -0.198842 0.640043 0.183083
v -0.068711 0.656539 0.344858
v 0.159728 0.575152 0.165209
v 0.085492 0.481733 0.191968
v 0.226135 0.630892 0.281710
v 0.051710 0.506489 0.306579
v 0.257886 0.582739 0.003729
v 0.111646 0.484731 0.001153
v 0.005425 0.442554 -0.023515
v -0.028199 0.706457 -0.011462
v -0.157261 0.625257 -0.034131
v 0.226152 0.710219 0.140507
v 0.195619 0.476706 0.242088
v -0.147667 0.596287 -0.000176
v -0.284835 0.596647 0.288232
v -0.276723 0.479832 0.034607
v -0.075685 0.547513 -0.087367
v -0.116499 0.591975 0.195884
v 0.101884 0.507038 0.254006
v 0.090140 0.510459 0.062836
v -0.240354 0.538476 0.073988
v -0.004817 0.494418 -0.101968
v 0.177774 0.493677 0.054704
v 0.120765 0.731427 0.057934
v -0.218348 0.700281 0.152635
v -0.168067 0.393831 0.303347
v -0.085073 0.441012 0.034913
v 0.010764 0.617944 0.101390
v 0.268371 0.784075 -0.024914
v 0.050985 0.501133 0.025101
v 0.022184 0.255032 0.104615
v 0.140961 0.369731 -0.103442
v -0.061300 0.528301 0.044205
v -0.061442 0.431963 -0.010603
v -0.033452 0.430948 0.011371
v 0.113366 0.786063 0.200868
v -0.107020 0.458511 0.272526
v 0.116453 0.506440 0.182292
v -0.094082 0.842242 0.104845
v 0.124508 0.802539 0.363370
v -0.049487 0.373221 0.015113
v -0.240934 0.704808 0.240107
v 0.017059 0.524682 0.242015
v 0.088626 0.685473 0.099585
v 0.148047 0.613338 0.281795
v 0.206894 0.612904 -0.075825
v 0.353748 0.441528 -0.113823
v -0.112472 0.702836 0.151259
v 0.224403 0.648082 0.112303
v -0.053165 0.530813 0.071276
v 0.157695 0.770615 0.093770
v 0.066866 0.675166 0.210158
v 0.175493 0.683582 -0.048529
v -0.283584 0.648383 0.193063
v 0.057196 0.546310 -0.023303
v -0.011615 0.403277 -0.191923
v -0.045113 0.661336 -0.012241
v 0.233579 0.638743 0.209679
v 0.013077 0.582533 0.119520
v -0.055064 0.616508 0.286038
v 0.031040 0.742406 0.263373
v 0.152222 0.932304 0.139844
v -0.050155 0.480927 0.204248
v 0.317729 0.518688 -0.027679
v 0.035562 0.766299 0.146972
v -0.246607 0.754837 -0.036044
v 0.204558 0.438545 0.023771
v 0.043119 0.487964 0.082263
v -0.166469 0.455389 0.117288
v 0.006947 0.723081 0.166608
v 0.058054 0.619437 -0.097642
v -0.041351 0.708635 -0.002820
v 0.023357 0.716677 -0.119313
v -0.141209 0.575462 0.394387
v -0.207278 0.301798 0.152282
v 0.002881 0.241275 -0.210386
v 0.084394 0.518408 0.061672
v 0.236567 0.708804 0.012786
v -0.131832 0.740063 0.145749
v 0.266941 0.474119 0.096853
v 0.084399 0.708987 -0.069427
v 0.113679 0.696454 -0.010012
v 0.009057 0.675174 -0.070851
v 0.226714 0.555766 0.017161
v -0.010862 0.568381 0.240852
v 0.084643 0.481697 0.025130
v -0.133996 0.653970 0.157932
v -0.004006 0.383172 0.108276
v -0.069760 0.633416 -0.046611
v -0.013488 0.183195 -0.113016
v -0.207091 0.571395 0.128302
v 0.034479 0.292120 0.028650
v -0.172644 0.676705 0.108458
v -0.085921 0.867255 0.182812
v -0.083794 0.643026 -0.075986
v 0.077286 0.711012 -0.008355
v -0.032955 0.606377 0.277233
v 0.069057 0.600563 0.034972
v 0.012324 0.518617 0.254630
v -0.197711 0.529688 0.212189
v -0.055847 0.498202 0.175087
v 0.124769 0.506319 0.150925
v 0.112100 0.663278 0.022549
v -0.145674 0.738022 0.000213
v 0.176921 0.747050 0.333056
v -0.084154 0.995602 0.165564
v -0.085583 0.453876 0.005816
v 0.196914 0.520181 0.017070
v -0.054347 0.911488 0.329954
v 0.077524 0.558600 0.044259
v -0.231461 0.743990 0.082208
v 0.116135 0.587267 0.028853
v -0.140273 0.669979 0.077096
v 0.343475 0.671818 0.035851
v -0.049989 0.479379 0.085417
v 0.131176 0.441126 -0.125135
v 0.159508 0.469479 0.185317
v 0.093169 0.636396 0.089556
v -0.012450 0.509072 0.129578
v -0.051081 0.700787 0.112784
v 0.125239 0.908713 0.235241
v 0.217494 0.599244 0.081393
v 0.050309 0.912217 0.253543
v -0.001611 0.711540 -0.104524
v 0.253164 0.556078 0.048294
v 0.036172 0.498949 -0.143869
v 0.075534 0.572673 0.128497
v -0.126882 0.393493 -0.185924
v 0.219926 0.460438 0.064632
v -0.153320 0.436215 0.113756
v -0.033255 0.796552 0.042823
v -0.083513 0.225311 0.180222
v -0.158505 0.538604 0.199968
v 0.206580 0.404682 0.075768
v 0.196945 0.688533 0.195257
v -0.182142 0.763572 -0.022181
v 0.105689 0.539741 0.179954
v -0.050697 0.637448 0.111490
v -0.066450 0.660398 0.289573
v -0.000742 0.607957 -0.026891
v 0.074447 0.654921 0.061537
v -0.042182 0.474452 0.110735
v 0.076135 0.594791 0.162482
v -0.046332 0.709561 0.026240
v -0.328620 0.510612 0.075149
v 0.169805 0.999497 0.087437
v 0.146938 0.492440 0.035476
v 0.111266 0.650206 0.005213
v 0.296791 0.399486 0.036677
v -0.272234 0.637291 -0.014805
v -0.169334 0.808965 0.235220
v -0.091873 0.651326 0.242440
v -0.055215 0.939821 0.175091
v 0.155293 0.476609 0.079151
v 0.135506 0.424435 0.098844
v 0.302264 0.258940 0.043049
v -0.209138 0.819031 0.380259
v 0.045200 0.676887 -0.047019
v -0.074783 0.570505 -0.066999
v 0.265619 0.647397 0.097704
v -0.252889 0.642899 0.188297
v 0.102583 0.402873 0.328173
v -0.047447 0.336093 -0.169381
v 0.077042 0.473328 0.259481
v -0.224900 0.629718 0.072004
v -0.241827 0.747508 0.234737
v -0.044030 0.833505 0.187672
v -0.257844 0.793099 0.199820
v -0.135754 0.593319 0.103073
v 0.346309 0.606855 0.104991
v 0.169869 0.497012 0.252645
v 0.040869 0.790566 0.288790
v -0.098903 0.294469 0.063082
v -0.116980 0.683199 -0.115420
v 0.183200 0.689973 0.007801
v 0.230917 0.802184 0.044813
v 0.097189 0.677009 0.128743
v 0.085113 0.710907 -0.063938
v -0.005931 0.516654 0.117867
v 0.207920 0.604962 0.173199
v 0.200215 0.398100 0.026999
v 0.081866 0.741064 -0.114634
v -0.022561 0.478371 0.106110
v -0.236275 0.476276 0.075107
v -0.005298 0.589049 0.051644
v -0.024025 0.355966 -0.153004
v 0.025016 0.648726 -0.039119
v -0.212960 0.540362 -0.121925
v -0.129819 0.702098 0.121556
v 0.259371 0.475819 0.142412
v -0.141832 0.261344 0.052191
v -0.153595 0.673497 0.059076
v -0.242921 0.558043 0.034265
v -0.305117 0.659746 0.192956
v -0.153887 0.352923 -0.008774
v 0.228765 0.550615 -0.072241
v 0.005291 0.472939 0.314119
v 0.231342 0.629992 0.271783
v -0.230562 0.405953 0.041816
v 0.165569 0.576640 0.137004
v 0.219890 0.446670 0.133413
v -0.098609 0.724775 0.160512
v -0.037671 0.429491 0.034380
v -0.272169 0.358000 -0.187425
v -0.183271 0.459682 0.101703
v -0.036180 0.818819 -0.020758
v 0.167500 0.563130 0.085822
v 0.070176 0.380597 0.219064
v 0.064043 0.726109 0.163781
v -0.204351 0.535174 -0.064630
v 0.001558 0.543505 0.155880
v -0.208273 0.689875 0.227587
v -0.157432 0.676289 0.117034
v -0.041092 0.405538 0.153166
v -0.016033 0.545331 0.260607
v 0.375426 0.541864 0.067712
v -0.048138 0.531454 0.314358
v 0.114158 0.522678 -0.044638
v 0.126416 0.726809 0.267925
v -0.360468 0.785280 0.094310
v -0.094612 0.719694 0.242467
v 0.103910 0.554689 0.115879
v 0.079806 0.444592 0.235026
v 0.129474 0.639319 0.040474
v -0.169952 0.542364 -0.008810
v -0.132499 0.352252 -0.078081
v -0.115775 0.644080 0.239828
v -0.112271 0.581335 0.071961
v 0.181642 0.714156 0.131610
v 0.070301 0.394161 0.261697
v -0.072973 0.483306 -0.101443
v -0.160236 0.429579 0.052679
v 0.243715 0.402607 0.131273
v -0.020318 0.654300 -0.134310
v 0.069631 0.596049 -0.055319
v 0.175126 0.650130 0.083802
v -0.020797 0.856384 0.190304
v -0.007615 0.621929 0.173319
v -0.120790 0.568760 0.270634
v -0.016688 0.528637 -0.012799
v 0.187041 0.665382 0.272646
v -0.146777 0.637087 0.193099
v 0.114280 0.521540 0.014306
v -0.162229 0.570775 0.320882
v -0.028196 0.700375 0.202719
v 0.034287 0.448111 -0.129836
v 0.047127 0.609256 0.055673
v -0.370143 0.620339 0.156005
v 0.007880 0.368392 -0.026401
v -0.197178 0.864294 0.157247
v -0.238993 0.745126 0.312172
v 0.057231 0.856065 0.014439
v -0.049191 0.535066 -0.047910
v -0.061973 0.606797 0.053669
v -0.196166 0.696038 0.110577
v -0.336193 0.464467 0.126668
v -0.077362 0.473175 -0.045168
v 0.011149 0.607797 0.272057
v -0.090781 0.569670 0.032085
v 0.180830 0.376311 -0.037872
v 0.154859 0.704744 0.113385
v -0.027772 0.514020 0.018808
v -0.051895 0.480734 0.073778
v -0.216318 0.572075 0.112617
v -0.299276 0.766962 0.188306
v 0.190281 0.602396 0.183111
v -0.135860 0.747656 0.085587
v 0.043439 0.513270 0.206265
v 0.071078 0.615240 0.130160
v -0.136017 0.641458 0.265342
v 0.014236 0.643742 0.427270
v -0.011920 0.322515 -0.016691
v 0.062649 0.805393 0.246258
v -0.217573 0.638951 0.241575
v -0.279887 0.689195 0.254246
v -0.024393 0.382656 -0.053384
v 0.105536 0.533423 -0.023440
v 0.074165 0.730234 0.198801
v 0.105418 0.385568 0.008719
v 0.165499 0.644104 0.033100
v 0.149373 0.549332 0.093949
v -0.251740 0.658164 0.345652
v -0.074285 0.525231 0.099000
v -0.064445 0.611109 -0.066096
v -0.060022 0.446083 -0.018687
v 0.050170 0.783466 0.105408
v 0.080261 0.467137 0.105346
v -0.106208 0.764349 0.085723
v -0.136979 0.429864 0.286407
v 0.243237 0.284969 0.023529
v -0.134197 0.675799 0.163119
v -0.212267 0.217655 0.020191
v -0.138192 0.379345 0.125786
v 0.157858 0.603226 -0.019646
v 0.060887 0.478426 0.113387
v -0.091409 0.682864 -0.115153
v -0.122904 0.320403 0.051286
v -0.200345 0.609811 0.353438
v -0.117155 0.749692 0.202228
v 0.149665 0.519691 0.136086
v 0.012042 0.552665 0.137719
v 0.094785 0.658463 0.101628
v -0.069836 0.351671 -0.014967
v -0.134734 0.670345 -0.040783
v -0.317493 0.612856 0.045432
v 0.120116 0.711350 0.095091
v 0.082143 0.607890 0.302770
v 0.148872 0.475059 -0.002618
v 0.197755 0.494392 0.010927
v -0.149844 0.558093 -0.072032
v -0.046027 0.313107 0.173564
v 0.254792 0.740711 0.178778
v -0.062197 0.986554 0.056079
v 0.161855 0.738343 0.256161
v 0.251911 0.626874 0.241240
v -0.075250 0.346639 0.142875
v 0.039144 0.530706 0.100297
v 0.291170 0.660387 0.122011
v 0.236141 0.421977 -0.048249
v 0.278964 0.524777 0.338685
v -0.158403 0.663368 0.081120
v 0.038462 0.562420 0.141447
v 0.172246 0.500976 0.085218
v 0.307893 0.548549 -0.047148
v 0.058332 0.547046 0.162511
v 0.248924 0.413410 0.049069
v -0.074243 0.584261 -0.044628
v 0.186728 0.618297 0.144498
v 0.073349 0.176898 -0.001385
v -0.229549 0.577355 0.047600
v 0.096940 0.657771 0.134335
v -0.046582 0.320477 0.090007
v -0.006658 0.485172 0.121163
v -0.006983 0.361121 0.222296
v 0.119694 0.681704 -0.175109
v 0.119736 0.795709 0.049107
v -0.308276 0.626844 0.219174
v 0.012982 0.518435 0.210800
v 0.074308 0.624720 0.213594
v 0.031424 0.923234 0.174684
v 0.135562 0.491510 0.363349
v 0.361188 0.592586 0.312180
v 0.208433 0.740955 0.319817
v -0.180328 0.517422 -0.137642
v -0.184197 0.462876 0.054459
v 0.000917 0.543647 -0.067175
v -0.059515 0.733106 0.016338
v -0.044723 0.690026 0.120251
v 0.329514 0.823610 0.237892
v 0.153975 0.598400 0.090413
v 0.204473 0.641136 0.216546
v 0.245343 0.607044 0.142057
v -0.110845 0.234201 0.039581
v -0.010616 0.459448 0.259140
v -0.108799 0.798362 0.165607
v 0.051196 0.330982 0.075299
v -0.372241 0.589393 0.307634
v 0.103667 0.606674 -0.031881
v -0.205681 0.502443 0.180112
v -0.360705 0.865588 0.324245
v -0.212723 0.446867 0.125422
v 0.227402 0.477400 0.241942
v 0.140203 0.358708 0.123200
v 0.076490 0.615711 0.113496
v 0.196943 0.361811 0.105425
v 0.051891 0.777347 0.242371
v -0.051904 0.626341 0.049087
v -0.118216 0.673158 0.242318
v -0.138804 0.494617 0.216557
v 0.182071 0.578731 -0.045613
v 0.152795 0.696341 0.295385
v -0.062357 0.665733 -0.055873
v 0.296913 0.544777 0.172407
v -0.246292 0.310414 -0.039008
v 0.116878 0.760264 0.282912
v 0.027586 0.770837 0.210616
v 0.327482 0.732131 0.226776
v -0.264672 0.469577 0.238643
v -0.157891 0.371201 0.097616
v 0.072221 0.655011 0.171227
v 0.080615 0.575463 0.251915
v -0.156587 0.751579 0.399082
v -0.278495 0.528422 0.202605
v 0.039370 0.438859 0.098696
v 0.055383 0.442382 0.026499
v 0.209806 0.751242 -0.014800
v 0.309169 0.381377 0.077153
v -0.308696 0.694133 -0.026014
v -0.362485 0.521323 -0.041417
v 0.157920 0.562417 0.121377
v 0.044059 0.754477 0.171409
v -0.300145 0.430146 0.230461
v 0.183693 0.616016 -0.072530
v -0.059767 0.645780 0.017254
v 0.295763 0.767442 -0.046656
v -0.202721 0.796067 0.190194
v -0.055071 0.580083 0.254925
v 0.337055 0.558724 0.159353
v 0.243602 0.293923 0.173948
v 0.036775 0.595903 0.049272
v -0.147133 0.496369 0.233064
v -0.167960 0.422824 0.223678
v 0.154241 0.658055 0.090614
v 0.107177 0.537461 0.047776
v 0.289431 0.497436 0.179637
v 0.098099 0.672180 0.134044
v 0.096055 0.292039 0.089069
v 0.354309 0.525351 0.092114
v -0.073108 0.663227 0.065327
v 0.041330 0.578682 -0.082649
v 0.363510 0.464282 0.149155
v -0.157705 0.468428 -0.146675
v -0.026444 0.633892 0.241295
v 0.025032 0.820644 0.309663
v -0.102587 0.483970 0.132096
v 0.151304 0.312397 -0.040206
v -0.263974 0.693376 0.046648
v 0.207672 0.440387 0.167906
v -0.046386 0.586011 0.120702
v 0.071399 0.667079 0.115487
v -0.360218 0.465331 0.122945
v 0.001975 0.742572 -0.061237
v -0.115634 0.754539 0.151435
v 0.109103 0.423914 0.070321
v -0.000235 0.823560 0.159537
v -0.120716 0.559210 -0.060583
v 0.002545 0.563249 0.121030
v 0.034528 0.855853 0.315507
v 0.115060 0.799783 0.103954
v 0.298106 0.482428 0.159320
v -0.049872 0.486482 -0.025355
v -0.373858 0.493534 0.162919
v 0.150092 0.582850 0.140493
v -0.124986 0.390964 0.448101
v -0.194556 0.595730 0.081217
v -0.113546 0.533282 -0.036310
v -0.061904 0.441286 -0.159990
v -0.009669 0.802255 -0.078360
v 0.008004 0.346117 -0.113976
v 0.041388 0.619214 -0.001963
v 0.162070 0.652652 0.061717
v -0.270718 0.326802 0.020360
v -0.228869 0.646327 0.114220
v -0.353629 0.353484 0.044118
v -0.127709 0.350942 0.066462
v 0.292385 0.357257 -0.082898
v -0.056782 0.502741 0.083008
v 0.182180 0.593679 0.152126
v 0.280762 0.675768 0.135899
v -0.321355 0.646207 0.248091
v 0.047082 0.580764 0.204471
v -0.256647 0.413908 0.088525
v -0.083129 0.453781 0.062357
v -0.055678 0.514149 0.170842
v 0.070757 0.772519 0.298572
v -0.127971 0.477336 0.096721
v 0.034728 0.812257 0.120397
v -0.195987 0.630355 0.032244
v -0.026056 0.492015 -0.030324
v 0.057804 0.486784 0.283920
v -0.020536 0.346957 0.080224
v 0.183311 0.720318 0.166273
v -0.210044 0.133726 0.008619
v 0.029780 0.542336 0.285686
v -0.033422 0.558940 0.011516
v -0.116501 0.757785 0.185875
v -0.041942 0.277761 0.031386
v -0.053286 0.322614 -0.019436
v -0.091621 0.321868 0.067654
v -0.196776 0.506011 0.245075
v 0.162238 0.574664 0.121469
v 0.042266 0.783553 -0.007317
v -0.146290 0.655818 0.298516
v 0.312279 0.473546 0.240172
v -0.210096 0.378933 0.069957
v -0.395935 0.455414 0.079494
v 0.167224 0.461548 0.133546
v 0.090698 0.434871 0.251905
v -0.209602 0.414981 0.263782
v 0.243161 0.504190 0.052439
v 0.106537 0.607317 0.187693
v -0.052357 0.685822 0.119341
v -0.178014 0.814612 0.339327
v 0.004662 0.529220 0.108736
v 0.034512 0.716898 0.185776
v 0.076078 0.751281 0.320795
v 0.266268 0.874820 -0.073689
v 0.216095 0.544455 0.266089
v 0.371533 0.434018 0.166181
v 0.040488 0.801046 0.295688
v -0.004681 0.651555 -0.056803
v -0.093772 0.578677 0.006503
v -0.283371 0.548666 0.269637
v -0.035299 0.496096 -0.021610
v 0.170159 0.547779 -0.091992
v 0.041279 0.269550 -0.172019
v 0.048485 0.783228 0.030382
v 0.260305 0.632759 0.060872
v -0.245889 0.609919 0.117138
v -0.174464 0.672376 0.187924
v -0.034926 0.391263 0.113736
v -0.141116 0.696504 0.152522
v 0.356735 0.450147 0.022190
v -0.052783 0.449477 0.118826
v 0.225766 0.360636 -0.038151
v -0.157389 0.419055 0.081239
v 0.117238 0.736464 0.166072
v -0.166159 0.447839 0.091951
v 0.105073 0.712821 -0.067772
v -0.149501 0.614484 0.077313
v -0.178636 0.893889 0.101319
v 0.182785 0.747344 0.115493
v 0.137691 0.304054 0.151036
v 0.026733 0.490582 0.074599
v 0.225601 0.451350 -0.035920
v -0.026829 0.504767 0.067242
v 0.366691 0.484218 0.231266
v 0.301332 0.542592 0.223498
v -0.063853 0.551697 0.029815
v -0.225410 0.715631 0.102757
v 0.021582 0.733694 -0.114887
v 0.239400 0.576780 0.295712
v 0.067598 0.764734 0.129941
v -0.079816 0.824331 0.106455
v 0.024408 0.481788 -0.026325
v -0.165782 0.541972 0.119812
v -0.249796 0.444353 0.204952
v 0.025905 0.487321 0.209440
v -0.387388 0.647123 -0.193320
v 0.022684 0.539108 -0.108593
v -0.212957 0.462808 -0.025647
v 0.029522 0.512340 -0.048726
v 0.236834 0.481903 0.050787
v -0.038820 0.656685 0.215117
v -0.172626 0.999697 0.311686
v 0.264946 0.767025 0.114610
v -0.128801 0.528208 0.029734
v 0.277113 0.394020 0.041681
v 0.035632 0.604547 0.106957
v -0.117619 0.299299 0.049516
v -0.171284 0.477503 0.238850
v -0.000024 0.892394 0.171069
v 0.113797 0.866948 0.161963
v -0.230923 0.477647 -0.054137
v 0.341640 0.595091 0.378199
v -0.056429 0.780386 0.331135
v 0.257828 0.796893 0.140805
v 0.094617 1.093038 0.116997
v 0.013284 0.532228 0.295087
v -0.085206 0.753984 0.352008
v 0.159226 0.575417 0.034332
v 0.119590 0.459637 0.188404
v 0.151114 0.530792 0.144588
v 0.152175 0.763160 0.108309
v -0.078210 0.395655 0.060147
v -0.380332 0.697977 -0.124008
v 0.164132 0.683366 0.132724
v 0.030665 0.332823 0.195145
v 0.222062 0.605663 0.059688
v -0.028608 0.582095 0.189039
v 0.119418 0.539597 -0.018399
v -0.072383 0.899444 0.111695
v 0.025000 0.459597 0.207397
v -0.168844 0.538998 -0.043089
v -0.136731 0.428719 -0.071422
v 0.261926 0.538958 0.062793
v 0.252449 0.653254 0.154965
v -0.085596 0.700443 0.163077
v 0.145498 0.307958 -0.047913
v -0.074705 0.290498 -0.035458
v 0.051117 0.795926 0.349826
v -0.141136 0.845461 0.265663
v -0.235137 0.631163 -0.165681
v 0.196850 0.475305 0.337499
v -0.110267 0.544144 0.257077
v -0.106580 0.668000 0.299606
v 0.054058 0.681438 0.217908
v -0.167090 0.733975 0.314784
v 0.139089 0.649401 0.203865
v -0.076916 0.684839 0.278549
v -0.116944 0.411778 -0.138756
v -0.073279 0.903186 0.261159
v 0.128534 0.442274 -0.104659
v -0.098244 0.478010 0.251397
v -0.127229 0.768018 0.117334
v 0.230922 0.443728 0.086556
v -0.062956 0.370885 0.187865
v 0.108308 0.742767 0.072300
v 0.221505 0.647399 0.035417
v -0.028835 0.661934 0.063255
v 0.268923 0.554849 0.305581
v 0.194916 0.627358 0.210968
v 0.191431 0.606463 0.188010
v 0.245641 0.549737 0.145079
v 0.113019 0.607681 0.082700
v 0.016744 0.537611 -0.064328
v 0.191525 0.702634 0.133471
v 0.197786 0.467153 0.095570
v 0.103322 0.437701 0.018045
v -0.077616 0.562400 -0.104309
v 0.140477 0.686012 -0.102311
v -0.001414 0.954555 0.041768
v -0.098662 0.691252 0.314317
v 0.057080 0.530132 0.259409
v 0.102325 0.950815 0.262316
v -0.070486 0.743055 0.211168
v 0.280968 0.762090 0.231902
v -0.153566 0.604729 0.157930
v -0.262729 0.433924 0.282123
v 0.031419 0.535757 0.062190
v -0.108158 0.549048 0.219550
v 0.058429 0.758206 0.083693
v 0.279793 0.615736 0.052415
v 0.321391 0.747265 0.092554
v 0.260955 0.445380 -0.006512
v -0.147427 0.597394 0.147392
v 0.406705 0.405133 0.198502
v -0.382819 0.477274 0.352672
v -0.324931 0.418298 0.071839
v -0.055119 0.268222 0.218707
v 0.088046 0.536684 -0.101089
v 0.114512 0.781047 -0.068142
v 0.052043 0.437542 -0.319758
v -0.153870 0.692393 0.022715
v 0.147886 0.568187 0.163107
v -0.206195 0.361904 0.138954
v 0.083883 0.649682 0.222326
v -0.209125 0.409161 0.098760
v -0.258042 0.575039 0.053308
v 0.171249 0.686318 -0.099027
v -0.219456 0.683820 0.036562
v -0.326689 0.563418 0.171144
v -0.089588 0.409373 -0.145525
v -0.140949 0.506394 0.089109
v 0.029931 0.752500 0.106808
v -0.054677 0.287037 0.071485
v 0.261494 0.386868 0.067182
v -0.020938 0.436908 -0.020311
v -0.125944 0.572929 0.102328
v 0.144914 0.865911 0.143634
v -0.208103 0.613185 0.067935
v -0.117740 0.371890 0.131556
v -0.126967 0.342664 -0.054416
v -0.052898 0.770240 0.048714
v 0.034172 0.689282 0.010508
v -0.124346 0.577920 0.181917
v -0.113727 0.435062 -0.045069
v -0.272024 0.500685 0.285431
v 0.279786 0.531022 0.024231
v 0.292753 0.576275 0.063098
v -0.102732 0.436132 -0.025979
v -0.050048 0.367681 0.010990
v 0.127924 0.639841 0.321159
v 0.055672 0.517254 0.233310
v 0.069913 0.368996 0.272530
v 0.144056 0.702906 -0.239364
v -0.098890 0.568421 -0.020714
v 0.060728 0.749540 -0.133417
v -0.215280 0.446645 0.234746
v 0.050340 0.471633 -0.217451
v -0.007332 0.341418 0.074014
v 0.080617 0.606820 -0.044943
v -0.125917 0.852800 0.275612
v 0.063557 0.274058 0.099317
v 0.192033 0.643187 0.042298
v 0.271699 0.213446 -0.129982
v -0.142933 0.668386 0.263091
v -0.069416 0.852111 0.076788
v 0.027025 0.602121 0.360192
v -0.101319 0.510479 0.256644
v -0.140410 0.612890 0.078455
v -0.163762 0.274420 -0.074816
v 0.301527 0.466326 0.288160
v -0.061759 0.826371 0.153954
v -0.129911 0.448760 0.112316
v -0.344582 0.667820 -0.047419
v -0.098099 0.437268 -0.002591
v 0.140117 0.613771 0.137012
v 0.117292 0.643163 0.208074
v -0.135451 0.534755 0.043997
v -0.180182 0.541030 0.219061
v 0.054873 0.568068 -0.111508
v 0.054858 0.749875 0.029313
v 0.148015 0.678317 0.172402
v 0.021269 0.884067 0.079838
v 0.017744 0.347905 -0.304724
v 0.073850 0.336239 0.135585
v -0.200767 0.638050 -0.025664
v 0.308673 0.618390 0.125101
v -0.181402 0.345129 -0.154152
v -0.006421 0.572789 0.098930
v 0.064102 0.936666 0.164412
v -0.267682 0.607107 -0.209253
v -0.179566 0.587041 0.197096
v 0.481387 0.632781 0.083781
v 0.075372 0.607293 0.298934
v 0.163195 0.661948 0.124039
v -0.174053 0.749797 0.212235
v -0.098011 0.618451 0.099074
v 0.146276 0.296456 -0.025915
v 0.016116 0.336690 -0.062619
v 0.147767 0.512506 0.076636
v -0.260803 0.385517 -0.051194
v 0.277887 0.572506 0.054611
v -0.098036 0.477752 0.183832
v -0.225077 0.539369 0.221063
v -0.132106 0.213195 -0.129227
v -0.174666 0.654099 0.272197
v 0.046617 0.745001 0.131134
v -0.199402 0.432709 0.073082
v -0.164890 0.658254 0.128640
v 0.158061 0.496735 0.138486
v 0.030697 0.724952 -0.060723
v -0.353339 0.536296 0.324085
v -0.046980 0.845118 0.305691
v -0.194432 0.413609 0.422095
v -0.065099 0.554407 -0.076395
v -0.054605 0.788961 0.057450
v -0.149306 0.400181 -0.076751
v -0.217325 0.485482 0.254213
v -0.016778 0.694398 0.247022
v 0.109207 0.291416 -0.240500
v -0.031177 0.472123 0.022799
v -0.022205 0.627051 0.234841
v -0.118453 0.445597 0.195499
v 0.167655 0.533967 0.157441
v -0.031017 0.445547 -0.015908
v -0.125272 0.442916 0.074291
v 0.293758 0.429150 -0.022391
v -0.138882 0.475290 0.200690
v 0.160416 0.517473 0.216101
v 0.118551 0.713550 0.063044
v -0.141490 0.814606 0.316423
v -0.207041 0.345065 0.179208
v 0.068069 0.265232 -0.139069
v 0.036178 0.799968 0.180344
v -0.267343 0.658834 0.082828
v -0.098295 0.455475 0.144535
v 0.112902 0.538407 0.182056
v 0.172011 0.441364 -0.034275
v 0.098158 0.528740 0.019184
v 0.297984 0.447781 0.149243
v 0.164489 0.581061 0.184674
v 0.348930 0.628880 0.064405
v 0.110585 0.377763 0.037794
v 0.014989 0.784205 0.090924
v -0.107922 0.364471 0.090344
v 0.017444 0.768709 0.099219
v -0.025435 0.818853 -0.043082
v -0.036358 0.364292 0.095084
v -0.097912 0.573511 0.106351
v 0.192162 0.856422 0.317744
v -0.128205 0.484217 0.533438
v 0.058240 0.705123 0.092300
v 0.153376 0.673540 0.204542
v -0.205846 0.685146 0.194833
v -0.181247 0.527279 0.212937
v 0.035246 0.520817 0.134362
v 0.060637 0.398902 0.215987
v -0.122870 0.666328 0.011537
v -0.269361 0.598937 -0.078375
v 0.158788 0.546101 0.045606
v -0.148618 0.557420 0.301173
v -0.376550 0.632768 0.174724
v -0.251922 0.572929 -0.042816
v 0.151578 0.479014 0.028789
v 0.213416 0.580442 -0.043719
v -0.221851 0.339222 0.176889
v -0.253689 0.512923 0.043524
v 0.079802 0.561611 0.303316
v 0.044211 0.394821 0.143428
v 0.127146 0.428007 -0.088631
v -0.122113 0.634665 0.124814
v 0.222059 0.602435 0.171940
v -0.037737 0.604146 0.063612
v -0.054668 0.526937 0.179839
v 0.354592 0.711691 0.053361
v 0.271585 0.672849 0.180884
v -0.098413 0.428823 0.155981
v 0.007872 0.512890 -0.145238
v -0.072696 0.896488 0.148553
v -0.132422 0.753616 0.140556
v -0.070123 0.587265 0.207791
v 0.256336 0.572667 0.115317
v -0.160046 0.885424 0.331861
v 0.112672 0.673419 0.073603
v -0.099924 0.438504 0.124774
v 0.096420 1.051000 0.094456
v -0.123327 0.841183 0.056758
v 0.216651 0.695870 0.060681
v -0.214226 0.775831 0.198798
v 0.070018 0.823347 -0.152501
v 0.310397 0.520075 0.164405
v -0.058801 0.838000 -0.096084
v -0.268612 0.466376 0.245159
v 0.071542 0.756211 0.002866
v -0.042319 0.927913 0.155400
v -0.323322 0.657910 0.165281
v -0.177739 0.786476 0.500707
v -0.040450 0.898265 0.162174
v 0.114320 0.781114 -0.037040
v -0.171845 0.728223 0.124552
v -0.126461 0.970277 0.241876
v -0.052810 0.727075 -0.013840
v -0.301133 0.732334 0.158794
v -0.193421 0.846838 0.053377
v 0.122903 1.114567 0.095541
v 0.226365 0.473016 0.089148
v 0.175590 0.656714 0.371651
v -0.242691 0.721911 -0.007338
v -0.345611 0.683398 0.048383
v 0.376349 0.866594 0.033511
v 0.210684 0.797396 0.226136
v -0.197177 0.771301 0.284350
v -0.112183 0.823411 0.124016
v -0.225339 0.579451 0.013162
v 0.080705 0.863230 0.199331
v -0.102298 0.700361 0.281376
v -0.099615 0.593065 0.153284
v 0.398324 0.581686 0.373671
v 0.221839 0.554950 0.227703
v 0.185112 0.773609 0.012617
v -0.245132 0.925915 -0.203305
v -0.261371 0.830964 0.153719
v -0.231492 0.850791 0.230433
v -0.136999 0.786469 0.131265
v -0.237449 1.211595 0.174803
v -0.282901 1.020241 0.311974
v 0.397011 0.720071 0.327032
v -0.192356 0.828786 -0.040376
v 0.344539 0.637441 0.232798
v 0.017011 0.686985 0.248371
v 0.414084 0.938076 0.055173
v 0.046328 1.138236 0.151099
v 0.118346 0.972210 0.204854
v 0.265039 0.755418 0.221183
v 0.050341 0.894670 0.089184
v 0.272563 0.607777 0.415702
v -0.022577 1.148476 0.271824
v 0.270342 0.486563 0.090503
v -0.238111 0.755153 0.169714
v 0.267039 0.813211 0.026182
v 0.393661 0.627348 0.080288
v 0.157850 1.062322 0.121684
v 0.073309 1.023510 -0.091906
v -0.020668 0.692990 -0.051596
v -0.093172 0.867175 0.406845
v -0.410913 0.596425 0.235959
v -0.053147 0.865281 0.175494
v 0.234458 0.835522 0.022861
v 0.147087 0.897593 0.175486
v -0.234425 0.420984 0.182280
v -0.072603 0.887904 0.317941
v -0.295159 0.529618 0.243809
v -0.048025 0.835532 0.103628
v 0.064403 0.799587 0.085423
v 0.340410 0.645090 0.116577
v -0.210549 0.811907 0.036871
v -0.039437 0.614351 0.063372
v 0.225224 0.597578 0.132326
v 0.137056 0.725243 0.074157
v -0.012968 0.519032 0.107225
v 0.274711 0.533167 0.146295
v -0.062996 1.011535 0.473187
v -0.233282 0.480029 0.164057
v -0.008932 0.830341 0.109609
v 0.126129 0.614143 0.003045
v 0.235545 0.627377 0.113299
v 0.185275 0.726924 0.256888
v 0.087036 0.751812 0.047587
v -0.019657 0.927066 0.230029
v 0.373003 0.570260 0.051151
v 0.327891 0.788783 0.168718
v 0.002850 0.853790 0.179232
v -0.204315 0.643076 0.476892
v 0.124592 0.940907 -0.000826
v 0.166078 0.791747 0.072145
v -0.055658 0.982102 0.440683
v 0.070355 0.913430 0.036674
v -0.284126 0.703055 0.307979
v -0.263689 0.616536 0.264838
v -0.157423 0.649619 -0.265798
v 0.102867 0.757346 0.164038
v -0.122478 0.812832 -0.168698
v 0.046932 0.814969 0.144229
v -0.313650 0.655665 0.017162
v 0.354883 0.621651 0.142321
v -0.266630 0.659597 0.321029
v -0.210682 0.854479 0.380778
v -0.219277 0.618344 0.124084
v 0.065315 0.634841 0.184013
v -0.064652 0.765864 0.007364
v 0.084452 1.076129 0.378934
v 0.170945 0.743210 0.208173
v 0.230727 0.764353 -0.198994
v 0.213145 0.819008 0.089479
v -0.001193 0.706995 0.329890
v 0.065879 0.812581 0.007038
v -0.279296 0.752014 0.103497
v -0.078633 0.884605 0.067102
v -0.170065 0.874679 0.109838
v 0.073477 0.621641 -0.033028
v 0.226314 0.872759 -0.000768
v 0.190026 0.590744 0.022901
v -0.104903 0.585192 0.064904
v 0.095980 0.897952 0.378070
v 0.201405 0.585724 0.207227
v -0.180306 0.614666 0.295236
v 0.139445 1.144285 0.133619
v 0.243059 0.717810 0.032754
v -0.154825 0.629786 0.295112
v 0.202473 0.592927 -0.016691
v -0.095941 0.875986 0.145449
v 0.268925 0.709694 0.095262
v 0.230993 0.607743 0.097172
v -0.121251 0.792407 0.062301
v -0.007470 0.489356 0.019805
v -0.094796 0.792429 -0.030997
v -0.091391 0.746177 -0.096393
v 0.234238 0.754293 0.193431
v -0.251179 0.539696 0.174240
v 0.109625 0.561473 -0.011509
v -0.132247 0.704690 0.265176
v 0.162325 0.862895 0.093164
v -0.017468 0.621688 0.340416
v 0.041479 0.722124 -0.114322
v 0.277700 0.487343 0.158646
v -0.088948 1.010734 0.281832
v -0.055500 0.782013 0.550467
v 0.027436 0.810279 0.003917
v -0.055773 0.865500 -0.074365
v 0.211550 0.842063 0.021000
v -0.139337 0.679233 0.182788
v 0.308066 0.823201 0.065414
v 0.009329 1.008831 0.095987
v -0.053810 0.606424 0.212710
v -0.152155 0.534669 0.095587
v 0.233297 0.963372 0.217831
v -0.225325 0.880346 0.274958
v 0.023617 0.554442 -0.256213
v 0.023019 0.938801 0.164639
v 0.075540 0.897992 0.268385
v -0.184152 0.921162 0.228670
v -0.121563 0.935969 0.190919
v 0.302028 0.567789 0.262017
v -0.267491 0.808640 0.106051
v 0.147503 0.738091 0.201330
v 0.113038 0.796551 0.150977
v 0.155342 1.008336 0.358690
v -0.182408 0.718909 0.267053
v 0.145376 0.613324 0.280368
v -0.339255 0.743234 0.062971
v 0.168988 0.734938 -0.072441
v 0.183533 0.751600 0.316830
v 0.316206 0.560038 0.126936
v 0.039846 1.067578 0.068141
v 0.192560 0.725078 0.203651
v 0.240505 0.513672 0.316752
v -0.015817 0.849211 0.398829
v 0.083590 0.855860 0.009796
v -0.090623 0.617297 0.085221
v -0.404072 0.626446 0.190614
v 0.326350 0.546663 0.051291
v 0.070707 0.958362 -0.109565
v 0.374242 0.715156 0.220046
v -0.285066 0.939057 0.408551
v -0.316620 0.634803 0.144817
v 0.300045 0.680968 0.084432
v -0.252968 0.756366 0.331845
v 0.299529 0.710168 -0.132716
v -0.195598 0.981885 0.245603
v -0.323003 0.691437 0.287867
v -0.048938 1.116486 0.279011
v 0.043330 1.088534 0.035715
v 0.038483 0.904150 0.087847
v 0.310085 0.566954 0.000340
v -0.115679 0.615848 -0.028250
v 0.007543 1.151249 0.084113
v 0.000981 0.870855 0.004568
v 0.050088 1.148100 0.215641
v 0.173465 0.824981 -0.128393
v -0.382602 1.038306 0.492791
v 0.249034 0.896202 0.259571
v 0.301002 0.610952 0.249574
v -0.026305 0.967591 0.365493
v -0.202678 0.634146 -0.071492
v 0.085548 0.868259 0.069873
v -0.026265 0.622105 0.382214
v 0.062569 0.857919 0.134534
v 0.054607 0.671399 0.268882
v -0.092640 0.910185 0.213722
v 0.467464 0.541348 0.226840
v -0.072587 0.571278 0.160855
v -0.190887 0.602958 0.165517
v 0.165046 0.823463 0.173912
v -0.054657 0.923736 -0.023967
v 0.190038 0.862393 0.081920
v 0.056081 0.819062 -0.009314
v 0.104587 0.756159 0.175838
v -0.078392 0.620530 0.140745
v -0.073855 0.552362 0.045280
v 0.205694 1.258524 0.035873
v -0.193816 0.813019 0.336493
v -0.207986 0.787396 0.123034
v 0.292546 0.517688 0.135147
v 0.421994 0.689611 0.115451
v -0.240495 1.056968 0.072368
v -0.110402 0.717187 0.106491
v 0.264665 0.956085 0.353763
v -0.163967 0.595873 -0.087750
v -0.014976 0.565971 -0.016694
v 0.164878 0.736495 0.013835
v 0.014788 0.632314 -0.020192
v -0.106124 0.639072 0.227340
v 0.154978 0.891042 0.021718
v 0.285611 0.674854 0.321698
v 0.370408 0.896925 0.110118
v 0.343433 0.613037 0.171641
v -0.010201 0.824244 0.215227
v -0.198840 0.644642 0.177054
v -0.204905 0.811005 -0.067454
v 0.220309 0.854978 0.217203
v 0.158691 0.970750 0.163722
v -0.092050 0.516972 0.112670
v 0.212028 0.830524 0.218341
v -0.139070 0.936501 0.210857
v -0.262378 0.749833 0.541571
v 0.415292 0.541398 0.003691
v 0.002944 0.679720 0.261222
v 0.117652 0.747233 0.144946
v 0.165093 1.151332 0.174076
v -0.177315 0.796197 -0.063660
v 0.209319 0.931437 -0.107063
v -0.022713 0.554675 0.256572
v -0.143363 0.745951 0.350767
v -0.195472 0.698452 0.190548
v 0.120753 0.696769 0.086177
v -0.092522 0.704661 0.377117
v -0.252090 0.747271 0.269395
v 0.289348 0.687638 0.026690
v -0.038570 0.980379 0.083877
v 0.363719 0.749293 0.316887
v 0.020697 0.722405 0.285277
v 0.261090 0.776416 0.051649
v -0.090349 0.819601 0.345225
v -0.025277 0.823403 0.152599
v 0.127166 0.456762 0.105711
v -0.220451 0.557678 -0.046754
v 0.075546 0.998974 0.087331
v 0.281223 0.904251 -0.019927
v 0.121057 0.618209 0.058282
v 0.214097 0.953474 0.291529
v -0.396460 0.381456 0.128685
v 0.174618 0.638016 -0.002781
v 0.353841 0.856281 0.304040
v 0.508073 0.689541 -0.089708
v -0.219460 0.790389 0.048036
v 0.074265 0.886497 0.216993
v 0.129073 0.810607 0.072494
v 0.099530 0.559014 -0.004486
v 0.318452 0.740545 0.283617
v 0.035876 1.172428 0.005312
v 0.203366 1.099887 0.154764
v -0.125809 0.590422 0.227321
v -0.272718 0.696094 0.016078
v -0.150676 0.459873 -0.051436
v 0.022675 0.661493 0.105542
v -0.273769 0.602742 0.119203
v -0.205432 0.660248 0.188457
v -0.118122 0.688437 -0.165140
v -0.112777 0.669270 0.080811
v -0.150611 0.529445 0.059349
v 0.245313 0.819707 0.387989
v 0.209747 0.846856 0.088240
v 0.080249 1.015411 0.242480
v -0.092896 0.959329 0.122370
v -0.253209 0.865333 -0.213709
v -0.014936 0.840227 0.068547
v -0.259661 0.648398 0.045972
v 0.160900 0.655691 0.298522
v -0.059042 0.742491 0.137498
v -0.008192 0.456702 0.159740
v -0.288895 0.679036 0.438260
v 0.161513 0.392693 0.009004
v -0.073280 0.540319 0.014741
v -0.368666 0.464339 0.372213
v 0.117698 0.789977 0.228030
v -0.055300 0.716928 0.157108
v -0.220825 0.654282 0.217171
v -0.014471 0.805211 -0.017428
v 0.121257 0.904249 0.201425
v 0.072916 0.779857 0.083189
v -0.067130 0.869521 0.021240
v 0.170882 0.699240 0.377452
v -0.023060 1.021337 0.247256
v -0.059430 0.468103 0.103297
v -0.321173 0.639519 0.353895
v -0.165735 0.485405 0.136133
v 0.175368 0.986896 0.151054
v 0.221104 0.634587 0.057211
v 0.273254 0.767908 0.090797
v -0.045153 0.786947 0.137022
v 0.187911 0.679038 0.016609
v 0.036635 1.061766 0.194610
v -0.321163 0.959868 0.300850
v -0.128550 0.540608 -0.095376
v -0.099040 0.672566 0.179185
v 0.115954 0.747498 0.351970
v 0.000354 0.717776 -0.015591
v 0.267306 0.535454 -0.029444
v -0.221763 0.629283 -0.025037
v 0.079176 0.546483 -0.199604
v 0.043396 0.590699 0.044473
v -0.026700 0.988752 0.088544
v 0.012057 0.600359 0.081953
v -0.374494 0.655033 0.194698
v -0.120292 0.601361 0.087944
v 0.043082 0.932901 -0.017777
v 0.176273 0.791790 0.059745
v -0.220666 0.583897 -0.108092
v -0.163149 0.717173 0.255090
v 0.318296 0.463125 0.206764
v -0.090986 0.773751 -0.053791
v -0.049376 0.980064 0.305569
v 0.189343 0.858432 0.342652
v 0.397625 0.940308 0.059988
v -0.076737 0.901306 0.315363
v -0.029872 0.972733 0.117153
v 0.084956 0.851394 0.166814
v -0.019517 0.640543 0.042351
v -0.035711 0.687900 -0.037343
v -0.057316 0.735078 0.319537
v -0.208344 0.501699 0.444476
v 0.164482 0.953820 -0.062524
v 0.128576 0.820380 0.056919
v -0.242785 0.558558 0.285355
v 0.011425 1.116039 0.129169
v 0.119922 0.972934 -0.018599
v 0.073868 0.979286 0.197439
v -0.071309 0.660289 0.250742
v 0.178293 0.858043 0.322701
v 0.036573 0.518235 -0.050262
v 0.112313 0.657526 0.331706
v 0.180486 0.653744 0.025596
v 0.270906 0.661634 0.072057
v 0.092248 0.774296 0.282805
v 0.059169 0.974172 0.259648
v 0.113587 0.579193 0.225357
v -0.335892 0.594730 0.152565
v 0.371127 0.961451 0.078654
v -0.145838 1.033633 0.036637
v 0.166605 0.760769 0.124971
v -0.048981 1.176968 0.212305
v 0.064693 0.693532 0.172226
v 0.192741 0.729042 0.273455
v 0.012670 0.652617 0.084714
v -0.101552 0.418381 0.058471
v 0.078440 0.703799 -0.183220
v -0.285456 0.712810 0.307590
v -0.099730 0.447759 0.279432
v 0.318828 0.558390 -0.010349
v -0.111859 0.780149 0.064330
v 0.141311 0.819237 -0.046862
v 0.202745 0.894032 0.092631
v 0.179068 0.593238 0.093332
v 0.085756 1.048036 0.094117
v 0.196382 0.656349 0.227952
v 0.133962 0.675561 0.145381
v -0.014808 0.996354 0.053412
v -0.165837 0.631009 0.121839
v 0.105575 0.600255 0.406277
v 0.080518 1.081665 0.104021
v 0.208333 0.684678 0.000670
v -0.286502 0.935245 0.240950
v -0.159528 0.973916 0.198503
v -0.119217 0.688215 0.155944
v 0.300504 0.736030 -0.116890
v 0.349777 1.041763 0.143804
v -0.087945 0.737715 0.224619
v -0.104053 0.753744 0.267376
v 0.278953 0.626848 -0.126052
v 0.202747 0.797065 0.102855
v -0.095710 0.863202 0.144091
v -0.189683 0.452544 0.259411
v 0.143295 0.593251 0.102232
v -0.118885 0.751437 0.266800
v -0.113956 0.555052 0.055143
v 0.260143 0.742668 -0.247634
v 0.291843 0.713063 0.126585
v -0.032032 0.727539 0.091687
v -0.304867 0.694924 0.384852
v 0.004607 0.724964 -0.101128
v 0.012385 0.844394 0.060156
v 0.124608 0.871717 -0.107569
v -0.019609 0.738141 0.272667
v 0.242834 0.798516 0.182090
v -0.094306 0.846498 0.186471
v -0.025037 0.933150 -0.047710
v -0.079935 0.741662 -0.002234
v 0.091299 0.916444 0.224088
v -0.040005 0.660652 0.003302
v 0.120068 0.662949 0.183199
v 0.542991 0.763545 0.045646
v 0.476273 0.561511 0.115146
v -0.068587 0.657489 -0.214568
v -0.004763 0.738330 0.258317
v 0.386648 0.579875 0.232755
v 0.011660 1.014948 0.096958
v -0.132008 0.752237 0.137935
v -0.206015 0.940719 0.250281
v -0.195149 1.024283 0.073001
v 0.158023 0.900313 0.210771
v 0.214802 0.715716 0.085472
v 0.110614 0.671762 0.110541
v -0.000354 0.872538 0.024822
v -0.155270 0.963469 0.228374
v 0.024217 0.674343 -0.026799
v -0.342353 0.698101 0.281204
v 0.043307 0.916958 -0.008007
v 0.086407 0.804592 0.306549
v 0.022038 0.752369 0.184022
v -0.360651 0.602045 0.147620
v 0.250838 0.843047 0.053008
v -0.147728 0.917544 0.034622
v 0.037824 0.637813 -0.009997
v 0.015583 0.820448 0.019448
v 0.009425 0.474072 0.268049
v -0.239164 0.658677 -0.009240
v -0.426329 0.714391 0.245116
v -0.202299 0.510119 0.062257
v -0.540481 0.683940 0.291721
v 0.363518 0.588587 -0.056951
v 0.247879 0.744485 0.132159
v 0.004110 0.723895 0.224399
v 0.002319 0.742614 0.022728
v 0.159588 0.798984 0.055037
v -0.147005 0.606828 0.137673
v -0.223480 0.764810 0.315475
v 0.052059 0.756571 0.225719
v -0.344502 0.695273 0.317937
v -0.349182 0.575932 -0.037468
v -0.064219 0.602987 0.001704
v -0.119020 0.773172 -0.286526
v 0.066893 1.034715 0.026301
v 0.187673 0.721385 0.127464
v 0.220020 0.690281 0.146069
v -0.172178 0.503181 0.056243
v 0.078963 1.103580 0.215764
v -0.231778 0.726672 0.142779
v -0.173825 0.672880 0.031071
v 0.231266 0.601165 0.428267
v -0.109963 0.768702 0.238268
v -0.126915 0.501757 0.477973
v 0.203123 0.603405 -0.011058
v -0.183044 0.386007 0.130249
v 0.275919 0.718252 0.221193
v 0.240556 1.171949 -0.018721
v 0.165374 0.799518 0.081261
v 0.017617 0.607492 0.377447
v 0.083798 0.533259 0.205370
v -0.109707 1.086869 0.166373
v -0.166788 0.727564 0.230019
v 0.042348 0.655996 -0.121819
v -0.346239 0.571094 0.208875
v 0.320530 0.811621 0.310651
v 0.083020 0.646592 0.273083
v 0.273906 0.308672 0.249358
v -0.151631 0.759282 0.196140
v 0.343495 0.604315 0.347360
v -0.103368 0.917564 0.245666
v 0.157900 1.168246 0.312153
v 0.267192 0.712209 0.115988
v -0.069081 0.934427 -0.017798
v -0.241874 0.713204 0.071847
v 0.107140 0.528675 0.264987
v -0.139591 0.705959 0.329653
v 0.163669 0.942671 0.097509
v 0.167362 0.570841 0.107463
v -0.021048 0.721570 0.043851
v -0.018500 0.774983 0.199666
v 0.104710 1.060103 0.023763
v -0.013807 0.808043 0.032092
v -0.236682 0.700355 0.092372
v -0.076009 0.668068 0.155602
v -0.182494 0.506716 0.237097
v 0.103622 0.640461 0.092118
v 0.471962 0.732806 0.230341
v -0.164541 0.746155 0.185571
v -0.194725 0.605801 0.002174
v 0.139242 0.586629 -0.166787
v -0.070033 0.694659 0.014630
v -0.352157 0.506956 0.014568
v 0.294249 0.560046 0.109548
v 0.197496 0.623080 0.082665
v 0.144283 0.580131 0.007669
v -0.012613 0.763702 0.062386
v 0.044081 0.933946 0.002744
v -0.077831 1.036644 0.062920
v 0.292852 0.830417 0.254424
v -0.255989 0.878746 0.218095
v 0.007666 0.590596 0.097205
v -0.052368 0.725123 0.342856
v -0.060784 1.041334 0.138021
v -0.235238 0.851623 0.135472
v 0.185240 0.656646 0.296779
v 0.138479 0.734650 0.074107
v -0.250158 0.734248 0.190916
v 0.131501 1.099069 0.245061
v -0.134074 0.877764 0.081045
v 0.362835 0.620426 -0.108009
v -0.108095 0.635277 0.183625
v 0.347643 0.692723 -0.112258
v 0.033422 0.776732 0.177103
v -0.016152 0.759186 -0.038354
v 0.212145 0.628917 0.040459
v -0.125174 0.591196 0.050729
v 0.134352 0.833429 0.040933
v 0.306971 0.565061 0.059226
v 0.212487 0.642780 -0.034363
v -0.041965 0.770446 -0.024298
v 0.133220 1.028306 0.132227
v -0.161959 0.620470 0.159165
v -0.273230 0.694812 0.301648
v -0.117708 0.697687 0.438522
v -0.091976 1.173479 0.244803
v 0.188084 0.624041 0.011669
v -0.090345 0.633231 0.308378
v -0.103508 0.785687 0.312647
v -0.105402 0.899698 0.223191
v 0.362968 0.876623 0.245716
v -0.021339 0.825145 -0.098446
v 0.249255 0.877831 0.063480
v 0.410977 0.515908 0.262413
v 0.057536 1.020458 0.295940
v -0.311538 0.680522 0.007389
v -0.245697 0.675222 0.403812
v 0.138859 0.697637 0.332718
v -0.303374 0.701756 0.267706
v -0.194601 0.761549 0.178769
v -0.328695 0.919159 0.077438
v -0.253029 0.650899 0.203814
v 0.120877 0.865019 0.041585
v 0.030214 0.757554 0.136485
v -0.175977 0.615757 0.253413
v 0.025458 0.645970 -0.105385
v 0.127778 0.897301 -0.025197
v -0.118594 0.879373 0.251947
v -0.033406 0.578093 0.093684
v -0.170712 0.695222 -0.016196
v -0.078920 0.862391 0.103722
v -0.209189 0.606524 0.297667
v 0.187003 0.784340 0.197690
v -0.307919 0.744304 0.250650
v -0.021295 0.528397 0.175143
v -0.125572 0.898143 0.166259
v 0.207661 0.650313 0.076584
v 0.035244 1.025660 0.273764
v -0.335351 0.522545 0.182620
v -0.006915 0.862692 0.169749
v 0.036858 0.961297 0.060418
v 0.295127 0.904909 0.135664
v 0.458268 0.598969 0.214374
v -0.197375 0.904993 0.239997
v -0.101247 0.703242 0.236616
v -0.162461 0.995003 0.048617
v -0.184470 0.590990 0.072279
v -0.136557 0.907492 0.199357
v 0.042205 0.819239 0.169908
v 0.118164 0.779972 0.177237
v -0.042452 0.856261 0.322370
v 0.160676 0.451487 0.126218
v 0.125510 0.669318 0.069980
v 0.478678 0.511850 0.123841
v 0.049249 0.897799 0.212327
v -0.249642 0.831089 0.235869
v -0.083572 0.538178 0.257844
v -0.238049 0.493703 0.005883
v 0.097241 0.976533 0.170446
v 0.149719 0.857221 0.174286
v 0.257951 0.706397 0.308400
v -0.076150 0.715918 0.117354
v 0.256002 0.807901 0.168450
v 0.089210 0.711576 0.167692
v -0.149013 1.189991 -0.034011
v 0.187274 1.339890 0.121796
v -0.044711 0.916028 0.300421
v 0.093415 1.164651 0.085036
v 0.030349 1.103726 -0.160896
v 0.035550 1.169738 0.193642
v -0.132597 1.439716 0.012118
v 0.081276 1.398910 0.092439
v -0.038453 0.970983 0.143071
v 0.091427 1.073162 0.127114
v -0.337053 1.068740 0.183462
v 0.253379 1.433484 0.271046
v 0.078150 1.446877 -0.038370
v -0.158834 1.013575 0.025161
v 0.196213 1.579657 0.083073
v -0.001391 1.082506 0.082749
v 0.100103 1.360602 0.032206
v 0.006781 0.970993 0.071195
v 0.053121 1.310295 0.265911
v 0.144795 0.897727 0.234634
v -0.152283 1.332662 -0.067975
v 0.012631 1.112429 -0.038068
v 0.028747 1.486924 -0.099862
v -0.068899 1.270476 0.195748
v 0.154805 1.282750 0.117185
v -0.024693 1.067946 -0.053196
v -0.234155 0.848897 0.094101
v 0.097816 1.145520 0.071077
v 0.164155 1.330318 0.197307
v 0.125250 1.305359 -0.164407
v -0.081291 1.156628 0.073346
v -0.002364 1.125396 0.130570
v 0.181497 1.351311 -0.081449
v 0.222731 1.055492 -0.113181
v -0.089241 0.817189 0.111130
v -0.207532 1.412962 0.237692
v 0.217902 1.340931 0.040860
v 0.124630 1.424073 -0.025310
v 0.324327 1.447098 0.329187
v 0.032320 1.223498 -0.140623
v 0.180922 1.072225 0.187064
v 0.115747 1.053625 0.129137
v 0.000475 1.460016 0.090263
v 0.154753 1.156869 0.003985
v 0.023096 1.117397 0.099195
v -0.171877 1.176462 0.119935
v 0.241564 1.124275 0.150390
v -0.043387 1.185903 0.157103
v -0.228984 1.124063 0.073638
v -0.241005 1.352125 0.096987
v 0.059019 1.378771 0.078811
v 0.167482 1.387470 -0.025759
v -0.153983 1.190712 0.093531
v -0.110674 1.408791 -0.187762
v -0.053240 1.273921 -0.038307
v -0.078396 0.983170 0.061109
v 0.156447 1.186175 0.093013
v 0.203051 1.132450 0.134745
v 0.174924 1.081915 0.004002
v -0.044805 1.434381 0.148597
v 0.204272 0.951905 0.116595
v -0.033381 1.369429 -0.002362
v 0.101178 1.275767 0.149172
v 0.004991 1.224815 0.179120
v -0.057806 1.157097 0.041663
v -0.011225 0.931703 0.148391
v -0.184609 1.252672 0.169256
v 0.187003 1.223790 -0.124752
v -0.150670 1.341890 0.211824
v -0.053554 1.242897 0.040553
v 0.066742 1.154092 0.065795
v -0.131637 1.483961 -0.025062
v -0.180481 1.198030 0.204721
v 0.150785 0.915701 -0.079909
v 0.032369 1.056924 -0.181192
v -0.133576 1.357093 -0.004131
v -0.124460 1.462689 -0.220933
v 0.091684 1.069740 -0.086431
v -0.078689 1.451950 -0.287446
v 0.136824 1.370266 -0.118046
v -0.051009 1.161101 0.037171
v -0.069326 1.374255 0.055752
v 0.095263 1.257267 0.131233
v 0.005407 1.034863 0.089002
v -0.107199 1.084960 -0.066882
v 0.184650 1.104484 -0.151052
v 0.055047 1.171494 0.060692
v -0.143166 1.338640 -0.050023
v 0.127223 1.526327 0.068622
v -0.050433 1.151945 0.223849
v -0.268404 1.524438 -0.018079
v 0.190291 1.146094 0.017316
v 0.058139 1.171633 -0.171359
v 0.035607 1.366144 -0.165178
v 0.014062 1.065325 0.163757
v -0.223727 0.835942 0.014577
v 0.225459 1.474791 0.146791
v 0.012306 1.377444 -0.097091
v -0.066661 1.130701 0.009456
v -0.000620 1.405354 -0.032407
v 0.095912 1.124082 0.141647
v -0.180345 1.277208 -0.016826
v 0.113258 1.148232 0.044160
v 0.150149 1.280117 -0.110337
v 0.194818 1.070584 0.178380
v 0.011587 1.106179 0.120973
v 0.089101 1.191705 0.102857
v 0.122348 0.966352 0.036415
v 0.037845 1.035061 0.256758
v 0.091216 1.236495 0.163849
v 0.157814 0.949504 -0.128592
v 0.328764 1.040185 0.136091
v -0.151355 1.253922 0.095203
v -0.099905 1.035304 0.233523
v -0.146766 1.158596 0.173893
v 0.066966 1.242536 -0.199936
v 0.029047 1.292837 0.008966
v -0.219729 0.797535 0.034453
v -0.030571 1.326883 -0.035524
v 0.004343 1.433791 0.048943
v 0.224370 0.970608 0.233202
v -0.127336 1.243852 0.269033
v -0.225159 1.179553 0.129715
v -0.247427 1.184574 0.200093
v 0.002945 1.416325 -0.206131
v -0.041339 1.361451 0.326973
v 0.240696 1.037657 0.059565
v -0.061217 1.056102 0.171306
v -0.183018 1.088371 0.031639
v 0.008536 1.167640 0.008411
v 0.129561 1.262579 0.177026
v 0.074911 1.319961 -0.043561
v 0.062757 1.419883 0.073356
v 0.353578 0.947060 0.119379
v -0.193583 1.373839 -0.255311
v -0.149275 0.988086 0.051564
v -0.008369 1.602541 0.268714
v 0.117244 1.331079 0.047205
v 0.069986 1.056133 0.499013
v 0.046724 1.071184 -0.084747
v 0.032350 0.989530 0.049039
v 0.167134 1.119805 0.181240
v -0.018918 1.342556 -0.127141
v 0.168549 1.095152 -0.013407
v 0.176351 1.267012 0.095648
v 0.167068 1.001258 -0.067505
v 0.154228 1.208278 -0.003358
v 0.019695 1.080008 0.172583
v -0.136763 1.201963 0.434429
v -0.318880 1.506185 -0.008125
v -0.122126 0.714374 -0.164898
v -0.131254 1.133175 0.090611
v 0.128659 1.116713 -0.045693
v -0.079989 1.343235 0.186880
v -0.176918 1.232237 -0.056096
v 0.160190 1.104274 -0.162018
v -0.132576 1.008123 0.088171
v 0.072329 1.394063 -0.010046
v -0.083305 1.156329 0.258552
v -0.227922 1.075692 0.082728
v 0.147376 1.152757 -0.049737
v 0.376997 0.885575 -0.005284
v 0.030861 0.972187 0.135093
v 0.177335 0.997690 0.017439
v -0.026362 1.232190 -0.056537
v -0.028412 1.022794 0.141766
v 0.073900 1.039936 0.133609
v 0.131696 0.984836 0.042401
v -0.019716 1.191854 0.251192
v -0.026440 1.350328 0.061186
v 0.012478 0.869119 -0.035701
v -0.181463 1.449010 0.281190
v -0.264121 1.079905 0.103646
v -0.252971 0.911369 0.111177
v -0.090778 1.319755 0.153874
v -0.080091 1.262064 -0.042433
v 0.250840 1.348104 0.058930
v 0.064036 1.424446 0.072444
v 0.027254 1.001005 -0.019840
v -0.294340 1.260669 0.298859
v 0.059331 1.029418 0.110177
v 0.114381 1.144411 -0.008405
v -0.141746 1.109345 -0.041250
v 0.121954 1.173515 0.185081
v 0.201334 1.475953 -0.103274
v 0.079498 1.190311 -0.059885
v -0.121452 1.057765 0.111338
v -0.151839 1.550168 -0.116136
v -0.002332 0.803255 0.340450
v 0.004681 1.517925 -0.035590
v -0.172356 1.207588 0.089972
v 0.194986 1.237314 -0.020307
v 0.173593 0.844030 -0.042736
v 0.215334 1.301976 -0.117583
v 0.000788 1.170303 -0.266376
v -0.135081 1.357573 -0.062737
v 0.020081 1.254017 0.236038
v 0.040727 1.330005 0.212446
v 0.015760 1.011422 0.105027
v -0.227728 1.378013 0.138597
v 0.078971 1.392829 -0.027372
v 0.010656 1.015059 0.036834
v -0.267436 1.067649 0.403292
v -0.224453 1.553055 0.069358
v -0.294286 1.434266 -0.007218
v -0.047593 1.125289 0.159078
v 0.054323 1.006818 0.235599
v 0.167748 1.518206 -0.127440
v -0.120384 1.350165 0.163023
v 0.000047 1.129030 0.075405
v 0.176668 1.335384 -0.112392
v -0.186421 1.245249 0.106629
v 0.060272 1.211461 0.110281
v 0.005313 1.555878 0.130238
v -0.027676 1.541302 -0.238661
v -0.202728 1.325661 0.091760
v 0.038144 1.169150 -0.009479
v 0.082255 1.103141 0.161996
v -0.053116 1.372828 -0.001418
v 0.137368 1.180699 -0.009229
v -0.193262 1.347293 0.167105
v 0.273082 0.908888 0.316345
v 0.123140 1.379920 0.055517
v -0.019245 1.161103 0.147906
v 0.093484 1.156792 0.030901
v 0.062618 1.212083 0.012332
v -0.032789 1.466569 0.016879
v 0.150695 1.157331 0.111926
v 0.117697 1.014186 0.050202
v -0.136918 1.216897 0.123904
v -0.006457 1.422088 0.024147
v -0.131082 1.141335 0.004428
v 0.056454 1.463853 -0.255463
v -0.330540 1.049565 -0.015674
v -0.079041 1.040990 0.222530
v -0.013963 0.986751 0.157048
v 0.007050 1.632827 -0.122986
v 0.094870 1.296285 0.105922
v 0.156485 0.999879 0.045829
v -0.234852 1.120963 0.117190
v 0.023399 0.993234 0.051704
v 0.095892 1.151146 0.159505
v -0.064784 1.164571 0.258345
v -0.137158 1.491150 0.014331
v -0.062749 1.247105 0.045814
v -0.037923 1.441764 0.064409
v 0.048126 1.347870 0.042216
v 0.028071 1.007190 0.097603
v -0.115125 1.206510 0.190491
v 0.269842 1.188294 0.133687
v 0.069900 1.194204 -0.050171
v 0.349030 1.303449 -0.135050
v 0.125988 1.524326 0.115588
v 0.192788 1.221093 -0.106523
v 0.156537 1.382969 0.001837
v 0.203757 1.174388 0.019498
v -0.012503 1.423613 -0.040814
v -0.030753 1.612748 0.076534
v -0.220107 1.247750 0.056761
v 0.038171 1.350809 0.001601
v -0.027165 1.224822 0.111051
v 0.042146 1.113886 0.052120
v -0.068267 1.150467 0.119866
v 0.114800 1.257302 -0.109144
v -0.079511 1.206005 0.065388
v 0.285292 1.290845 0.363990
v -0.064395 1.040031 -0.024950
v 0.010955 1.117484 -0.024098
v 0.035945 1.422339 0.017548
v 0.101399 1.472924 -0.018969
v 0.027774 0.947699 0.112971
v 0.189189 1.295671 -0.281522
v -0.043237 0.909497 0.077106
v -0.197807 1.185547 0.157132
v -0.023702 1.157739 0.203353
v -0.112201 1.143676 0.042712
v 0.243243 1.151374 0.083436
v -0.020098 1.387356 0.114391
v 0.087349 1.375635 0.109711
v -0.070600 1.486440 -0.095008
v 0.378871 1.108032 0.088963
v -0.022727 1.353327 0.044456
v -0.082928 1.159723 -0.002034
v 0.155711 1.255293 0.390114
v 0.005483 1.465279 0.092708
v 0.075675 1.328857 -0.048065
v -0.128210 1.381075 0.146825
v 0.051604 0.669565 0.066718
v 0.045434 1.097373 0.155025
v -0.007074 1.360128 0.074277
v 0.138923 0.996706 0.141127
v 0.096687 1.144312 0.204060
v -0.055532 1.343946 0.073650
v -0.288191 0.936014 0.153990
v 0.205793 1.386843 0.148116
v 0.208284 1.141595 -0.027096
v -0.178265 1.224777 -0.008851
v 0.108326 1.010362 0.080854
v -0.189609 1.297802 -0.171125
v 0.123810 1.031036 -0.020708
v -0.041065 1.200510 0.198220
v 0.083517 0.953192 0.026629
v 0.060075 1.123935 0.217337
v -0.004090 1.429569 -0.173507
v 0.020817 1.392713 0.067738
v 0.075230 1.407297 0.139420
v 0.210202 1.447432 0.158656
v 0.168793 0.938866 0.144733
v -0.062509 1.295922 -0.193285
v -0.082666 0.948418 0.076522
v 0.203408 1.462041 0.185461
v 0.100534 1.263095 -0.002741
v 0.269410 1.460534 0.246737
v -0.006832 1.288602 -0.234878
v 0.179666 1.269138 0.007142
v -0.058148 1.257517 -0.052998
v 0.234640 1.426067 -0.171373
v 0.043404 1.162436 0.140149
v 0.121256 1.322266 0.129134
v 0.121765 0.896855 0.078371
v 0.036113 1.002815 0.001656
v 0.133784 1.229911 -0.163892
v -0.052657 0.809604 0.224308
v -0.270975 0.889086 0.148164
v 0.166641 1.135794 0.058616
v -0.143447 1.294963 0.031798
v -0.063944 1.245114 -0.031455
v -0.319632 1.370424 -0.090021
v 0.118980 0.870781 -0.003483
v -0.175910 1.346220 0.096740
v 0.235073 0.985038 0.050322
v 0.016146 1.122979 0.243649
v -0.392966 0.980548 0.032309
v 0.017781 1.300272 0.023497
v 0.105380 1.213532 -0.032125
v 0.126560 0.968455 0.164474
v -0.068831 0.983281 0.238120
v -0.116365 1.003369 -0.054224
v -0.162893 0.913169 0.140848
v 0.239400 0.965858 0.096632
v 0.054742 1.469476 0.107880
v 0.000805 1.484327 -0.147648
v -0.100213 1.126590 0.243414
v -0.016181 1.328189 -0.170446
v -0.054358 1.433378 -0.127544
v 0.177491 1.094911 -0.169387
v -0.015972 1.177436 0.119669
v 0.027208 1.442064 0.100456
v 0.007794 1.008301 0.074687
v 0.114332 1.033721 0.040403
v -0.076240 1.363193 0.217958
v 0.037772 1.327781 0.088443
v 0.209002 1.141099 0.037931
v 0.147281 1.131050 0.074605
v -0.065181 1.122589 0.077771
v 0.163684 0.934207 0.031440
v 0.285275 1.238873 -0.052013
v 0.111169 1.300203 -0.008998
v 0.073815 1.183338 0.041651
v -0.326778 1.150655 0.194558
v -0.023329 1.275467 0.142635
v 0.163291 1.354500 0.011564
v -0.022089 1.538030 -0.017486
v -0.049304 1.226636 0.009150
v -0.021925 1.226415 0.025729
v 0.022086 1.318337 0.180335
v 0.153265 1.341716 -0.092588
v 0.117568 1.170827 -0.049967
v -0.060369 1.411429 0.079994
v 0.134067 1.606218 0.049330
v 0.003434 1.134131 0.038443
v 0.021335 1.369411 -0.051493
v -0.199899 1.220502 0.242731
v 0.201874 1.269234 0.069514
v -0.080775 1.320058 -0.126786
v -0.083048 1.320640 -0.000695
v -0.164495 1.302528 -0.095331
v 0.028088 1.418137 0.207348
v 0.041679 1.380933 -0.001652
v 0.108357 1.027364 0.077701
v 0.070874 1.036716 0.211863
v -0.122367 1.078422 0.085779
v 0.066700 1.540869 -0.070225
v 0.252076 1.225977 -0.124681
v 0.126792 1.224358 0.212752
v 0.113865 1.712518 0.068723
v 0.096457 1.246146 0.232343
v 0.148165 1.037427 -0.090304
v 0.010085 1.088874 -0.090496
v -0.128653 1.049662 0.202788
v -0.193292 1.448790 0.070861
v 0.033652 0.888332 0.059824
v -0.163478 0.900765 -0.003755
v 0.070421 1.192793 0.192744
v 0.237574 1.448418 0.084697
v 0.129427 1.159084 -0.094399
v -0.015623 1.092297 0.317852
v -0.139512 1.179834 0.222247
v 0.035297 1.249414 0.156799
v -0.048973 1.197668 0.115218
v -0.123450 1.104938 0.139881
v 0.113117 1.358155 0.078064
v 0.137373 1.346096 -0.011797
v -0.033191 1.400114 0.049827
v 0.015328 1.156412 -0.166891
v 0.204255 1.524634 -0.015703
v 0.031648 1.200914 0.071097
v -0.080905 1.346331 0.081087
v 0.029572 0.959152 0.232009
v -0.154884 1.208318 0.187304
v -0.158101 1.120238 -0.015924
v -0.292572 1.006903 0.006687
v 0.021979 1.183463 0.050781
v 0.022707 1.031974 0.161178
v -0.067815 1.442576 0.139882
v -0.063903 1.529772 -0.034350
v -0.041087 1.319175 0.145731
v 0.088013 1.431474 0.160373
v 0.124922 1.054845 0.046236
v -0.150136 1.174874 0.101372
v 0.093354 1.004992 0.273918
v -0.121991 1.343610 0.003028
v -0.050971 1.087547 -0.082906
v -0.154622 1.504465 0.093878
v -0.038420 1.425541 0.010396
v -0.239720 1.164304 0.090334
v 0.064463 1.110190 0.195665
v 0.054723 1.328074 -0.261031
v 0.330492 1.155152 0.109258
v 0.124101 1.488771 0.125437
v -0.160742 1.335010 0.129101
v 0.179892 1.032750 -0.124203
v -0.065268 1.400725 -0.163854
v 0.144864 1.067039 0.119073
v -0.230084 1.168971 0.049002
v -0.120530 1.114484 -0.133484
v -0.051254 1.024967 0.068263
v -0.053181 1.564639 0.094231
v 0.020562 1.188412 -0.031335
v 0.093767 1.340730 0.210847
v -0.212605 1.288303 0.054260
v -0.273339 1.340113 0.056710
v 0.120034 1.165009 0.017247
v 0.001597 1.103432 0.206546
v 0.045162 1.186229 -0.061524
v -0.001778 0.931746 0.172677
v 0.077769 1.419078 -0.033760
v -0.172485 1.177223 0.207256
v 0.054597 0.997304 -0.018556
v -0.093798 1.003558 0.060082
v -0.018156 1.012677 0.003061
v -0.193981 1.164109 -0.103011
v 0.011368 1.304382 -0.051503
v -0.034309 1.207403 0.131389
v 0.278687 1.177525 -0.100689
v -0.086854 1.041292 0.151916
v 0.073853 1.111920 -0.021659
v 0.002444 1.277211 0.313458
v 0.008779 1.523900 0.049661
v 0.058841 1.372906 0.073969
v -0.109891 0.901438 0.426435
v 0.066174 1.085998 0.088188
v -0.255586 1.324048 -0.008793
v -0.042295 1.328724 0.044010
v -0.111082 1.121939 0.260844
v -0.146665 1.016462 0.141620
v -0.052837 1.303280 0.223991
v 0.206560 1.055988 0.112827
v -0.153022 1.201647 0.044101
v -0.152216 1.201418 0.289225
v 0.165531 1.128993 -0.000926
v -0.166857 1.023790 -0.009172
v 0.090296 1.177469 -0.013169
v -0.294965 0.952395 -0.154081
v 0.078748 1.433501 0.110246
v -0.197028 1.253086 0.168069
v -0.203306 1.460130 -0.041477
v -0.091724 1.122776 0.031062
v -0.137074 1.512221 -0.077696
v 0.092435 0.963383 -0.017155
v 0.246907 1.267989 0.009360
v 0.021092 1.308557 0.224214
v -0.084553 0.987223 0.049217
v 0.296277 1.137536 0.017570
v -0.176384 1.200635 -0.123094
v -0.101316 1.057620 0.115385
v 0.031920 1.119267 -0.007910
v 0.127575 1.026324 -0.046687
v -0.115450 1.563382 0.175409
v -0.158224 0.974714 -0.071982
v -0.023130 1.325599 -0.024893
v -0.075268 1.234322 0.298573
v 0.139054 1.256227 0.285528
v 0.259977 1.095816 0.045692
v -0.083887 1.049753 0.090487
v 0.149766 1.391540 0.086821
v -0.019722 0.971290 0.046728
v 0.178161 1.214595 0.229042
v -0.144098 0.884555 0.270517
v -0.092709 1.136833 0.140436
v 0.220897 1.361128 -0.108986
v 0.011541 1.486178 -0.072927
v -0.084231 1.384276 0.051724
v 0.240097 1.097113 -0.062437
v -0.094930 1.151293 -0.235849
v -0.022061 1.075062 0.212342
v 0.085352 1.253965 0.176970
v 0.024026 1.459999 0.109227
v -0.010830 1.426269 -0.033219
v 0.157360 1.234445 0.038862
v -0.152357 1.155494 -0.063918
v -0.076726 1.482613 0.038907
v -0.185003 1.203956 0.222701
v -0.003036 1.085028 -0.045172
v 0.218994 1.236757 0.133183
v -0.176192 1.363103 0.201462
v -0.045284 1.376068 0.016569
v 0.045560 1.551403 0.094634
v 0.048002 0.987503 0.197905
v 0.110052 1.036255 0.262549
v -0.243340 1.185798 0.093128
v 0.217141 1.252274 0.093797
v 0.203838 1.141484 0.117285
v 0.021517 0.995466 0.215413
v -0.240429 1.042571 0.012090
v -0.075317 1.499398 0.080919
v 0.001366 1.339190 -0.192056
v -0.321491 1.065790 0.064072
v -0.014927 1.245450 0.063573
v -0.056619 1.106579 0.130444
v -0.102252 1.156726 0.029345
v 0.127858 1.115697 0.009299
v -0.057906 1.081491 0.063285
v -0.143067 1.189169 0.154229
v 0.136086 1.307420 -0.068869
v -0.000683 1.408271 0.216026
v -0.158648 1.098342 0.106520
v 0.014635 1.391145 0.181566
v -0.034600 0.969345 0.087738
v 0.100187 1.049341 0.149531
v -0.045581 1.473346 0.206531
v -0.059814 1.277065 0.124298
v -0.233035 1.397428 -0.046440
v 0.147656 1.015101 0.256996
v 0.012044 1.533790 -0.037634
v 0.097728 1.197227 0.286438
v 0.094412 1.184536 0.113907
v 0.128581 1.388792 0.134387
v -0.156128 1.027162 0.169498
v -0.389718 1.248884 0.053073
v 0.259701 1.014152 0.123684
v 0.047668 1.139783 -0.062096
v -0.107960 1.168110 0.089580
v 0.141947 0.930076 0.018460
v 0.170037 1.266094 -0.037730
v 0.004249 1.241231 0.229653
v -0.010962 1.406906 0.027461
v 0.015045 1.204138 0.069543
v 0.082523 1.257115 -0.228382
v -0.215986 1.284386 0.181984
v 0.202280 1.137069 0.041443
v 0.057403 1.492764 0.043436
v -0.238341 1.225426 0.109818
v -0.208229 1.309020 -0.111183
v -0.077417 1.322232 -0.118879
v -0.073022 1.408723 -0.083974
v 0.182879 1.076990 0.033683
v 0.226489 1.148900 -0.018850
v -0.093381 1.047088 0.021941
v -0.086845 1.161984 -0.023692
v 0.022450 1.210910 -0.022967
v -0.063147 1.127275 -0.008587
v 0.274502 1.203485 0.007713
v -0.153767 0.964642 0.022954
v 0.003043 1.276490 0.039382
v -0.055800 0.844500 -0.097344
v 0.092128 1.417243 0.031880
v -0.233013 1.232452 0.035493
v -0.024215 1.345506 0.088885
v 0.240170 1.396040 -0.056482
v 0.265783 1.340762 -0.086368
v 0.044620 1.285009 -0.061634
v -0.273796 1.218673 0.253063
v 0.153632 1.266232 -0.165336
v -0.238418 1.043983 -0.035380
v -0.238839 1.356422 -0.037351
v 0.334609 1.257660 -0.038905
v 0.195822 0.930146 0.075411
v -0.215404 1.355427 -0.007552
v -0.155654 1.288330 -0.308929
v 0.177389 -0.653116 0.076051
v 0.258062 -0.368376 -0.007273
v 0.294069 -0.774655 0.060623
v 0.150457 -0.332092 -0.202481
v 0.148818 -0.896353 -0.053963
v 0.083818 -0.531836 -0.174830
v -0.042962 -0.308991 0.212193
v -0.098488 -0.323617 -0.129450
v 0.338164 -0.495601 -0.041699
v 0.126186 -0.381619 -0.035338
v 0.152768 -0.081827 -0.026267
v 0.185461 -0.622850 -0.148463
v 0.126287 -0.655280 0.089758
v 0.011731 -0.146178 0.013190
v 0.066650 -0.438141 -0.009047
v 0.041918 -0.227129 -0.086987
v 0.176730 -0.341879 0.019639
v 0.061234 -0.193189 0.054969
v 0.111130 -0.731871 -0.126263
v 0.104689 -0.147612 0.020565
v 0.230907 -0.489563 0.078289
v 0.036447 -0.959938 -0.040248
v 0.044258 -0.398202 -0.184287
v 0.243463 -0.906980 0.029534
v 0.083176 -0.124632 -0.026083
v 0.013225 -1.020677 -0.226974
v 0.047581 -0.108413 -0.190743
v 0.166445 -0.116397 -0.014499
v -0.024093 0.078722 -0.157960
v 0.214985 -0.748884 -0.044544
v 0.002019 -0.813214 -0.001455
v 0.224673 -0.516690 0.086026
v -0.024257 -0.629954 -0.021243
v 0.252174 -0.543803 0.029132
v 0.169568 0.015990 0.011451
v 0.168956 -0.372150 -0.016704
v -0.084419 -0.675560 -0.129134
v -0.029865 -0.919287 -0.121861
v 0.054511 -0.560918 -0.002548
v -0.188216 -0.926635 0.201807
v 0.130039 -0.333732 -0.196334
v -0.094582 -0.465935 -0.010492
v 0.133557 -0.829383 -0.124800
v -0.129227 -1.009768 -0.014153
v 0.065346 -0.440782 0.087583
v 0.390800 -0.137591 -0.124952
v -0.002069 -0.741138 -0.193201
v 0.169662 -0.304012 -0.010697
v 0.189850 -0.029562 0.055782
v 0.246501 -0.203553 -0.046376
v -0.122808 -0.880615 0.052238
v 0.166081 -0.470958 -0.032993
v -0.069955 -0.482651 0.073729
v 0.451270 -0.381780 -0.062425
v -0.029686 -0.189509 0.145837
v 0.176378 -0.544781 -0.088663
v 0.177571 -0.287709 0.046908
v 0.232229 -0.434169 -0.097961
v 0.407253 -0.492028 -0.174342
v 0.121370 -0.699319 0.009324
v 0.183613 -0.840375 -0.126139
v 0.379125 -0.227430 0.036690
v 0.065156 -0.459323 0.102132
v 0.314642 -0.178680 -0.022171
v 0.100880 -0.421822 0.110137
v 0.248087 -0.200043 -0.005687
v 0.157966 0.197245 0.007379
v 0.221096 -0.627891 -0.289435
v 0.191535 -0.434394 0.019404
v 0.273914 -0.245487 -0.119524
v -0.044072 -0.571181 0.113048
v 0.170993 -0.300279 0.131295
v 0.169934 -0.872361 -0.173611
v 0.354935 -0.493777 -0.025226
v -0.211883 -0.866367 -0.052114
v 0.313997 -0.695732 -0.156974
v 0.331418 -0.317526 -0.155257
v 0.121982 -1.051025 -0.347334
v 0.268410 -0.551822 0.118864
v 0.131234 -0.592712 -0.127099
v 0.097783 -0.034266 -0.209847
v 0.000214 -0.396739 -0.045273
v 0.156120 -0.861562 0.081322
v 0.055285 -0.215837 -0.067548
v 0.327208 -0.663695 -0.110642
v 0.041846 -0.292925 -0.049899
v 0.065770 -0.278466 0.199452
v 0.322801 -0.816429 0.075634
v 0.151154 -0.318659 0.035436
v 0.184480 -0.496629 0.142396
v 0.241336 -0.666079 0.063533
v 0.209981 -0.742192 0.068566
v 0.129656 -1.089244 0.084282
v 0.145371 -0.734993 0.025708
v 0.057564 -0.082849 0.011945
v 0.198060 -0.627149 -0.115850
v 0.359835 -0.638941 0.090666
v 0.019710 -0.466255 -0.061379
v -0.024388 -0.380918 -0.067848
v 0.242607 -0.744563 -0.101309
v 0.098645 -0.180119 0.010758
v 0.011437 -0.434245 -0.133670
v -0.147918 -0.380723 0.035546
v 0.041190 -0.527906 0.250357
v 0.086585 -0.657254 -0.117108
v -0.054213 -0.583741 0.186626
v 0.265156 -0.246078 -0.114494
v -0.243250 0.189197 -0.333266
v 0.252219 -0.546128 0.119566
v -0.035374 -0.252668 -0.111408
v 0.086598 -0.481310 0.131284
v -0.043478 -0.256993 -0.000672
v 0.195412 -0.999163 0.049133
v 0.136009 -0.183868 0.022476
v 0.193564 -0.230436 0.060862
v 0.016297 -0.077683 0.124951
v 0.176768 -0.484833 -0.358071
v 0.117131 -0.855394 0.019171
v 0.092756 -0.355108 -0.058132
v -0.164338 -0.790659 0.210811
v 0.154467 -0.708467 -0.240890
v 0.117160 -0.282587 -0.031858
v 0.246426 -0.597052 -0.075331
v 0.247663 -0.772531 0.033551
v 0.144256 -0.466467 -0.171938
v 0.317647 -0.588997 -0.194734
v 0.139455 -0.169188 0.022009
v -0.180846 -0.029745 -0.147693
v 0.252938 -0.983940 -0.117642
v -0.015807 -0.664249 -0.089159
v 0.047534 -0.090335 -0.053735
v 0.238261 -0.443707 0.070932
v 0.197944 -0.371199 0.248414
v 0.107443 -0.669267 -0.116248
v 0.154775 -0.752746 0.235490
v 0.126867 -0.095851 -0.030272
v -0.037371 -0.785268 0.104676
v -0.037190 -0.312355 -0.101912
v 0.255233 -0.958035 -0.022827
v 0.392864 -0.514852 -0.112150
v 0.044391 -0.187481 -0.162371
v 0.215009 -0.742760 -0.088236
v 0.054105 -0.327773 -0.031880
v 0.191167 -0.271268 -0.004629
v 0.034990 -0.913314 0.158470
v 0.105417 -0.719163 0.178720
v -0.082261 -0.192083 0.161646
v 0.061573 -0.584422 -0.080190
v 0.162946 -0.084240 0.108823
v 0.323161 -0.361901 -0.022533
v 0.072106 -0.453612 0.051965
v -0.000721 -0.102160 -0.282238
v 0.130978 -0.906226 -0.120314
v 0.171467 -0.497605 -0.166590
v -0.154587 -0.387913 -0.137832
v 0.182007 -0.743223 0.064413
v -0.052445 -0.514264 -0.130510
v 0.268314 -0.901408 -0.108808
v 0.126881 -1.148987 0.151857
v 0.171527 -0.004896 -0.027347
v 0.041592 -0.611372 -0.047532
v -0.053734 -0.510393 -0.070194
v 0.274572 -0.988903 -0.234528
v 0.081178 -0.052675 -0.120774
v 0.144545 -0.700849 -0.086946
v 0.149856 -0.668751 -0.006480
v 0.068607 -0.013077 0.065169
v 0.348563 -0.802515 -0.120693
v 0.000005 -0.320629 -0.101581
v -0.081792 -0.847750 -0.075108
v 0.069308 -0.303968 -0.085378
v 0.237151 -0.272025 -0.206536
v 0.205694 -0.120674 0.069588
v -0.127692 -0.600073 0.062308
v -0.047683 -0.609319 -0.158732
v -0.158391 -0.653819 0.103768
v 0.051649 -0.047115 0.070511
v 0.155936 -0.292742 -0.064174
v -0.182172 -0.856360 -0.113523
v 0.066904 -0.264748 0.190263
v 0.143726 -0.264978 -0.294791
v 0.254337 -0.330152 0.167664
v 0.338270 -1.049066 0.015068
v 0.037571 -0.496045 -0.043035
v 0.139748 -0.351634 -0.009967
v 0.044828 -0.614033 -0.022177
v 0.214047 -0.692289 0.134133
v 0.253922 -0.474574 -0.166130
v 0.183817 -0.117835 -0.036654
v 0.187895 -0.527248 0.140953
v 0.185746 0.114811 -0.061267
v -0.056942 -1.129218 -0.104162
v 0.007693 -0.303034 0.060194
v 0.071188 -0.644961 -0.029984
v 0.151314 -0.214805 0.034995
v 0.035430 -0.253372 0.139422
v 0.134836 -0.227777 -0.087517
v 0.118008 -0.236917 -0.031368
v 0.036187 -0.151789 0.192881
v 0.158943 -0.434939 0.121753
v 0.120555 -0.040997 0.003941
v 0.121601 -0.875002 -0.189266
v -0.072678 -0.780549 0.079081
v 0.186887 -0.770533 -0.275042
v 0.089107 -1.032502 0.172422
v -0.146827 -0.594749 -0.125130
v 0.369977 -0.241958 -0.056931
v 0.037509 0.027803 -0.102264
v 0.116985 -0.002531 -0.183541
v 0.082514 -0.335906 -0.126919
v 0.035189 -0.415123 0.012024
v 0.135419 -0.490347 0.209397
v 0.240964 -0.743898 0.068912
v 0.032520 -0.436718 0.120404
v 0.006307 -0.339441 0.104500
v 0.191418 -0.049274 0.002813
v 0.154122 -0.643016 -0.098706
v -0.013047 0.093795 -0.063623
v 0.099634 -0.756926 -0.273345
v 0.180910 -0.138994 -0.015269
v 0.192396 -1.095705 -0.017572
v 0.079699 -0.103904 0.021177
v 0.168412 -1.047260 -0.216394
v 0.108781 -0.268456 -0.092678
v 0.167730 -0.232023 0.073610
v -0.016402 -0.448318 0.047064
v 0.141903 -0.237653 -0.062558
v 0.233394 -0.528610 0.081577
v -0.396394 -0.127766 0.067520
v 0.007457 -0.445113 -0.022458
v 0.223907 -0.250542 0.017680
v -0.024586 -0.327483 -0.098065
v -0.037979 -0.668076 0.002592
v 0.140467 -0.315247 -0.028260
v -0.032583 -0.772304 -0.096503
v 0.112561 -0.330045 0.132521
v 0.172543 -0.229848 -0.085721
v 0.125270 -0.320729 0.070727
v -0.060279 -0.501388 0.136341
v 0.064466 -0.096308 -0.137892
v 0.180263 -0.220484 -0.093590
v 0.124037 -0.430439 0.141432
v 0.149380 -0.456135 0.040918
v 0.141878 -0.997876 -0.010914
v 0.147722 -0.414970 0.079038
v 0.049715 -0.749882 -0.079014
v 0.269406 -0.307491 0.200251
v 0.290555 -0.633739 -0.080589
v -0.090459 -0.322124 -0.004567
v 0.123940 -0.645498 0.172690
v -0.072341 -0.854335 -0.122919
v 0.152988 -0.689104 -0.078975
v 0.208192 -0.220303 0.227436
v 0.292006 -0.956378 -0.096704
v 0.097463 -0.501846 -0.105190
v 0.073544 -0.589905 -0.075238
v 0.220528 -0.324648 -0.056628
v 0.205036 -0.256464 -0.288150
v 0.190394 -0.752952 0.022526
v -0.060848 -1.058169 -0.269263
v 0.189286 -0.329414 -0.015729
v 0.046400 -0.173739 -0.180382
v 0.124265 -0.889032 0.123450
v 0.031340 -0.460612 0.149140
v 0.049629 -0.883946 -0.144535
v 0.330834 -0.192375 -0.111009
v 0.198702 -0.777697 0.056450
v 0.173193 -0.363237 0.018339
v 0.279985 -0.721884 -0.185823
v 0.270109 -0.216645 -0.319593
v 0.238371 -0.218482 -0.009556
v 0.089365 -0.815221 -0.034586
v 0.267442 -0.207170 -0.126299
v 0.327781 -0.402863 0.159296
v 0.085527 -0.473687 -0.005191
v -0.083346 -0.812128 -0.207605
v -0.078051 -0.286546 -0.033385
v -0.084110 -0.286926 0.142928
v 0.118414 -0.631505 0.102140
v 0.150887 -0.103331 0.114937
v 0.246518 -1.021403 0.280190
v 0.110376 -0.507882 0.068870
v 0.083685 -0.178465 -0.021864
v 0.060653 -0.439286 -0.131004
v 0.100799 -0.555189 0.083754
v -0.018112 -0.155097 0.093387
v -0.163885 -0.802620 -0.119197
v -0.055500 -0.224803 -0.106657
v 0.010029 -0.471686 -0.058294
v 0.098609 0.057806 -0.027812
v 0.160310 -0.666891 -0.029209
v 0.134927 -0.283872 -0.101687
v 0.229100 -0.662486 -0.109460
v 0.099265 -0.288499 -0.016189
v 0.190144 -0.855039 0.112059
v 0.136321 -0.516945 -0.069811
v 0.170988 -0.501040 -0.026849
v -0.043302 -0.137570 0.082012
v 0.177032 -0.579889 -0.159089
v 0.119096 -0.533747 0.016451
v -0.098205 -0.362593 0.058661
v -0.055113 -0.729829 -0.041092
v 0.098957 -0.735690 -0.116076
v 0.008385 -0.336389 0.068933
v -0.056183 -0.235664 -0.002583
v 0.108217 -0.395057 -0.056908
v 0.065372 -0.761674 -0.083878
v 0.396203 -0.837392 -0.111831
v 0.061694 -0.221747 0.018316
v 0.247428 -0.203607 -0.116709
v -0.014314 -0.943436 0.094684
v 0.036658 -0.385823 -0.078413
v -0.242154 -0.615627 -0.233155
v 0.262459 -0.000524 -0.177067
v 0.206973 -0.906245 0.009173
v 0.100272 -0.759546 -0.147165
v -0.055657 -0.548069 0.186686
v 0.131765 -0.986842 0.066810
v 0.057319 -0.877172 -0.215224
v 0.102865 -0.706083 -0.046708
v -0.009608 -0.552563 -0.072766
v 0.128784 -0.171219 -0.064541
v 0.054441 -0.477466 -0.078614
v -0.023119 -0.707370 -0.304976
v 0.273093 -0.323502 -0.060980
v 0.068446 -0.511179 -0.152987
v 0.208524 -0.116772 -0.183975
v 0.011171 -0.712550 0.008075
v 0.048259 -0.418860 0.123114
v 0.309916 -0.482798 -0.042834
v 0.102459 -0.605857 -0.001118
v 0.167422 -0.590135 -0.132077
v 0.037061 -0.402127 0.046410
v 0.181811 -0.592517 0.036556
v 0.117644 -0.635503 -0.027949
v 0.165978 -0.753583 -0.201902
v 0.013954 -0.736946 -0.088162
v 0.028030 -0.873538 0.255963
v 0.227793 -0.458072 -0.139502
v 0.190644 -0.663539 0.202728
v 0.290324 -0.117964 -0.119144
v 0.111649 -0.392822 -0.106992
v 0.003369 -0.803555 -0.171526
v 0.253268 -0.190146 0.036229
v -0.172325 -0.103384 0.037824
v 0.110628 -0.452154 0.016836
v 0.090940 -0.351547 -0.067160
v 0.035944 -0.223657 0.068434
v -0.025741 -0.072534 -0.242839
v 0.021574 -0.362777 0.121876
v 0.141315 -0.511260 -0.025792
v 0.211769 -0.952191 -0.189150
v 0.170052 -0.228937 0.141567
v 0.069389 -0.095288 -0.098810
v 0.261197 -0.343837 0.090224
v 0.039110 -0.430745 -0.073036
v 0.007129 -0.169223 0.065354
v 0.159452 -0.753672 -0.021906
v 0.082253 -0.166331 0.091100
v 0.230019 -0.654896 0.108464
v 0.117525 -0.194536 -0.042947
v 0.145337 -0.013547 -0.061867
v 0.074529 -0.263018 -0.007120
v 0.070335 -0.640389 -0.101412
v 0.196463 -0.408328 0.097455
v 0.037059 -0.804983 -0.065567
v 0.177690 -0.412538 0.150599
v 0.287610 -0.847206 0.006547
v -0.012721 -0.799596 -0.025330
v 0.023839 -0.280447 -0.179397
v 0.055865 -0.468685 0.038155
v 0.003000 -0.682466 -0.085339
v -0.003638 -0.239432 -0.030379
v 0.169041 -0.034830 0.081034
v 0.171241 -0.342879 0.269019
v -0.006470 -0.372625 -0.155447
v 0.243974 -0.202536 -0.214538
v -0.117095 -0.329832 0.194119
v 0.277144 -0.786357 -0.147606
v 0.256979 -0.482850 0.051414
v 0.119774 -0.588254 0.162677
v 0.042224 -0.900247 -0.046615
v 0.010706 -0.392089 -0.068445
v 0.011810 -0.204482 0.052135
v 0.169901 -0.410096 0.184351
v 0.230529 -0.314475 -0.069403
v 0.123156 -0.630293 0.028654
v -0.107183 -0.341022 -0.106385
v 0.119884 -0.816293 -0.054024
v 0.027350 -0.350162 -0.053526
v 0.035535 -0.042569 0.166944
v 0.050771 -0.721229 0.056102
v 0.142057 -1.063358 -0.129846
v 0.221854 -0.948271 -0.032909
v 0.191445 -0.233574 0.015600
v 0.172785 -0.416360 -0.093919
v 0.131779 -0.668031 0.075798
v 0.040401 -1.027943 -0.119407
v -0.026374 -1.026194 -0.010882
v 0.109803 -0.147854 0.014875
v -0.122005 -0.400706 0.237216
v -0.014555 -0.395713 0.102886
v -0.325023 -0.118181 -0.199574
v -0.044974 -0.826016 -0.021636
v -0.119767 -0.413761 0.194606
v -0.025794 -0.311763 -0.104300
v -0.015314 -0.365657 -0.184681
v -0.135415 0.025225 -0.018845
v -0.304420 -0.214154 0.006280
v -0.255953 -0.713259 0.070009
v -0.148024 0.059026 0.365237
v 0.022215 -0.755844 0.118568
v -0.050815 -0.980751 0.155678
v -0.175081 -0.623315 0.363944
v -0.258005 -0.293633 -0.149690
v -0.203708 -0.334828 -0.040401
v -0.241527 -0.475985 0.059377
v -0.100471 -0.857467 0.008707
v -0.164916 -0.529312 -0.020207
v -0.042907 -0.117363 -0.016826
v -0.162825 -0.749754 0.054156
v -0.130291 -0.939345 0.123421
v -0.210104 -0.536023 0.003019
v -0.244052 -0.687757 0.006961
v -0.161343 -0.475384 -0.211216
v -0.088187 -0.832125 0.128497
v -0.069392 -0.557521 0.104929
v -0.159995 -0.327498 0.119342
v -0.355730 -0.836741 0.059152
v 0.150931 -0.281488 0.208853
v 0.050420 -0.667728 -0.145258
v 0.030029 -0.551363 0.121263
v -0.086838 -0.612538 0.384221
v -0.077274 -0.228839 0.094897
v 0.017817 -0.373060 0.205625
v -0.359305 -0.399860 -0.008818
v -0.019230 -0.528272 0.190526
v -0.366556 -0.398605 0.059259
v -0.209016 -0.677121 0.170973
v -0.222191 -0.527195 0.214576
v 0.076702 -0.097331 0.267682
v -0.096296 -0.672489 0.055303
v -0.268345 -0.634026 0.060879
v -0.350544 -0.459662 0.032966
v -0.179889 -0.384493 -0.123657
v -0.243795 -0.437901 -0.088728
v -0.169490 -0.065669 0.178024
v -0.113619 -0.076168 0.124842
v -0.027451 -0.398713 0.037188
v -0.192831 -0.483547 -0.104781
v -0.300633 -0.173241 -0.090707
v -0.175629 -0.670891 0.190456
v -0.308401 -0.732091 0.162749
v 0.014135 -0.135727 0.041703
v 0.084470 -0.931339 -0.020015
v -0.065795 -0.939638 0.011252
v -0.080155 -0.262082 -0.064138
v 0.082964 -0.545058 -0.088292
v -0.006716 -0.248564 0.175059
v -0.321174 -0.344616 0.124656
v -0.064691 -0.941926 0.031980
v 0.005142 -0.388372 0.005516
v -0.362807 -0.807567 -0.008566
v -0.094445 -0.464077 -0.113403
v -0.061676 -0.965511 0.228253
v 0.060498 -0.231759 0.117761
v -0.255360 -0.848564 0.078895
v -0.164374 -0.373842 0.208181
v -0.081428 -0.174309 0.036739
v -0.034898 -0.945593 -0.159072
v -0.311562 -0.765984 0.027827
v -0.130114 -0.704727 -0.083948
v -0.069516 -0.237080 0.095209
v -0.124255 -0.593132 0.012602
v -0.241778 -0.038134 -0.069825
v -0.172772 -0.598749 0.236613
v -0.192871 -1.067688 0.034040
v 0.028916 -0.024102 0.168195
v -0.102237 -0.896591 -0.153916
v -0.042527 -0.747193 -0.122537
v -0.212056 -0.310942 0.064119
v -0.232880 -0.717991 0.107972
v -0.161886 -0.431127 0.117443
v -0.130593 -0.336123 0.016422
v -0.003358 -0.168219 0.030888
v -0.107113 -0.878452 -0.172659
v 0.127954 -0.070638 0.054916
v -0.167598 -0.546709 -0.123961
v -0.145261 -0.916754 -0.050586
v -0.190457 -0.720548 0.048128
v -0.137844 -0.868126 -0.032565
v -0.069135 -0.757332 0.081762
v -0.091616 -0.477004 0.006657
v -0.381768 -0.950069 0.225639
v 0.136248 -0.119865 0.006207
v 0.088857 -0.901097 -0.017934
v -0.161102 -0.239063 0.141981
v -0.125433 -0.063401 -0.024563
v -0.225539 -0.305652 0.117525
v -0.106160 -0.304081 -0.108847
v 0.240004 -0.591945 0.282044
v 0.099542 -0.327937 0.007939
v -0.223003 -0.749619 0.096296
v -0.123445 -1.063659 0.151632
v 0.094255 -0.711105 0.165068
v -0.068229 -0.330671 0.042408
v -0.279441 -0.809315 0.108808
v -0.203341 -0.815120 -0.038661
v -0.289603 -0.203540 -0.051799
v -0.234933 -0.569458 0.005130
v -0.192130 -0.288454 -0.202307
v -0.156775 -1.069886 0.163937
v -0.295374 -0.552419 -0.196350
v -0.134068 -0.880461 0.124612
v 0.061574 -0.745274 0.024597
v 0.026685 -0.706630 0.083337
v -0.010972 -0.821924 -0.187661
v -0.237483 -0.648998 0.032281
v -0.026137 -0.024786 0.015008
v -0.265450 -0.496760 0.036938
v -0.149272 -0.908379 -0.162602
v -0.205990 -0.973018 0.097505
v -0.129527 -0.722054 0.161077
v 0.047099 -0.171297 -0.167220
v -0.153819 -0.319229 -0.131322
v -0.053157 -0.331168 0.027515
v -0.199509 -0.364362 0.119847
v 0.158230 -0.100195 -0.000526
v 0.108521 -0.380093 0.104717
v -0.146809 -0.220501 -0.010530
v -0.073265 -0.576304 -0.019193
v -0.143136 -0.140901 0.010532
v -0.323082 0.078076 0.186447
v 0.116874 -0.216975 0.092325
v -0.079896 -0.660092 0.075389
v -0.283758 -0.545848 0.069801
v -0.235802 -0.878812 -0.029572
v -0.249621 -0.013816 -0.077411
v -0.066388 -0.301599 0.025029
v -0.335303 -0.319425 0.079619
v 0.186229 -0.760275 0.051889
v -0.162042 -0.930559 0.039828
v -0.182128 -1.014272 0.200479
v -0.189628 -0.795278 0.141349
v -0.294184 -0.848954 0.048551
v -0.095668 -0.373330 -0.018199
v -0.321644 -0.337678 0.130072
v -0.069377 -0.100658 0.062459
v -0.152231 -0.300133 -0.097556
v -0.075477 -0.177334 -0.083640
v -0.089362 -0.428516 -0.091382
v -0.224788 -0.811165 -0.024542
v -0.313963 -0.305554 0.121238
v -0.184515 -0.534235 0.081801
v -0.314142 -0.106207 0.023731
v -0.124168 -0.391279 0.122051
v 0.154716 -0.167241 0.255209
v -0.251020 -0.955020 -0.009489
v 0.008488 -0.132632 0.199224
v 0.040070 -0.378387 -0.161988
v 0.001415 -0.639978 -0.092453
v 0.046783 -0.312898 -0.016303
v -0.057289 -0.756527 0.007678
v -0.007265 -0.941781 -0.126036
v 0.009874 -0.626919 -0.090312
v -0.179368 -0.569443 -0.036592
v -0.074594 -0.533679 0.170684
v -0.013034 -0.306448 0.033023
v -0.022724 -0.267171 0.256042
v 0.011245 -0.090388 0.129974
v -0.204992 -0.902969 0.187371
v -0.073016 -0.806506 -0.021440
v -0.225163 -0.003030 -0.005359
v -0.248053 -0.860038 -0.204042
v -0.117766 -0.366511 0.012843
v -0.118639 -0.828842 0.101647
v -0.157254 -0.859756 -0.139357
v -0.202716 -0.605196 0.010926
v -0.113806 0.033326 0.009439
v 0.103785 -0.548625 0.012905
v 0.041726 -0.544809 0.079445
v -0.021295 -0.391460 0.178254
v -0.179566 -0.333573 0.046482
v -0.386717 -0.308784 -0.077486
v -0.163190 -0.740400 -0.018614
v -0.202111 -0.377996 0.031903
v -0.190537 -0.529976 0.050347
v -0.116932 -0.778238 0.055138
v -0.100744 -0.271580 0.141060
v -0.112789 -0.168325 -0.047778
v -0.052604 -0.592268 0.065663
v -0.156204 -0.290448 -0.019378
v -0.134725 -0.165846 0.032328
v -0.263514 -0.908967 0.250060
v -0.188561 -0.431683 0.106104
v 0.050283 -0.222146 -0.050347
v 0.076627 -0.676474 0.037713
v -0.046805 -0.450228 0.013077
v -0.170482 -0.538410 -0.140511
v -0.112018 -0.421750 -0.067364
v -0.249563 -0.273541 -0.133644
v 0.027424 -0.675585 -0.207510
v -0.054704 -0.546799 0.035861
v -0.216736 -0.272266 -0.080216
v -0.131793 -0.643694 0.127494
v -0.124707 0.095996 -0.168951
v -0.105314 -0.116509 0.041561
v -0.220152 -0.703733 -0.083472
v -0.270511 -0.556781 -0.032956
v -0.295987 -0.716577 -0.083377
v -0.207717 -0.215509 -0.137463
v -0.338937 -0.787767 -0.055748
v 0.041516 -0.524969 0.089106
v -0.147754 -0.179296 0.067815
v -0.192774 -0.854507 -0.069923
v -0.070467 -0.633696 0.158422
v -0.053255 -0.208359 -0.073809
v -0.127824 -0.592802 -0.084861
v -0.161785 -0.393293 -0.166320
v -0.032717 -0.436455 -0.169863
v -0.196759 -0.671842 -0.072314
v -0.020708 -0.236770 -0.023049
v -0.221716 -0.506208 0.026535
v -0.162018 -0.946535 -0.097605
v -0.270587 -0.694965 0.059394
v -0.253411 -0.615022 0.114116
v -0.368073 -0.874290 -0.156082
v -0.020545 -0.337677 -0.021690
v -0.375492 -0.204462 0.088921
v -0.090935 -0.740385 0.057070
v -0.266294 -0.806720 0.093153
v -0.311594 -0.753536 -0.046470
v -0.164837 -0.096501 0.138966
v -0.223272 -0.780642 -0.015970
v 0.127994 -1.031971 -0.009301
v 0.070401 -0.747500 0.033865
v -0.318919 -0.465843 -0.018144
v 0.083296 -0.071679 0.096673
v -0.115560 -0.600078 0.124603
v -0.089168 -0.253838 0.060489
v -0.162630 -0.948251 -0.031276
v -0.261020 -0.585674 -0.030230
v -0.155728 -0.964411 -0.052011
v -0.064581 -0.321960 0.090344
v -0.027707 -0.379638 0.243118
v -0.228641 -0.756611 0.012042
v -0.097319 -0.144485 -0.081557
v -0.196889 -0.404730 -0.148759
v 0.038056 0.037208 0.163249
v 0.067845 -0.002229 -0.098821
v 0.051097 -0.548305 0.112905
v -0.266748 -0.804090 -0.004380
v -0.187015 -0.956090 -0.138205
v -0.229725 -0.233414 0.222381
v -0.387949 -0.716569 -0.110107
v 0.114286 -0.353151 -0.044222
v -0.020248 0.073586 -0.090945
v -0.226874 -0.245121 -0.137515
v -0.141792 -0.159932 0.058393
v -0.245107 -0.474768 -0.000133
v 0.015437 -0.607741 -0.064537
v -0.060743 0.008262 0.125273
v -0.200332 0.093158 0.042314
v -0.229593 -0.392915 0.110498
v -0.141104 -0.413091 0.065209
v -0.126241 -0.478787 0.097239
v -0.250445 -0.739463 -0.109063
v -0.100437 -0.453473 0.021518
v -0.141426 -0.407961 0.047665
v -0.121526 -0.516848 -0.177201
v -0.236367 -0.731562 0.066704
v -0.059667 -0.400116 0.378363
v 0.031051 -0.116414 -0.059692
v 0.015781 -0.115083 -0.000170
v -0.168703 -0.727243 -0.216556
v 0.012378 -0.361545 0.264368
v -0.220353 -0.717667 -0.101100
v -0.119263 -0.404219 -0.077751
v -0.016752 -0.900824 0.026133
v -0.144643 -0.238840 0.031305
v -0.197448 -0.326152 0.123958
v 0.073963 -0.161947 0.007883
v -0.005036 -0.819398 0.034960
v -0.142404 -0.669934 -0.100548
v -0.065984 -0.256874 0.064894
v -0.022963 -0.228755 0.050020
v -0.240377 -0.641996 0.081910
v 0.003634 -0.362075 0.145636
v -0.350424 -0.656014 -0.036734
v 0.193708 -0.718562 0.065593
v -0.186806 0.009871 0.230632
v -0.130121 -0.476263 -0.009950
v -0.130914 -0.382470 -0.097881
v -0.008702 -0.001745 0.080880
v -0.224901 0.020878 -0.160641
v -0.104626 -0.734002 -0.103248
v -0.072212 -0.068592 -0.119141
v -0.090236 -0.138003 -0.260101
v -0.007417 -0.805261 0.026366
v -0.268834 -0.395409 0.284859
v -0.067402 -0.430298 0.111657
v -0.170556 0.042062 0.173514
v -0.382524 -0.929372 0.052452
v -0.068784 -0.687758 0.021389
v -0.185392 -0.512422 -0.089671
v -0.116377 -0.621491 0.150388
v -0.301920 -0.733691 -0.222763
v 0.118929 -0.386925 0.007065
v 0.176644 -0.256826 0.082448
v -0.184687 -0.205752 0.068972
v -0.134044 -0.092894 -0.027638
v -0.186478 -0.590647 0.061654
v -0.004454 -0.560682 0.143279
v -0.390491 -0.563985 -0.061932
v -0.244654 -0.952103 0.017224
v -0.082486 -0.838546 0.060940
v -0.200586 -0.647091 0.001216
v -0.033649 -0.489175 0.136160
v -0.009489 -0.700369 0.182487
v -0.308952 -0.130361 0.064043
v -0.064632 -0.803261 0.288124
v -0.086607 -0.560438 -0.046535
v -0.134299 -0.220192 -0.070562
v 0.060455 -0.264362 -0.033708
v -0.037716 -0.205000 0.077005
v -0.115419 -0.085113 0.198050
v -0.134141 -0.960524 0.092382
v -0.058071 -0.025822 -0.102189
v -0.139710 -0.322896 0.275814
v -0.145183 -0.445844 0.222086
v -0.227182 -0.859894 -0.008386
v -0.183728 -0.304875 0.184328
v -0.233461 -0.794978 0.089678
v -0.159860 0.013519 -0.097050
v -0.173298 -0.582141 0.036057
v -0.149202 0.060267 0.040538
v -0.188704 -0.342749 -0.014531
v 0.145849 -0.529846 0.095801
v -0.400430 -0.682525 -0.071574
v -0.262543 -0.883917 -0.050271
v -0.242244 -0.654092 0.116739
v -0.225613 -0.121760 0.009850
v -0.327083 -0.745058 -0.076215
v -0.168238 -0.553990 -0.091161
v -0.132114 -0.231002 0.193703
v -0.353708 -0.276246 0.106981
v -0.228942 -0.357841 0.122322
v -0.002927 -0.248189 -0.070459
v -0.205033 -0.480572 0.192291
v -0.272119 -0.732573 0.149854
v -0.189289 -0.098617 0.171992
v 0.033302 -0.863265 0.011053
v -0.257655 -0.366232 0.127793
v -0.439907 -0.674884 0.233201
v 0.100142 -0.544160 0.061187
v 0.011771 -0.276125 0.213796
v -0.118261 -0.554700 0.124476
v -0.112376 -0.571496 0.054112
v -0.257723 -0.535592 -0.193828
v -0.203912 -0.606486 0.037626
v -0.240724 -0.360463 0.142381
v -0.319708 -0.778726 0.008561
v 0.116605 -0.438779 0.037872
v -0.202013 -0.977333 0.112828
v -0.038902 -0.619306 0.253869
v -0.386780 -0.810212 -0.228425
v -0.145165 -0.103986 0.074924
v -0.016629 -0.006621 0.025915
v -0.285296 -0.351081 0.088327
v -0.223013 -0.155592 0.046150
v -0.282572 -0.772771 0.224559
v 0.012826 -0.984967 -0.104425
v 0.016439 -0.170185 0.179401
v -0.049046 -0.568234 -0.190740
v -0.086178 -0.127513 -0.200221
v -0.028383 -0.534105 0.058571
v -0.120991 -0.506432 0.113984
v 0.056101 -0.569429 0.127255
v -0.185346 -0.699558 -0.055678
v -0.449329 -0.288630 -0.036783
v -0.167172 -0.944621 -0.033594
v 0.047947 -0.769096 -0.083855
v -0.308669 -0.391629 -0.027064
v -0.501467 -0.694079 0.211670
v -0.298571 -0.712533 0.026662
v -0.194993 -0.671524 -0.199953
v -0.166810 -0.177681 0.171587
v 0.028582 -0.721939 0.032898
v -0.118099 -0.536665 -0.143391
v -0.048909 -0.759151 0.191466
v -0.178716 -0.825083 -0.000431
v -0.273479 -0.128740 0.113905
v -0.294165 -0.659813 0.155598
v -0.160285 -0.598534 0.060651
v -0.149701 0.132960 -0.030023
v -0.174839 -0.248950 0.019176
v -0.109447 -0.245958 -0.284370
v -0.089085 -0.412663 -0.176321
v -0.165200 -0.188600 0.074503
v -0.185845 -0.120724 0.143096
v 0.134332 -1.517295 -0.348288
v 0.205326 -1.652478 -0.003966
v 0.372627 -1.301288 -0.067625
v 0.310488 -1.972807 -0.149035
v 0.141857 -1.030137 0.003239
v 0.087197 -1.686262 -0.217496
v 0.272914 -1.501797 0.059904
v 0.022031 -1.254405 0.033340
v 0.024756 -0.735297 -0.010359
v 0.170617 -1.529783 0.140604
v -0.150229 -1.811505 -0.035165
v 0.128313 -0.806995 0.172694
v 0.192596 -1.688908 -0.095231
v 0.054438 -1.486915 -0.014596
v 0.188752 -1.221896 -0.154909
v 0.059236 -1.042050 -0.142844
v 0.398227 -1.466198 -0.065813
v 0.086568 -1.255787 -0.124593
v 0.085343 -1.222699 -0.008041
v -0.133614 -1.218526 -0.052483
v 0.451900 -1.075133 -0.353418
v 0.180778 -1.770682 -0.164858
v 0.210389 -1.537785 -0.076045
v 0.349745 -1.230069 0.077014
v 0.138704 -1.024520 -0.122316
v 0.249997 -1.394596 -0.208564
v 0.198372 -1.177030 -0.127486
v 0.185568 -1.018391 -0.041246
v 0.189525 -1.683218 0.091718
v 0.074546 -1.638461 -0.022694
v 0.177272 -1.160210 -0.223783
v -0.045324 -1.836418 -0.061128
v 0.251823 -0.857979 0.154237
v 0.037919 -0.988307 -0.104019
v 0.053623 -1.293706 -0.238988
v 0.170256 -1.604038 -0.131440
v 0.103149 -1.180508 -0.068476
v -0.026952 -1.285479 0.031576
v 0.231665 -0.830318 0.029252
v 0.040182 -1.394474 -0.278976
v 0.270717 -1.371163 -0.413270
v 0.205247 -1.782679 -0.431233
v 0.249867 -0.939136 -0.021352
v 0.192592 -1.257278 0.090454
v 0.126870 -0.981457 -0.171852
v 0.368512 -1.455398 -0.078790
v 0.200307 -1.807413 -0.023458
v 0.007436 -1.078121 -0.158740
v 0.097092 -1.457515 0.007780
v 0.313092 -1.443772 -0.316554
v -0.047471 -1.064674 -0.063064
v 0.205513 -1.295819 0.098042
v 0.526126 -1.020809 -0.294537
v -0.102100 -1.025486 -0.177209
v -0.060073 -1.012870 -0.095873
v -0.005295 -1.652963 -0.105859
v 0.009577 -1.232922 -0.147333
v 0.017290 -1.683717 0.103457
v 0.112669 -1.343271 -0.010352
v 0.335695 -1.552809 -0.141735
v 0.095630 -1.684710 -0.160629
v 0.252432 -1.664337 -0.056690
v 0.066549 -1.667599 0.007452
v -0.084120 -1.162348 -0.133567
v 0.337333 -1.154993 -0.171301
v 0.260666 -1.060790 0.098330
v 0.119994 -1.318925 0.136409
v -0.114506 -1.424231 -0.071457
v 0.127950 -1.310801 0.138954
v 0.167382 -1.077677 -0.128296
v 0.196982 -1.235675 0.056329
v -0.015415 -0.992217 -0.128716
v 0.157564 -1.004680 0.001309
v 0.030686 -1.113110 -0.118700
v 0.109842 -1.125033 -0.080767
v 0.004610 -1.332151 0.096492
v -0.042839 -1.421403 -0.153110
v 0.226872 -1.569892 -0.021920
v 0.199761 -1.734936 -0.427713
v 0.136343 -1.160097 -0.302904
v 0.230734 -1.302188 -0.084727
v 0.142659 -1.880879 -0.158713
v 0.237504 -1.020445 -0.135946
v 0.000617 -1.001756 -0.095023
v 0.122679 -1.173655 -0.186527
v 0.040660 -1.576104 -0.082267
v 0.209156 -1.423914 -0.207091
v 0.136039 -1.588545 -0.068841
v 0.025305 -1.712655 -0.343811
v -0.330573 -1.089628 -0.115408
v -0.056742 -1.341448 -0.093402
v -0.095542 -1.269460 0.029615
v -0.039086 -1.610274 -0.081270
v 0.167949 -1.571936 -0.059229
v -0.047327 -1.180057 -0.150783
v -0.061110 -1.708608 -0.069147
v -0.136954 -1.174400 -0.406026
v 0.051120 -1.404809 0.051273
v 0.119715 -1.333771 -0.099229
v 0.093302 -1.158812 0.018248
v 0.059813 -1.635752 -0.032426
v 0.102628 -1.477027 -0.125368
v 0.181795 -1.080504 -0.075582
v 0.220425 -1.447011 -0.106672
v 0.110492 -1.245924 -0.110759
v 0.245101 -0.401324 -0.272222
v 0.188729 -1.501049 -0.054912
v -0.142479 -1.403917 -0.192296
v 0.017997 -1.180877 0.212287
v 0.103776 -1.880327 -0.192751
v 0.081372 -1.408886 -0.144793
v 0.192756 -0.976126 0.068334
v 0.146358 -1.617065 0.104725
v 0.132259 -1.605639 -0.257537
v 0.102922 -1.295681 -0.073191
v 0.139892 -1.234528 -0.260798
v 0.110090 -1.252965 -0.132378
v 0.184029 -1.318614 -0.002076
v 0.166314 -1.453507 -0.078441
v 0.178552 -0.939722 -0.006768
v 0.133263 -1.438920 -0.106096
v 0.244086 -1.246928 -0.220936
v 0.248811 -1.359075 -0.127667
v 0.152715 -1.037695 -0.134827
v 0.320362 -1.675899 -0.043026
v -0.026624 -0.921518 0.166023
v 0.136031 -1.393452 -0.003353
v 0.289174 -0.948348 -0.127229
v 0.066642 -1.552982 -0.013502
v 0.239672 -1.164397 -0.126447
v 0.277625 -1.517789 0.117059
v 0.071354 -1.174502 -0.103737
v 0.292194 -1.465704 -0.132071
v 0.275565 -1.107728 -0.136420
v 0.301597 -1.009939 -0.185617
v 0.183595 -0.939396 -0.140705
v 0.071551 -1.215726 0.066134
v -0.124937 -1.362758 -0.202787
v -0.087818 -1.495277 -0.396429
v -0.289816 -1.784829 -0.542909
v 0.229553 -1.457316 -0.266025
v 0.004130 -1.465686 -0.121722
v 0.111455 -1.004669 -0.126007
v 0.563910 -1.132577 -0.297660
v 0.065506 -1.173595 -0.164141
v -0.021498 -1.570347 -0.117631
v 0.139613 -1.363117 -0.225961
v 0.134372 -1.521739 -0.042286
v 0.142696 -1.141226 0.060658
v -0.013664 -1.629349 -0.033191
v 0.036433 -1.414843 -0.090858
v 0.107939 -1.327034 0.010988
v 0.225799 -1.644271 -0.035675
v 0.167545 -1.312120 -0.033718
v 0.113775 -1.355909 0.035256
v -0.145270 -1.407617 0.074818
v 0.190579 -0.799344 0.181131
v 0.002129 -1.335243 -0.248907
v 0.135135 -0.789763 -0.064966
v 0.120169 -0.900034 -0.153488
v 0.024861 -0.632717 -0.270123
v 0.227437 -0.708893 -0.148719
v 0.087896 -0.857074 -0.190389
v -0.002270 -1.849523 -0.245229
v 0.120281 -1.378574 -0.112894
v 0.060105 -1.360939 -0.082873
v 0.095172 -1.290370 -0.096288
v 0.141027 -1.387699 -0.125791
v 0.161458 -0.806105 0.049120
v 0.092095 -1.354548 -0.058113
v 0.090772 -1.563675 -0.103242
v -0.054224 -1.109597 -0.023942
v 0.292490 -1.088184 -0.096436
v 0.274442 -1.118205 -0.065763
v 0.327278 -1.591647 -0.179619
v -0.118097 -1.618588 0.083902
v 0.117060 -1.026392 -0.066982
v 0.181229 -0.972399 -0.025796
v 0.131051 -1.510588 -0.067519
v 0.534147 -0.971792 -0.127743
v 0.003377 -1.527813 -0.083174
v 0.090588 -1.065883 -0.288305
v 0.002878 -1.207156 -0.268704
v -0.269644 -1.446901 -0.126790
v 0.816831 -1.811217 -0.336312
v 0.268234 -1.344339 -0.324840
v 0.230297 -0.968145 -0.229631
v 0.284897 -1.858222 -0.120500
v 0.173004 -1.414690 0.000794
v 0.022125 -1.196502 -0.165663
v 0.218474 -1.577767 0.021976
v -0.064528 -1.232587 -0.002708
v 0.231495 -1.117312 0.083901
v 0.108417 -0.936366 -0.139475
v 0.162650 -1.235007 -0.024855
v 0.274876 -0.580029 -0.204011
v 0.069141 -1.602224 -0.275915
v 0.026324 -1.135086 -0.048860
v 0.225262 -1.461594 -0.161804
v 0.203507 -1.192193 -0.117794
v 0.354058 -2.089011 -0.322448
v 0.228064 -1.838509 0.214647
v 0.364755 -1.379824 -0.146716
v 0.176189 -1.119236 0.002550
v 0.128931 -1.522411 -0.047358
v 0.174015 -0.661822 -0.083533
v -0.024545 -1.551264 -0.124187
v 0.077679 -1.760710 -0.213164
v 0.113968 -1.356411 0.123733
v 0.153836 -1.211030 -0.095315
v 0.032116 -1.299636 0.009419
v -0.098969 -1.586820 -0.234601
v 0.305521 -1.169449 -0.054999
v -0.027807 -1.395872 -0.025725
v 0.263739 -1.333498 0.086047
v 0.107146 -1.694441 -0.055045
v 0.028370 -1.253791 -0.067301
v 0.065402 -1.093938 -0.226980
v -0.047841 -1.137312 0.176339
v 0.090915 -1.221970 -0.022290
v 0.034104 -1.500744 0.005141
v 0.195964 -0.967662 0.016489
v 0.088885 -1.654388 -0.098448
v 0.235739 -1.862460 -0.219977
v 0.174152 -0.893236 0.020625
v 0.034603 -1.100513 0.088882
v 0.078726 -1.415982 -0.233228
v 0.031906 -1.165915 -0.023962
v 0.213485 -1.344401 -0.217014
v 0.270824 -1.790201 -0.472508
v 0.118501 -1.789484 -0.196970
v 0.200750 -1.539239 -0.150698
v 0.126293 -1.283939 -0.233942
v 0.091723 -1.271307 0.005102
v 0.127273 -0.761546 -0.181410
v 0.236001 -1.066259 -0.005731
v 0.124805 -1.054367 -0.171822
v 0.544638 -1.705241 -0.142125
v 0.384781 -1.518718 -0.138976
v 0.212686 -1.094869 -0.171390
v -0.207252 -1.958241 -0.295184
v -0.019129 -1.502479 -0.089536
v -0.108195 -1.765262 -0.349975
v 0.316665 -1.570260 -0.025285
v 0.106139 -1.502139 -0.070437
v 0.074290 -1.123281 -0.009317
v -0.091930 -1.217595 0.121640
v 0.249506 -1.097635 -0.097226
v 0.170296 -1.015912 0.042353
v 0.049474 -1.036284 0.095617
v -0.029699 -1.332686 -0.088115
v 0.097179 -1.223932 0.222820
v -0.009664 -1.012285 -0.058675
v 0.113741 -1.907609 -0.023342
v 0.235026 -1.740336 -0.049153
v 0.185414 -1.387108 -0.335201
v 0.024166 -1.464425 -0.150321
v 0.198740 -1.598442 -0.042630
v 0.263207 -1.011370 -0.003100
v 0.037042 -1.477769 -0.277787
v 0.108197 -1.303347 -0.259847
v 0.213912 -0.978143 0.021686
v 0.181445 -1.452359 0.059434
v 0.100129 -1.034955 -0.050084
v 0.094722 -1.256865 -0.076551
v 0.000207 -0.848366 0.051780
v 0.025383 -1.153697 0.008610
v 0.111110 -1.518038 0.081058
v 0.110145 -1.373896 -0.112174
v 0.068187 -1.220878 -0.031411
v 0.247453 -1.499793 0.024021
v 0.195614 -1.632376 -0.019972
v 0.277414 -1.175190 -0.212938
v -0.048293 -1.262196 -0.288296
v 0.166094 -1.332175 -0.037743
v 0.066428 -1.371321 -0.218021
v -0.048284 -1.497424 -0.221922
v -0.232167 -1.216061 0.074252
v -0.089753 -1.020583 -0.179904
v 0.051332 -1.214726 -0.123296
v 0.183291 -1.535374 -0.051591
v 0.067307 -1.383905 -0.129515
v 0.117217 -1.463281 -0.047536
v -0.109851 -1.322351 0.056329
v 0.188408 -1.225111 0.028675
v -0.004150 -1.027439 -0.175289
v -0.127619 -1.746678 0.001332
v 0.277505 -1.287580 -0.324212
v 0.607354 -1.339614 -0.254638
v 0.022224 -1.678862 -0.085533
v 0.092449 -0.862865 0.022915
v 0.086238 -1.300349 -0.151673
v 0.131410 -2.033841 -0.103186
v 0.038581 -1.402735 -0.178417
v 0.199973 -0.822976 -0.198184
v 0.190325 -1.939720 -0.183459
v 0.622283 -1.349396 -0.405176
v 0.157772 -1.199713 -0.108772
v 0.287138 -1.735298 -0.069394
v 0.221007 -1.708022 0.038593
v 0.089910 -1.716899 -0.193849
v 0.296471 -1.453289 0.094935
v 0.424425 -0.988878 -0.058526
v 0.118928 -1.225572 -0.011207
v 0.046176 -1.637112 0.047705
v 0.079561 -1.349763 -0.337286
v 0.098271 -1.578626 -0.196820
v 0.082525 -1.268023 -0.077540
v 0.295349 -0.905655 -0.077133
v 0.169023 -1.338363 0.090729
v 0.176286 -1.467366 -0.143556
v 0.100883 -0.588820 -0.129715
v 0.257751 -0.344883 -0.434775
v 0.012571 -0.766549 0.031721
v 0.072948 -1.102439 -0.132781
v 0.267449 -1.238140 -0.031100
v 0.235494 -1.345340 -0.043484
v 0.112073 -1.668950 -0.185485
v -0.040652 -0.835088 0.041120
v 0.002699 -1.378517 -0.089026
v 0.102750 -1.316989 0.037507
v -0.009583 -1.659843 -0.064686
v 0.104784 -1.659312 -0.209641
v 0.210105 -1.188604 0.059318
v 0.146275 -0.988063 0.163889
v 0.063253 -1.480752 -0.118385
v 0.207633 -1.659825 0.105007
v 0.128643 -1.113957 0.026597
v 0.036799 -1.728922 -0.167967
v 0.085314 -1.074016 -0.065642
v 0.016858 -0.758543 0.131396
v 0.075669 -1.204169 -0.142455
v 0.384846 -1.179792 -0.065747
v 0.011949 -1.252903 -0.196486
v 0.190278 -1.325537 -0.178989
v 0.101432 -1.584373 0.060885
v 0.170098 -1.613853 0.028258
v -0.028140 -1.485279 -0.130778
v 0.142610 -1.570545 -0.241403
v 0.220832 -0.841098 0.034595
v -0.090743 -0.809721 0.003866
v 0.178122 -0.731313 0.044752
v 0.064944 -1.420270 0.145269
v 0.187011 -1.304948 0.093074
v 0.229952 -1.323992 -0.211869
v 0.042948 -0.991816 -0.216256
v -0.031209 -1.362432 -0.168154
v 0.099301 -0.986949 -0.012582
v 0.116223 -1.353504 0.025061
v 0.130608 -0.964958 -0.017975
v -0.156976 -1.464938 0.096129
v -0.136506 -1.518603 0.100536
v 0.084095 -1.424737 0.048432
v -0.224337 -0.833147 -0.031720
v -0.073974 -1.059997 0.102944
v -0.064813 -1.765914 0.126949
v -0.316714 -1.407967 -0.098223
v 0.127347 -1.440743 0.026444
v -0.171549 -0.756549 0.014922
v -0.125231 -0.834953 -0.051953
v -0.086934 -1.130159 0.112433
v -0.268908 -0.661622 0.031676
v -0.212497 -1.172190 0.094626
v -0.172627 -1.314578 -0.046323
v -0.104416 -1.413250 0.246253
v 0.017661 -1.507560 0.130111
v -0.181143 -1.288711 -0.021118
v -0.127311 -1.685205 0.079518
v -0.128673 -0.745187 0.006841
v -0.392059 -1.055918 -0.107985
v -0.172447 -1.326693 0.025344
v -0.397882 -1.322350 0.009388
v -0.326129 -1.019082 0.218515
v -0.144482 -1.720840 0.052008
v -0.043849 -0.819283 -0.115193
v -0.140061 -1.136757 -0.064292
v -0.159945 -1.520298 0.208291
v -0.070673 -1.732380 -0.124933
v -0.113603 -1.226310 0.072100
v -0.270529 -1.351992 0.012363
v -0.147955 -1.461777 -0.056782
v -0.104641 -1.342089 0.116692
v -0.072523 -1.486112 -0.141070
v 0.007392 -1.616470 -0.071822
v -0.351182 -1.378849 0.004625
v -0.012078 -1.595105 0.073071
v -0.113415 -1.535573 -0.139560
v -0.070928 -1.771882 0.123225
v 0.061390 -1.687500 0.161085
v 0.024786 -1.562829 -0.264761
v -0.295926 -1.198668 0.151797
v 0.058588 -1.059306 -0.040181
v -0.258941 -1.212690 -0.066173
v -0.172192 -1.211469 -0.058551
v -0.246801 -1.405375 0.017983
v 0.022748 -1.816814 -0.013448
v -0.207613 -1.617572 0.150571
v 0.007221 -1.483819 -0.121018
v -0.039625 -1.405216 0.139907
v -0.206515 -0.765561 -0.048790
v -0.005169 -1.604412 -0.127426
v -0.122691 -1.807611 0.033654
v -0.000610 -1.315441 0.060796
v -0.137222 -1.160833 0.124788
v -0.041357 -1.515878 0.134058
v -0.146759 -0.838382 -0.301153
v -0.147822 -1.634172 -0.086303
v -0.141614 -0.822895 -0.030732
v 0.256822 -1.011015 -0.043772
v -0.072333 -1.395366 -0.135013
v -0.057937 -1.072544 0.102051
v -0.151150 -1.197349 0.016988
v -0.106645 -1.077462 -0.044746
v -0.200793 -1.382052 0.012020
v -0.044763 -1.252466 -0.175053
v -0.030520 -1.096725 0.245233
v -0.162359 -1.458066 -0.229891
v -0.518960 -1.247924 0.029940
v -0.283250 -1.419461 -0.191214
v -0.127614 -1.505800 0.162464
v -0.121195 -1.397271 -0.092939
v 0.077072 -0.932996 -0.229118
v -0.052616 -1.245167 0.230399
v 0.158711 -1.194249 0.081632
v -0.183995 -1.431481 -0.152631
v -0.229684 -1.405356 -0.041281
v -0.187453 -1.264587 -0.144230
v -0.289840 -1.275657 -0.080078
v -0.191868 -0.873894 0.051585
v -0.005936 -0.781345 -0.093087
v -0.235048 -1.101925 0.074858
v -0.241283 -1.297989 0.208797
v -0.175591 -1.061994 0.147999
v -0.058719 -1.208964 0.056495
v -0.077386 -1.141333 -0.030857
v -0.384046 -0.996272 0.055565
v -0.119441 -1.422515 0.057388
v -0.220977 -1.485271 0.034639
v 0.006895 -0.858392 -0.022857
v -0.088251 -0.988062 -0.068092
v -0.086869 -1.721859 -0.013583
v -0.126148 -1.321311 0.021733
v 0.073879 -0.928532 0.080134
v -0.157731 -1.379141 -0.006533
v 0.010906 -1.087185 0.077557
v 0.008935 -0.943172 0.086526
v -0.154120 -1.192050 -0.075793
v -0.254926 -1.444866 0.033358
v -0.043223 -1.629711 0.007706
v -0.176191 -1.544703 0.144796
v -0.314953 -0.909944 0.098649
v -0.079031 -1.615289 0.046726
v -0.144330 -1.739813 0.131121
v -0.035892 -1.474369 -0.150773
v -0.152643 -1.418290 0.025404
v -0.149655 -1.011331 -0.054146
v -0.118481 -1.226600 0.150568
v -0.117900 -1.683494 -0.111453
v -0.054950 -1.150814 0.066848
v -0.094628 -1.109090 -0.117286
v -0.106768 -1.373581 -0.032761
v -0.132932 -1.490716 -0.113563
v -0.393802 -1.251869 0.062317
v 0.161701 -1.650082 0.045609
v -0.275160 -0.920016 0.263284
v -0.078496 -1.226586 0.142766
v -0.226657 -1.514091 -0.076081
v -0.235711 -1.334498 0.077374
v -0.297186 -1.416317 0.075327
v -0.146234 -1.521783 -0.030437
v 0.006952 -1.547561 0.072007
v -0.104645 -1.435203 -0.066001
v -0.052976 -1.330029 0.064033
v 0.071367 -1.149823 0.039531
v -0.454415 -1.028578 0.063002
v -0.059993 -1.126565 -0.128506
v -0.318993 -0.785623 -0.043282
v 0.047039 -1.529836 -0.028964
v -0.107920 -1.257266 -0.080050
v -0.125696 -1.080005 0.028689
v 0.135474 -1.235641 -0.110290
v -0.125750 -1.665800 -0.210303
v -0.388765 -1.164996 -0.005172
v -0.010256 -1.408778 0.065203
v -0.331983 -1.446280 -0.274065
v -0.461658 -1.070189 0.204720
v -0.306884 -1.168771 -0.090068
v -0.184306 -1.352987 0.100192
v -0.321730 -0.927680 -0.085327
v -0.074448 -0.987033 -0.188743
v -0.065018 -1.291768 0.082072
v -0.146445 -0.843987 -0.032797
v -0.217296 -0.960154 -0.202252
v -0.016784 -1.224821 -0.017663
v -0.081859 -1.560483 -0.111849
v -0.465512 -1.019629 -0.057950
v -0.078423 -0.977029 -0.016071
v -0.068642 -1.557060 0.028280
v -0.106968 -0.768043 0.066817
v -0.051903 -1.359144 0.064365
v -0.149377 -1.137744 -0.026039
v -0.261153 -1.345779 0.258955
v -0.105315 -1.232726 -0.034711
v -0.135863 -1.430590 -0.072255
v -0.250824 -1.085492 -0.093308
v -0.040616 -1.566549 0.120298
v -0.072503 -1.123020 -0.163401
v -0.267342 -1.065569 -0.169867
v -0.122751 -1.183103 0.063315
v -0.134804 -1.708687 0.143082
v -0.201909 -0.960760 0.037926
v -0.057042 -1.766251 0.273417
v -0.083333 -1.276796 0.064545
v -0.103314 -1.299655 0.051853
v -0.027212 -1.696319 0.054571
v -0.107732 -1.310537 -0.168526
v -0.315548 -1.433124 -0.307157
v -0.186654 -1.059090 0.213722
v -0.145935 -0.893678 -0.006737
v -0.298714 -1.755556 -0.047536
v -0.173838 -0.699157 0.014773
v -0.236621 -1.613110 0.020892
v -0.001087 -1.414031 0.077231
v 0.015737 -1.193172 0.028224
v -0.248331 -1.118911 -0.071046
v -0.099794 -1.697173 0.142985
v -0.093824 -0.844911 0.092628
v -0.227151 -1.429047 -0.187075
v -0.220897 -1.040522 -0.056601
v 0.000436 -1.433324 -0.171069
v -0.089810 -1.480062 0.011599
v -0.143911 -0.988752 0.113640
v -0.063168 -1.051705 0.090804
v -0.196720 -1.757255 0.137281
v -0.161130 -1.603635 -0.165457
v -0.005855 -1.658172 0.187222
v 0.030510 -0.774831 -0.008293
v -0.057047 -1.630469 -0.051673
v -0.129149 -1.167625 0.087689
v -0.036490 -1.003645 -0.008935
v -0.085037 -1.008555 0.137025
v -0.093520 -1.529569 -0.189253
v -0.188404 -1.477025 0.036575
v 0.063673 -1.171182 -0.023004
v -0.271847 -1.029978 -0.140841
v -0.211223 -1.602522 0.040538
v -0.147050 -0.885961 0.103231
v -0.008125 -0.976997 0.256277
v -0.346994 -1.314695 0.096650
v -0.127784 -1.487312 -0.130028
v -0.003405 -1.002806 -0.073875
v -0.228142 -1.591936 -0.151057
v -0.172449 -0.828501 -0.042506
v -0.390084 -0.878659 0.026032
v -0.148303 -1.782203 0.055141
v -0.078454 -1.397911 0.094726
v -0.308613 -1.103834 0.039408
v 0.192145 -1.115013 0.020525
v -0.183652 -1.127781 0.148383
v -0.400689 -1.397321 0.236353
v -0.204172 -1.605227 0.311745
v -0.299533 -1.252854 0.043012
v -0.367420 -1.172652 0.002074
v -0.059057 -1.508223 0.021131
v -0.304926 -1.182958 0.077402
v -0.146811 -1.045650 0.083324
v -0.292584 -0.862298 -0.119209
v -0.258473 -1.172762 0.068145
v -0.363763 -1.337576 0.023822
v -0.304000 -1.531705 -0.148294
v 0.196006 -1.624329 0.016234
v 0.082442 -0.812019 -0.201971
v -0.094294 -1.343380 0.197811
v -0.244530 -1.415699 -0.213238
v -0.155951 -1.223414 -0.000279
v -0.229829 -1.114665 0.145958
v -0.104917 -1.145499 0.123045
v -0.339706 -1.076251 0.104437
v -0.015742 -1.130791 -0.103892
v -0.111784 -1.152586 -0.053583
v -0.171206 -0.882836 0.057472
v -0.162731 -1.112841 0.068524
v 0.030683 -1.362806 -0.044904
v -0.157909 -1.348599 0.085368
v -0.052886 -1.541832 0.108812
v -0.260032 -1.013855 -0.011160
v -0.204899 -1.687907 0.206891
v -0.144281 -1.613199 0.161172
v 0.094073 -0.790476 0.209409
v 0.022064 -1.600434 0.193185
v -0.186434 -1.647449 -0.048138
v -0.079925 -1.291984 0.182470
v -0.061796 -1.490679 -0.014420
v -0.224156 -1.610970 0.015112
v -0.271714 -1.553526 0.115066
v 0.021191 -1.282845 -0.205973
v 0.106073 -0.953533 0.044674
v -0.353721 -1.180444 0.134360
v -0.373481 -1.105735 0.205018
v -0.377682 -1.374166 -0.031259
v -0.449478 -0.987120 0.106103
v -0.113803 -1.599655 0.139981
v -0.276647 -1.029216 -0.167333
v -0.226106 -1.577889 -0.002742
v -0.067284 -1.210092 -0.069732
v -0.297229 -1.223512 0.082009
v -0.111054 -1.172743 -0.218258
v -0.063608 -0.913635 0.117875
v -0.001604 -1.494061 0.028224
v -0.266208 -1.484942 0.207063
v -0.264529 -1.021695 0.094062
v 0.011207 -1.358443 0.128719
v -0.073860 -1.029471 -0.197153
v -0.103302 -1.096745 -0.067579
v -0.235032 -0.903967 0.003090
v -0.289469 -0.950425 0.024174
v -0.200679 -1.464092 -0.030818
v -0.056094 -1.398807 -0.170991
v -0.296859 -1.406515 0.122229
v -0.105273 -1.497481 -0.188579
v -0.141584 -1.169167 0.224698
v -0.202404 -1.666918 0.090955
v -0.354012 -0.987049 -0.011516
v -0.070231 -1.223682 0.047771
v -0.274733 -1.283309 -0.232025
v -0.140517 -1.097725 0.016505
v -0.156355 -1.578219 0.112626
v 0.008398 -1.525560 0.010047
v -0.363676 -1.572617 0.310348
v -0.262914 -1.033080 -0.015346
v -0.221143 -1.240260 -0.285407
v -0.246601 -1.130994 0.055511
v -0.092722 -1.367207 -0.019540
v -0.410206 -1.367308 0.144090
v -0.034282 -1.331429 0.071694
v -0.122941 -1.806210 -0.120487
v -0.213374 -1.468466 -0.027038
v -0.218385 -1.009696 -0.101238
v -0.249283 -1.599481 -0.023987
v -0.160513 -1.130626 0.076040
v 0.099358 -1.312697 -0.064755
v -0.275131 -1.464715 0.029012
v 0.005790 -0.852813 -0.126762
v 0.013612 -1.497582 -0.074708
v -0.169156 -1.039816 0.079031
v -0.091635 -1.376715 -0.066997
v 0.018160 -1.119462 -0.038476
v -0.082007 -1.012682 -0.025997
v -0.260024 -1.134266 0.085822
v -0.140500 -1.668518 -0.061284
v -0.011453 -1.008514 0.101255
v -0.042869 -1.682642 0.227773
v -0.208896 -0.917701 0.130259
v -0.106754 -1.128852 0.062187
v -0.186227 -0.899083 -0.099466
v -0.160535 -1.042009 0.130738
v -0.168283 -0.772735 -0.199616
v -0.235361 -1.502033 0.107323
v -0.316966 -1.207374 0.131107
v -0.177500 -1.352204 -0.024018
v 0.007737 -1.654215 0.033715
v -0.190947 -0.906414 -0.048751
v -0.124444 -1.377397 0.015140
v -0.067769 -0.742063 -0.058137
v -0.329313 -1.441543 0.219747
v 0.092581 -0.968318 -0.041112
v -0.125475 -1.054140 -0.026003
v -0.178462 -1.254321 -0.136100
v -0.074112 -1.208163 0.031802
v -0.207315 -1.466415 0.038780
v -0.216559 -1.564807 -0.016015
v -0.257918 -1.305400 -0.132979
v -0.224832 -1.122676 -0.081050
v -0.100691 -1.469329 0.212580
v -0.083413 -1.208260 0.105248
v -0.224430 -1.409692 -0.111791
v -0.094581 -1.454174 -0.051519
v -0.240263 -1.104457 0.008632
v -0.372447 -0.983207 -0.115480
v -0.179002 -1.255056 -0.008008
v -0.099300 -1.128141 0.058311
v -0.169125 -1.387703 0.064342
v -0.149338 -0.859030 -0.192225
v -0.146126 -1.175558 0.079194
v -0.435690 -1.472240 0.098812
v -0.295133 -1.464978 0.153462
v -0.026474 -1.607748 0.210638
v -0.272976 -1.258631 -0.197022
v -0.175112 -1.071173 -0.072582
v -0.194989 -1.168422 -0.184535
v -0.098283 -1.499922 -0.121913
v -0.104342 -1.688049 -0.152030
v -0.023390 -1.339424 -0.107903
v -0.357743 -0.999006 -0.151392
v -0.200117 -1.518515 -0.069628
v -0.140495 -1.517550 -0.156740
v -0.166044 -1.361810 0.156835
v -0.245624 -1.467709 -0.000328
v -0.041908 -1.762981 -0.005909
v -0.080013 -1.621743 0.078180
v -0.062662 -1.823207 0.082964
v 0.071112 -1.543223 0.159103
v -0.014507 -1.611366 0.163642
v 0.361802 -1.493899 0.090806
v 0.049209 -1.736700 -0.070778
v -0.035184 -1.579450 0.121696
v 0.031778 -1.667004 0.284934
v -0.104669 -1.564265 0.104021
v 0.002252 -1.734283 -0.005730
v 0.127170 -1.732803 0.048177
v -0.058045 -1.858834 0.092468
v 0.056765 -1.808791 0.342865
v 0.024783 -1.669205 -0.024996
v -0.026431 -1.966746 0.205940
v 0.310545 -2.027352 0.238558
v -0.073989 -1.834852 0.172113
v 0.117029 -1.643938 0.180846
v -0.107259 -1.843205 0.096952
v 0.168054 -1.913125 0.150180
v 0.064933 -1.855942 -0.074509
v 0.057371 -1.600503 0.000590
v 0.120674 -1.652661 0.068566
v 0.026921 -1.832668 0.070501
v 0.257971 -1.790476 0.257026
v 0.055703 -1.875061 -0.081382
v 0.140207 -2.096837 0.150278
v -0.175776 -1.783297 0.319514
v 0.021242 -1.609641 0.034739
v 0.030558 -1.939991 0.066952
v 0.185663 -1.824877 0.159263
v 0.047454 -1.816588 0.335152
v 0.122860 -1.769435 0.112943
v 0.035164 -1.910281 0.020152
v 0.016147 -1.772211 0.064882
v 0.117753 -1.758669 -0.009253
v 0.144049 -1.820505 0.105111
v -0.068378 -1.947626 0.081845
v 0.219695 -1.853483 0.199361
v 0.286671 -1.715869 0.229114
v -0.054475 -1.824903 -0.077698
v 0.032603 -1.631339 0.137741
v 0.112627 -1.792451 0.232184
v 0.093909 -1.894347 -0.023168
v 0.361407 -1.711025 0.201698
v 0.103226 -1.944363 0.189479
v 0.075088 -1.796246 0.311253
v 0.204441 -1.624627 0.273233
v 0.066168 -1.646334 -0.043378
v 0.150744 -1.591275 0.239692
v -0.105547 -1.869569 -0.193053
v 0.095570 -2.057707 0.140390
v 0.007497 -1.662602 -0.157872
v 0.165140 -1.859703 0.090438
v 0.004941 -1.863341 0.070477
v 0.112571 -1.885089 0.334744
v 0.116158 -1.673395 0.202504
v 0.153437 -1.375981 0.189949
v 0.141582 -1.522916 0.021769
v 0.240254 -1.791581 0.002017
v -0.030647 -1.769652 0.129237
v 0.083430 -1.696241 0.292275
v 0.113033 -1.562087 0.030888
v 0.051449 -1.624439 0.069867
v 0.266117 -1.627626 0.065361
v 0.157641 -1.587457 -0.003083
v 0.016347 -1.793938 0.147833
v 0.212619 -1.619659 -0.031538
v 0.082941 -1.854434 -0.027993
v 0.014420 -1.726466 0.212517
v 0.211182 -1.663356 0.172880
v 0.061096 -1.848134 0.096545
v 0.264716 -1.886640 0.136083
v -0.070461 -1.887328 0.150779
v 0.240914 -1.730556 -0.015167
v 0.253860 -1.711477 0.090745
v -0.072781 -1.810415 0.179573
v -0.021096 -1.488309 0.032968
v -0.079015 -1.906091 0.267220
v 0.180132 -1.833796 0.083803
v 0.158921 -1.815547 0.157851
v -0.065748 -1.686657 0.066538
v 0.185157 -1.766252 0.096188
v 0.093568 -1.852157 0.156237
v 0.056571 -1.717255 0.165822
v 0.086846 -1.641627 0.013042
v 0.092367 -1.917215 0.053435
v 0.025675 -1.563107 0.165518
v -0.033554 -1.781361 0.172357
v 0.145186 -1.888783 0.267049
v 0.255167 -1.818758 -0.008512
v 0.390314 -1.639089 0.091489
v 0.134538 -1.798178 0.000758
v 0.118276 -1.884093 0.320175
v -0.071606 -1.768389 0.025417
v -0.093173 -1.701462 -0.008506
v 0.145636 -1.682633 0.059589
v -0.103132 -1.662317 0.007018
v 0.023842 -1.857451 0.053294
v 0.100014 -1.664896 -0.006702
v 0.097302 -1.959237 0.233278
v -0.035637 -1.724188 0.246204
v 0.216913 -1.688929 0.243002
v 0.191742 -1.739854 0.131214
v 0.048739 -1.842684 0.198999
v -0.013894 -1.615492 0.048926
v 0.147614 -1.521431 0.193721
v 0.078429 -1.686965 -0.064920
v -0.130836 -1.799867 0.101876
v 0.172909 -1.577249 0.125622
v 0.279122 -1.952330 0.150092
v 0.174527 -1.821673 0.258248
v 0.090782 -1.562505 0.132908
v -0.055011 -1.697924 0.375404
v 0.108159 -1.600182 0.068181
v 0.296212 -1.756126 0.138190
v 0.170755 -1.688941 0.116899
v 0.230041 -1.648688 0.171450
v -0.019607 -1.856454 -0.073506
v 0.215273 -1.780473 -0.147950
v 0.053999 -1.846624 0.037534
v -0.085621 -1.669783 0.286350
v 0.141167 -1.621465 0.023314
v 0.110172 -2.016356 0.201485
v 0.212540 -1.684965 -0.030789
v 0.275157 -1.770614 0.120622
v -0.080269 -1.757931 0.048144
v 0.199045 -1.584307 -0.122531
v -0.091763 -1.873659 0.192696
v 0.087878 -1.979865 0.136711
v 0.077608 -1.879840 0.185431
v 0.110903 -1.648124 0.143428
v 0.041378 -1.798079 0.148566
v 0.104630 -1.874176 -0.094434
v 0.309704 -2.069270 0.132679
v 0.111596 -1.694321 0.146152
v 0.187101 -1.865277 -0.012267
v 0.235843 -1.608758 0.311731
v 0.138061 -1.653332 -0.017329
v -0.163642 -1.739084 0.069114
v 0.116164 -1.647374 0.061503
v 0.019093 -1.556223 0.284505
v 0.238444 -1.860890 0.286188
v 0.040968 -1.694147 0.189443
v 0.029977 -1.909793 -0.039936
v 0.001729 -1.727465 0.063098
v 0.280699 -1.888835 0.166767
v 0.296818 -1.925487 0.182658
v 0.106159 -1.676033 0.053813
v -0.067400 -1.577617 0.200156
v -0.020420 -1.721899 -0.061215
v -0.157902 -1.551196 0.111189
v 0.029692 -1.750269 -0.111352
v 0.079023 -1.619569 0.261735
v -0.023199 -1.884467 0.436498
v -0.094648 -1.817677 0.320388
v 0.045294 -1.761237 0.289382
v -0.311534 -1.830152 0.357156
v -0.063753 -1.819407 -0.114418
v -0.108411 -1.826038 0.260119
v -0.123256 -1.586037 0.237533
v -0.008437 -1.684505 0.234192
v -0.254649 -1.772263 -0.032438
v 0.026997 -1.583357 0.362553
v 0.033168 -1.864376 0.510769
v -0.287613 -1.654796 0.189907
v -0.109609 -1.706295 0.314529
v -0.115137 -1.642423 0.271525
v -0.357697 -1.791445 0.155082
v -0.202354 -1.563057 0.135544
v 0.060646 -1.839471 0.103873
v -0.034783 -1.568376 0.239026
v -0.065446 -1.696628 0.087430
v -0.249803 -1.736271 0.279214
v -0.075459 -1.734161 0.316296
v -0.202639 -1.628453 0.070787
v 0.106237 -1.528304 0.254876
v -0.219275 -1.944441 0.210466
v -0.094616 -1.676296 0.128912
v -0.044974 -1.904340 0.277938
v -0.137610 -1.752437 0.045652
v -0.223188 -1.864633 0.410615
v 0.026726 -1.686241 0.091333
v 0.015258 -1.855299 0.242415
v -0.089959 -1.670503 0.281072
v -0.053255 -1.636035 0.107854
v -0.044260 -1.760419 -0.028164
v -0.204068 -1.990766 0.111536
v -0.188427 -1.720685 0.180916
v -0.017773 -1.845976 0.385212
v -0.116299 -1.865983 0.114659
v -0.122633 -2.069530 0.259344
v -0.027294 -1.839382 0.279210
v -0.004977 -1.755791 0.300751
v -0.291976 -1.705178 0.254469
v -0.130431 -1.919321 0.199233
v -0.040486 -1.822183 0.078558
v -0.165363 -1.846406 0.230893
v 0.150523 -1.906735 0.338044
v -0.188008 -1.989759 0.198690
v 0.093785 -1.731176 0.154535
v -0.012564 -1.702881 -0.194965
v 0.004127 -1.566963 0.197529
v -0.065610 -1.720770 0.307393
v -0.238296 -1.633544 0.402885
v 0.061948 -1.761948 0.237291
v -0.131225 -1.769998 0.245524
v -0.145079 -1.759063 0.213075
v -0.011660 -2.015527 0.288201
v -0.239117 -1.658975 0.059228
v 0.027701 -1.764870 0.113768
v -0.171601 -1.736762 0.200772
v -0.135762 -1.756104 0.201237
v -0.281828 -1.840083 0.183955
v 0.117518 -1.717276 0.486377
v 0.001542 -1.752589 0.222173
v -0.116286 -1.677682 0.154883
v -0.196161 -1.705518 0.503780
v -0.030005 -1.916424 0.289390
v -0.108500 -1.872925 0.259579
v -0.149415 -1.867182 0.353536
v -0.045632 -1.878929 -0.010084
v -0.179614 -1.580400 0.381925
v -0.036240 -1.578444 0.432647
v -0.067207 -1.832696 0.315119
v -0.080596 -2.001117 0.380226
v 0.053429 -1.748232 0.293308
v -0.020710 -1.964012 0.175773
v -0.140428 -1.861974 0.270896
v -0.015401 -1.698233 0.278913
v -0.012364 -1.869060 0.344260
v -0.214413 -1.675309 0.268996
v -0.098445 -1.726195 0.331872
v -0.261646 -1.760578 -0.084450
v -0.108152 -1.993469 0.155289
v 0.151899 -1.596879 0.193892
v 0.000199 -1.486110 0.466742
v 0.083073 -1.732921 0.160037
v -0.120504 -1.701840 0.166137
v -0.145194 -1.685825 0.207178
v -0.071456 -1.521542 0.150998
v -0.244161 -1.742231 0.160166
v -0.043365 -1.823831 0.210762
v 0.038960 -1.672813 -0.053193
v -0.080477 -1.840456 0.124440
v -0.302687 -1.711553 0.248323
v -0.075297 -1.836613 0.237376
v -0.185571 -1.722999 0.198953
v 0.104467 -1.645162 0.099776
v -0.062988 -1.557789 0.177392
v -0.106857 -1.876357 0.001359
v -0.021646 -1.709945 0.167054
v -0.085305 -1.798068 0.152085
v -0.092267 -1.747551 0.232138
v 0.009269 -1.762504 0.248990
v -0.317528 -1.947041 -0.005487
v 0.026569 -1.628518 0.349804
v -0.207572 -1.541526 0.129406
v -0.052127 -1.699625 0.224766
v -0.126839 -1.852318 0.108186
v -0.188366 -1.991087 0.175733
v -0.060228 -1.798391 0.174982
v -0.060278 -1.863478 0.365655
v -0.161048 -1.802727 0.361574
v -0.100232 -1.837275 0.187143
v -0.245266 -1.774873 0.090286
v 0.052801 -1.825820 0.320953
v -0.107283 -1.607989 0.101743
v 0.055492 -1.698213 0.142941
v -0.161287 -1.686530 0.198526
v -0.120327 -1.883548 0.232624
v -0.040398 -1.743084 0.319720
v -0.016986 -1.792843 0.292977
v -0.138397 -1.827699 0.105422
v 0.011051 -1.714014 0.242881
v -0.043259 -1.619419 0.384502
v -0.144325 -1.927047 0.233131
v -0.164458 -1.742825 0.203186
v -0.111315 -1.845281 0.401170
v 0.057344 -1.598314 0.248505
v -0.100197 -1.573419 0.438105
v 0.115222 -1.783522 0.116035
v 0.178472 -1.641420 0.268830
v -0.080276 -1.773559 0.393492
v -0.232516 -1.837578 0.112816
v -0.092396 -1.661253 0.205407
v -0.264802 -1.715565 0.206976
v -0.059951 -1.609722 0.212380
v -0.175419 -1.921726 0.076080
v 0.025788 -1.560267 0.289271
v -0.071947 -1.732413 0.276639
v -0.047868 -1.795045 0.233684
v -0.083159 -1.694046 0.095746
v -0.195906 -1.734159 0.107128
v 0.019154 -1.756070 0.251864
v -0.253617 -1.642564 0.339038
v -0.038601 -1.881147 0.250195
v -0.224268 -1.619088 0.423474
v -0.291128 -1.899899 0.304305
v -0.095172 -1.675964 0.111400
v 0.026204 -1.589153 0.152022
v 0.537965 -0.231042 0.364069
v 0.604992 -1.190920 0.656689
v 0.469909 -0.445912 0.620934
v 0.668912 -0.216709 0.211972
v 0.593323 -0.896001 0.666221
v 0.727728 -0.218727 0.194305
v 0.502307 -0.685814 0.526076
v 0.628080 -0.034908 0.378521
v 0.391505 -1.222435 0.886777
v 0.621468 -0.078251 0.476092
v 0.413933 -0.700906 0.698672
v 0.344646 -1.383183 0.733561
v 0.389362 -0.191408 0.365117
v 0.425393 0.096124 0.388266
v 0.606078 0.020351 0.333658
v 0.624309 -0.674078 0.474556
v 0.607126 -0.150137 0.502850
v 0.394148 -0.958956 0.692891
v 0.520645 -0.155157 0.371608
v 0.484780 -0.036189 0.302902
v 0.540408 -0.037669 0.430513
v 0.517454 -0.894778 0.754548
v 0.641105 -0.906866 0.762166
v 0.709934 0.004979 0.446634
v 0.537020 -0.901648 0.718109
v 0.510245 0.172906 0.278544
v 0.627065 -0.451965 0.604012
v 0.410742 -0.768873 0.630400
v 0.529801 -0.022896 0.082990
v 0.487333 -0.011455 0.494866
v 0.596139 0.313687 0.164677
v 0.562262 -0.813505 0.529421
v 0.557150 -0.391264 0.520198
v 0.403661 -0.377590 0.489435
v 0.473753 -0.038347 0.502871
v 0.481530 -0.543187 0.651075
v 0.431466 -0.142803 0.379284
v 0.399892 -1.115473 0.815472
v 0.376352 -1.177884 0.735327
v 0.604988 0.112088 0.337342
v 0.137980 -1.052041 0.872752
v 0.463446 0.351774 0.243326
v 0.528434 -0.032170 0.309330
v 0.630812 -0.270490 0.623738
v 0.513071 0.323284 0.162555
v 0.757541 -0.502295 0.533842
v 0.562222 0.214217 0.378429
v 0.575666 -0.291157 0.393307
v 0.518505 -0.151570 0.454819
v 0.560757 0.076762 0.244653
v 0.612975 -0.738070 0.588997
v 0.564354 -0.020257 0.331428
v 0.342399 -0.765070 0.622670
v 0.388662 -0.319618 0.501365
v 0.549984 0.180582 0.255254
v 0.385999 0.309306 0.191192
v 0.677034 -0.384453 0.612723
v 0.405721 0.274639 0.036229
v 0.500589 -0.672629 0.410117
v 0.528805 -0.970253 0.805429
v 0.444781 -1.121885 0.688726
v 0.486003 0.292402 0.123310
v 0.444721 -0.859690 0.650227
v 0.557530 0.288822 0.410971
v 0.652017 0.158643 0.355098
v 0.540894 -0.537039 0.490270
v 0.498860 0.145084 0.275180
v 0.524595 -0.080286 0.391397
v 0.522287 -0.661525 0.485229
v 0.329863 -0.962522 0.685442
v 0.598649 -0.729858 0.474276
v 0.418959 -0.682681 0.589302
v 0.601383 -0.482317 0.806707
v 0.318773 -1.048103 0.648001
v 0.582148 0.095678 0.104670
v 0.361854 -1.039780 0.719062
v 0.647307 -0.770203 0.707606
v 0.529612 -0.739283 0.524639
v 0.456472 0.218359 0.262622
v 0.535652 -0.815604 0.531721
v 0.433629 -0.723685 0.670128
v 0.641952 -0.057492 0.197582
v 0.542427 0.048662 0.395257
v 0.518578 -0.537595 0.571293
v 0.521516 -0.178144 0.439548
v 0.734732 -0.472438 0.372101
v 0.197677 -1.261208 0.875309
v 0.430615 0.380488 0.209515
v 0.411245 -0.759882 0.610392
v 0.576457 -0.384592 0.633619
v 0.606294 -0.433457 0.804205
v 0.435133 -0.800445 0.514482
v 0.587028 -0.153420 0.387122
v 0.677622 -1.020263 0.724283
v 0.511672 -0.760782 0.431169
v 0.628013 -0.164290 0.346348
v 0.530373 0.414457 0.198719
v 0.500031 0.346520 0.259979
v 0.541640 0.040364 0.437955
v 0.471978 0.186644 0.419462
v 0.554376 -0.581686 0.500525
v 0.590588 0.048725 0.207964
v 0.537324 0.293345 0.349386
v 0.540448 0.090478 0.214058
v 0.377400 0.131096 0.111185
v 0.420244 0.343791 0.191924
v 0.512215 0.125470 0.322913
v 0.570965 -0.349727 0.514859
v 0.589799 -0.683027 0.565219
v 0.345695 -1.037050 1.040934
v 0.748907 -0.209112 0.464920
v 0.400391 -0.061638 0.402336
v 0.454488 -0.058069 0.298971
v 0.341843 0.439689 0.291506
v 0.691020 -0.916828 0.617413
v 0.419477 -0.970682 0.718464
v 0.465148 -0.299999 0.665300
v 0.441817 -0.687370 0.404314
v 0.695508 -0.504137 0.558610
v 0.392775 -1.114665 0.538016
v 0.537724 -0.592596 0.609539
v 0.430181 -0.598141 0.841999
v 0.441708 -0.546528 0.641599
v 0.598269 -0.488474 0.335865
v 0.361144 -0.207803 0.448608
v 0.670429 -0.750759 0.430116
v 0.437365 -0.371803 0.361808
v 0.332689 -0.948910 0.503872
v 0.395605 -1.257267 0.508277
v 0.459280 -0.981668 0.704959
v 0.321261 -1.135056 0.849339
v 0.409991 -0.742253 0.649495
v 0.561535 0.242068 0.550747
v 0.501136 -0.050359 0.231450
v 0.572087 -0.805297 0.541266
v 0.468793 -0.669678 0.582355
v 0.602940 0.207883 0.468869
v 0.507354 -0.587931 0.574944
v 0.532110 -0.369474 0.631921
v 0.478636 0.096162 0.255825
v 0.372536 0.190940 0.379557
v 0.548524 -0.045831 0.426855
v 0.435318 -0.803740 0.763624
v 0.427290 -0.288608 0.569892
v 0.458461 0.237122 0.382346
v 0.673763 -1.105418 0.560999
v 0.575982 0.193538 0.496232
v 0.418097 0.499785 0.116163
v 0.508116 -0.944842 0.624005
v 0.346679 -0.426655 0.617114
v 0.601995 -0.186670 0.538500
v 0.439408 -0.796897 0.732863
v 0.513856 0.107443 0.408869
v 0.468757 -0.019545 0.272990
v 0.550121 -0.299509 0.498665
v 0.455472 -1.006711 0.465918
v 0.625379 0.069399 0.304585
v 0.547346 -0.089959 0.449941
v 0.530693 0.192192 0.543752
v 0.468582 0.018535 0.439226
v 0.543374 0.556656 0.345031
v 0.350048 -1.017692 0.740436
v 0.399674 -0.650879 0.686012
v 0.686896 -0.420518 0.373702
v 0.403206 -0.953686 0.632127
v 0.633504 0.160190 0.349817
v 0.581124 -0.560612 0.475377
v 0.414122 -1.020360 0.699887
v 0.627896 -0.828360 0.694365
v 0.630597 0.234513 0.285673
v 0.696888 -0.028495 0.499664
v 0.511659 -0.201276 0.164153
v 0.482918 -0.748516 0.684088
v 0.597785 -0.122379 0.263226
v 0.575058 -0.704295 0.463383
v 0.458240 -0.151795 0.423529
v 0.517839 -0.215969 0.298504
v 0.452878 -0.523211 0.371120
v 0.546136 -0.231372 0.430987
v 0.282676 -1.032220 0.813900
v 0.438276 -0.849871 0.716415
v 0.396493 0.471617 0.047118
v 0.535735 0.233006 0.261361
v 0.623475 -0.903965 0.601332
v 0.439749 -0.840497 0.778919
v 0.479199 -0.009215 0.517912
v 0.253105 -0.820162 0.813691
v 0.416733 -0.552791 0.509501
v 0.411395 0.595559 0.225109
v 0.267166 0.138767 0.488799
v 0.478975 -0.720848 0.746736
v 0.653041 -0.350696 0.366026
v 0.523786 0.460553 0.344039
v 0.444866 -0.390603 0.359056
v 0.591387 0.343579 0.290851
v 0.463201 -0.453215 0.501169
v 0.488646 -0.201217 0.517875
v 0.351930 -0.202996 0.378379
v 0.550272 -0.416472 0.618432
v 0.445944 -0.785387 0.611006
v 0.378837 -1.032375 0.648614
v 0.574743 -0.738703 0.611858
v 0.474908 -0.733241 0.632129
v 0.455067 -0.007945 0.186951
v 0.516632 0.217272 0.303055
v 0.493858 -0.545270 0.689271
v 0.471763 -0.650054 0.683658
v 0.412332 -0.823238 0.654842
v 0.432129 -0.193251 0.504126
v 0.480147 -0.733476 0.696048
v 0.558658 -0.709187 0.734520
v 0.629864 -0.107683 0.231406
v 0.611418 -0.138675 0.515500
v 0.444689 0.524303 0.111003
v 0.543520 -0.834157 0.691344
v 0.406750 0.294046 -0.005919
v 0.552686 -0.919883 0.661995
v 0.522243 0.169790 0.204935
v 0.525121 -0.508394 0.466855
v 0.500812 -0.538984 0.455033
v 0.377268 0.626394 0.306821
v 0.526386 -0.742083 0.561717
v 0.634281 -0.220442 0.395522
v 0.559239 -0.469546 0.685085
v 0.569072 -0.282457 0.489135
v 0.536949 -0.548470 0.537326
v 0.374322 -0.481298 0.542821
v 0.603562 -0.358108 0.566612
v 0.605642 -0.873331 0.815444
v 0.522623 0.363518 0.167749
v 0.618667 0.060462 0.521395
v 0.488491 -0.490969 0.693118
v 0.461399 -0.986820 0.606205
v 0.452665 -0.510224 0.413407
v 0.579528 -0.130040 0.304802
v 0.382403 -0.574668 0.531662
v 0.468237 -0.782732 0.696886
v 0.349250 -0.765908 0.474957
v 0.319410 -1.212887 0.709158
v 0.472441 -0.819944 0.854718
v 0.527799 -1.002560 0.829988
v 0.420722 0.421271 0.011143
v 0.671533 -0.712952 0.540341
v 0.645893 -0.681547 0.719276
v 0.508705 -0.160718 0.277591
v 0.375899 -0.911883 0.931981
v 0.417487 -0.921220 0.828315
v 0.501755 -1.048237 0.775417
v 0.589483 -0.960691 0.539483
v 0.440489 -0.715262 0.640832
v -0.367827 0.598442 0.589942
v -0.616663 -0.501817 0.813561
v -0.450953 -0.554043 0.876720
v -0.336229 -0.161140 0.789785
v -0.415581 0.203776 0.450786
v -0.466711 -0.108997 0.431054
v -0.491828 0.174310 0.377676
v -0.539375 -0.074633 0.829511
v -0.339805 0.185298 0.347607
v -0.458113 -0.626800 0.792217
v -0.203236 0.213751 0.516050
v -0.354280 -0.587636 0.780325
v -0.558862 -0.101101 0.746927
v -0.330764 -0.299784 0.681696
v -0.279941 -0.561107 0.884913
v -0.456382 0.142853 0.470238
v -0.297340 -0.482048 0.654107
v -0.369084 -0.677086 0.869999
v -0.557665 0.103801 0.443642
v -0.286388 -0.887809 0.974147
v -0.566818 -0.027512 0.656215
v -0.590456 -0.338046 0.581210
v -0.558044 0.009924 0.437434
v -0.470605 -0.618291 0.764427
v -0.408938 -0.718221 0.652273
v -0.538433 0.074911 0.498803
v -0.437894 0.567667 0.382863
v -0.538161 -0.412330 0.835486
v -0.364875 -0.694339 0.832031
v -0.449790 0.683885 0.343810
v -0.373435 -0.818527 0.874703
v -0.522485 -0.228544 0.462974
v -0.520005 -0.144948 0.458383
v -0.531654 -0.426868 0.735882
v -0.544482 -0.504851 0.952775
v -0.434924 0.376446 0.176312
v -0.357489 0.169612 0.294197
v -0.355643 0.447606 0.496428
v -0.403833 -0.778663 0.755621
v -0.563686 0.390486 0.498663
v -0.345704 -0.784929 0.808487
v -0.404633 -0.685761 0.964515
v -0.413397 -0.726189 0.668284
v -0.383311 -0.710958 0.977898
v -0.415047 -0.352214 0.717687
v -0.582154 -0.285563 0.675649
v -0.471126 -0.437021 0.724234
v -0.545523 0.215752 0.442006
v -0.258030 -0.912302 0.899780
v -0.586767 0.380426 0.615217
v -0.549702 0.165323 0.455763
v -0.456680 -0.510461 0.729698
v -0.505105 -0.229589 0.807828
v -0.330128 -0.680521 0.730166
v -0.568579 -0.178372 0.767319
v -0.265928 -0.616508 1.090976
v -0.450846 0.245341 0.483647
v -0.489641 -0.066841 0.549708
v -0.386700 -0.149530 0.687840
v -0.416020 -0.343174 0.526164
v -0.461759 -0.439815 0.875646
v -0.493869 -0.046914 0.612250
v -0.555107 0.223676 0.471576
v -0.470740 0.555420 0.407690
v -0.232399 0.590461 0.403819
v -0.277731 -0.905044 0.812773
v -0.216511 -0.159876 0.553771
v -0.192380 -0.509191 0.972675
v -0.343675 -0.753032 1.005242
v -0.256099 -0.350601 0.995883
v -0.478390 -0.224360 0.661046
v -0.473410 0.165496 0.517159
v -0.494225 0.284496 0.390663
v -0.387358 0.239782 0.313731
v -0.513995 -0.231824 0.942082
v -0.241622 -0.031078 0.868348
v -0.471278 0.168546 0.562023
v -0.497942 -0.460299 0.835629
v -0.398494 -0.067287 0.819827
v -0.294161 -0.401371 0.801601
v -0.406652 0.285851 0.612989
v -0.526286 -0.230617 0.563476
v -0.500106 0.034699 0.548953
v -0.505905 0.042346 0.427772
v -0.516610 0.150645 0.670906
v -0.433305 0.359355 0.473094
v -0.118421 -1.090155 0.967661
v -0.346336 -1.152576 0.910792
v -0.137858 -0.845772 0.968380
v -0.169826 -1.101072 1.052638
v -0.371625 -0.342274 0.648019
v -0.379215 -0.840059 0.916279
v -0.446785 0.170924 0.649238
v -0.486890 -0.742380 0.888049
v -0.528754 -0.020345 0.707786
v -0.186906 0.247346 0.489520
v -0.416013 0.199187 0.480249
v -0.486170 -0.104641 0.577106
v -0.416008 0.128178 0.470626
v -0.431785 -0.287257 0.745034
v -0.532470 -0.402316 0.765950
v -0.407877 0.477210 0.268791
v -0.124605 -1.087079 1.074522
v -0.442632 -0.136946 0.480362
v -0.272068 -0.938914 0.872612
v -0.419037 -0.282993 0.705193
v -0.403067 -0.953462 0.755755
v -0.132567 -1.124791 1.086951
v -0.574558 0.019118 0.471269
v -0.255255 -0.794212 0.964460
v -0.172901 -0.687527 0.915438
v -0.490139 -0.704401 0.903540
v -0.467682 0.488468 0.441125
v -0.245841 -0.131864 0.624552
v -0.380994 -0.701152 0.747284
v -0.370354 0.179628 0.561070
v -0.257434 -0.543052 0.987197
v -0.549605 -0.106045 0.398524
v -0.345866 0.398152 0.501369
v -0.419862 -0.952523 1.163111
v -0.497398 0.450267 0.326167
v -0.533941 -0.520895 0.553755
v -0.535804 0.040172 0.664787
v -0.349278 -0.064238 0.761388
v -0.606025 0.254034 0.295983
v -0.187522 0.464640 0.182216
v -0.662734 0.209309 0.544405
v -0.364011 0.423837 0.298575
v -0.286832 -1.229619 1.002383
v -0.611518 -0.092649 0.330138
v -0.612322 -0.301640 0.574827
v -0.323980 -0.459687 0.838810
v -0.456620 0.148501 0.433600
v -0.505521 0.079584 0.641798
v -0.452203 0.148001 0.299876
v -0.484461 -0.664244 1.024088
v -0.631731 0.097912 0.531199
v -0.317518 -0.671710 1.008569
v -0.255008 -0.645139 0.989060
v -0.439982 -0.125624 0.573291
v -0.329232 -0.416241 0.674557
v -0.655535 -0.285194 0.525677
v -0.446141 0.405103 0.307405
v -0.420493 -0.546191 0.688201
v -0.391860 0.394757 0.149186
v -0.531206 -0.235618 0.577585
v -0.231165 -1.182164 0.978059
v -0.369369 -0.016036 0.635682
v -0.549444 -0.250922 0.796193
v -0.277949 -0.792997 0.953776
v -0.392862 0.059787 0.643187
v -0.455593 -0.186810 0.585794
v -0.553892 0.038166 0.579546
v -0.607937 0.065026 0.408797
v -0.477836 0.267412 0.218270
v -0.445199 -0.602092 0.919507
v -0.410681 -0.108357 0.577920
v -0.366150 -0.756461 0.912666
v -0.370265 -1.079964 1.142277
v -0.381933 -0.416217 0.744893
v -0.377070 -0.765052 0.928345
v -0.433451 0.056981 0.519043
v -0.544182 -0.492412 0.797354
v -0.505122 0.011731 0.640784
v -0.331492 0.133368 0.583840
v -0.516236 0.183601 0.471752
v -0.339347 0.202439 0.424466
v -0.478253 -0.658792 0.991407
v -0.544224 -0.633426 0.882398
v -0.476929 -0.737444 0.815645
v -0.561117 -0.556680 0.923657
v -0.382130 -0.475549 0.832723
v -0.520460 -0.115846 0.484994
v -0.340540 -0.656215 0.811437
v -0.471996 -0.288292 0.527454
v -0.344321 -1.032951 1.168339
v -0.353991 -0.434467 0.859110
v -0.454034 -0.342477 0.637277
v -0.364768 -1.036252 1.018806
v -0.350110 0.543148 0.280081
v -0.415442 -0.644470 0.682335
v -0.437405 -0.560701 0.993661
v -0.388668 -0.910203 1.050345
v -0.137394 -0.493620 1.041210
v -0.338632 0.410992 0.549232
v -0.501688 -0.042707 0.737829
v -0.446107 -0.608433 0.889310
v -0.372393 -0.339620 0.722902
v -0.330366 -0.788237 0.963550
v -0.420773 -0.927548 1.137742
v -0.439146 0.348770 0.480537
v -0.427252 -0.781031 0.999152
v -0.361049 -0.517245 0.921673
v -0.279965 0.626015 0.287103
v -0.326210 -0.122650 0.642023
v -0.357603 0.035847 0.832135
v -0.580646 0.129006 0.494639
v -0.495915 0.155144 0.571710
v -0.321877 0.495004 0.332184
v -0.389330 0.354947 0.590225
v -0.094313 -0.614428 0.958384
v -0.433128 0.216588 0.483647
v -0.389245 -0.093929 0.570052
v -0.409354 -0.081980 0.530181
v -0.475191 -0.552441 0.686715
v -0.533950 -0.535923 0.803756
v -0.307005 0.339219 0.316050
v -0.315909 -0.258061 0.692084
v -0.434832 0.064777 0.368528
v -0.266573 -0.021090 0.566185
v -0.583724 0.115648 0.367993
v -0.365158 0.312472 0.451098
v -0.545443 0.078072 0.508975
v -0.282887 0.172187 0.712430
v -0.412487 0.260350 0.351736
v -0.085234 -0.564840 1.096839
v -0.453485 -0.257683 0.662746
v -0.537022 0.179334 0.288776
v -0.304157 0.064386 0.661104
v -0.612681 -0.107161 0.685395
v -0.419406 -0.836661 0.702156
v -0.454157 0.276700 0.387940
v -0.594819 -0.089593 0.540379
v -0.356829 -0.713077 0.668713
v -0.374966 0.570118 0.285723
v -0.458103 -0.371017 0.602584
v -0.456803 -0.778759 0.995199
v -0.059508 -0.970222 1.137901
v -0.421850 -0.516840 0.883132
v -0.579746 0.046948 0.529322
v -0.274178 -1.059789 1.042697
v -0.432565 -0.298097 0.579783
v -0.306130 -0.545618 0.660249
v -0.404017 -0.308424 0.830231
v -0.567948 -0.016048 0.336790
v -0.367444 -0.674079 0.904471
v -0.636969 -0.472911 0.660299
v -0.284806 -1.017410 0.919429
v -0.407864 -0.128766 0.857189
v -0.392232 0.463322 0.377446
v -0.556637 -0.581374 0.771672
v -0.413001 -0.133032 0.412372
v -0.308690 -0.855876 1.083866
v -0.374690 -0.663037 0.810573
v -0.346697 -0.328012 0.904528
v -0.412953 -0.890116 0.978766
v -0.252672 -0.484101 1.094786
v -0.544043 -0.519397 0.785975
v -0.112303 -1.203314 1.054620
v -0.278677 -0.895617 1.081274
v -0.033224 -1.836430 0.958896
v 0.451773 -1.029317 0.929165
v 0.142720 -1.779463 0.811996
v 0.035875 -1.554211 0.950741
v 0.530782 -0.962099 0.419723
v 0.235903 -1.301913 0.671343
v 0.374180 -1.441572 0.886477
v 0.411226 -1.456735 1.085404
v 0.219162 -1.738584 1.000302
v 0.475197 -1.365533 0.718758
v 0.134712 -1.559454 0.857808
v 0.578880 -1.245257 1.000316
v 0.153774 -1.554948 0.971169
v 0.324211 -1.124416 0.677280
v 0.373150 -1.203332 0.770654
v 0.110189 -1.972765 1.001780
v 0.484296 -0.790998 0.526713
v 0.237816 -1.514040 0.798439
v 0.317757 -1.548553 0.857907
v 0.454774 -1.294028 0.868198
v 0.041478 -1.375535 0.623774
v 0.229463 -1.430090 0.971049
v 0.354529 -1.532762 1.022356
v 0.209976 -1.499015 0.609201
v 0.131670 -1.746915 0.745901
v 0.111803 -1.459529 0.980350
v 0.036344 -1.666097 1.039548
v 0.244841 -1.430290 0.695005
v 0.337270 -1.314966 0.762473
v 0.382110 -0.951193 0.808216
v 0.367026 -1.214885 0.851012
v 0.231927 -1.432224 0.829228
v 0.124987 -1.465262 0.786395
v 0.236958 -1.430384 0.643372
v 0.539790 -1.160410 0.650750
v 0.379615 -1.275087 0.652849
v 0.097957 -1.901328 0.827812
v 0.440880 -1.275834 0.896965
v 0.305791 -1.137712 0.697086
v 0.152781 -1.573563 1.121532
v 0.101298 -1.440801 0.844356
v 0.103252 -1.586529 1.037024
v 0.463337 -1.005989 0.827557
v 0.372091 -1.152358 0.644538
v 0.286018 -1.527309 0.841527
v 0.239095 -1.890690 0.901956
v 0.259189 -1.540263 0.748557
v 0.203978 -1.556786 0.975393
v 0.273852 -1.583758 0.793283
v -0.029382 -1.964277 0.930928
v 0.347879 -1.508807 0.791412
v 0.267393 -1.118415 0.845516
v 0.135542 -1.627949 0.856371
v 0.327044 -1.426542 0.842937
v 0.283534 -1.283807 0.759711
v 0.319028 -1.397938 0.738103
v 0.053196 -1.691539 0.927211
v 0.312565 -1.800078 0.954611
v -0.010461 -1.951484 0.891765
v 0.266866 -1.487979 0.895024
v 0.314841 -1.432419 0.812533
v 0.222477 -1.716512 1.068658
v 0.353758 -1.838983 1.005542
v 0.327173 -1.838815 0.670546
v 0.100054 -1.863033 1.032680
v 0.412182 -0.997289 0.834627
v 0.205868 -1.283383 0.867094
v 0.106440 -1.735347 1.040545
v 0.179032 -1.648241 0.973239
v 0.578861 -0.899590 0.500264
v 0.032036 -1.750110 0.917375
v 0.168549 -1.842228 0.899786
v 0.149420 -1.748062 0.990199
v 0.140801 -1.480022 0.880315
v -0.000914 -1.684602 0.929702
v -0.060722 -1.862092 0.804887
v 0.125754 -1.648202 0.964065
v 0.350067 -1.380940 0.808537
v 0.429460 -1.353084 0.836486
v 0.147853 -1.783326 0.827052
v 0.252781 -1.207164 0.563663
v 0.402703 -1.026606 0.769797
v 0.209177 -1.129519 0.851071
v 0.291392 -1.205910 0.610967
v 0.065001 -1.703912 1.072279
v 0.068535 -1.765427 0.788564
v 0.435906 -1.263890 0.807916
v 0.267536 -1.165975 0.808610
v 0.218490 -1.742407 1.097789
v 0.168508 -1.359054 0.635395
v 0.232161 -1.644504 0.826415
v 0.313527 -1.458045 0.994896
v -0.154999 -1.927963 0.797678
v 0.308839 -1.338660 0.725609
v 0.139915 -1.753537 0.906536
v 0.447287 -1.277101 0.857843
v 0.475458 -1.214977 0.853795
v 0.138373 -1.620588 0.896455
v -0.063787 -2.026082 0.767791
v 0.157709 -1.659781 1.131791
v 0.215599 -1.097273 0.801425
v 0.314013 -1.595296 0.741905
v 0.343780 -1.237560 0.901173
v 0.381829 -1.278925 0.781891
v 0.105670 -1.544443 0.861196
v -0.057368 -1.839126 0.866012
v 0.264089 -1.479863 0.726209
v 0.167548 -1.701714 0.810521
v 0.330312 -1.651969 1.049118
v 0.137127 -1.647217 1.103125
v 0.364363 -1.652246 0.874485
v 0.039367 -1.859050 0.953932
v 0.012397 -1.692069 0.806654
v 0.263812 -1.196939 0.794635
v 0.471421 -1.267788 0.673794
v 0.205005 -1.844179 1.069750
v -0.068251 -1.856959 1.008159
v -0.012198 -1.956224 0.852066
v 0.252928 -1.294024 0.821142
v 0.398726 -0.790525 0.619264
v 0.425390 -1.299739 0.780502
v -0.065417 -1.740192 0.906303
v 0.069455 -2.059944 1.014222
v 0.321671 -1.647887 0.807210
v 0.535747 -0.982611 0.605492
v 0.389599 -1.376854 0.747784
v 0.211963 -1.778615 0.691962
v 0.074164 -1.739068 0.834737
v 0.383872 -1.413768 0.909638
v 0.212968 -1.563432 0.938397
v 0.676826 -0.974289 0.879167
v 0.372702 -1.185255 0.811761
v 0.480634 -1.175609 0.671493
v 0.078745 -1.606740 0.951123
v 0.243977 -1.253917 0.836956
v 0.247063 -1.381865 0.599105
v 0.297862 -1.486644 0.760057
v 0.316603 -1.633249 0.917560
v 0.264316 -1.210393 0.959538
v 0.183942 -1.540717 0.796774
v 0.170470 -1.786025 0.732482
v 0.170253 -1.374830 0.931052
v 0.174355 -1.711562 0.679744
v 0.291478 -1.447045 0.774859
v 0.265802 -1.602284 0.932408
v 0.315972 -1.420095 0.832013
v -0.049800 -1.921311 0.911921
v 0.461923 -1.161904 0.754552
v 0.343830 -1.630417 0.896231
v 0.383116 -1.243039 0.823098
v 0.063569 -1.591765 0.818120
v 0.346634 -1.373721 0.689970
v 0.397278 -1.354895 0.808358
v 0.334614 -1.392469 0.672101
v 0.080454 -1.204053 0.918407
v 0.047243 -1.896268 1.063374
v 0.063419 -1.771434 0.617156
v 0.310005 -1.789397 1.079947
v 0.316338 -1.288154 0.828797
v 0.365720 -1.421498 0.773341
v 0.529267 -1.151030 0.661585
v 0.251015 -1.662411 1.005647
v 0.162841 -1.884313 0.884398
v 0.567466 -1.318193 0.685551
v 0.479706 -1.243853 0.819629
v 0.096751 -1.826420 0.868833
v 0.289150 -1.213374 0.896173
v 0.014554 -1.715370 0.888397
v 0.651720 -1.128339 0.800000
v 0.251781 -1.357288 0.826316
v 0.190079 -1.632685 0.645519
v 0.162593 -1.276665 0.582354
v 0.209468 -1.683308 1.015246
v 0.409487 -1.266616 0.860326
v 0.496005 -1.375535 0.870884
v 0.487224 -0.779634 0.714959
v 0.144625 -2.012178 0.919490
v 0.212314 -1.480577 0.788546
v 0.282839 -0.949839 0.874052
v 0.264709 -1.490784 0.940413
v 0.226359 -1.454808 0.800594
v 0.215003 -1.440433 0.813118
v 0.151879 -1.682808 0.678741
v 0.168107 -1.561469 0.808666
v -0.005891 -1.837225 1.091249
v -0.012543 -1.685273 0.921445
v 0.190385 -1.669198 0.849507
v 0.402546 -1.451193 0.775230
v 0.111382 -1.265049 0.739780
v 0.224305 -1.588785 1.071063
v 0.102004 -1.682058 0.852379
v -0.031157 -1.694422 0.721019
v 0.436365 -1.728801 0.621584
v -0.091396 -1.747102 0.825570
v 0.472476 -1.212276 0.812697
v 0.280438 -1.495383 0.985591
v 0.057148 -1.551820 1.013248
v 0.088209 -1.591134 0.834824
v 0.345101 -1.154917 0.711711
v 0.101052 -1.859868 0.967729
v -0.230809 -0.894076 1.065403
v 0.030558 -1.486895 1.256221
v 0.099510 -1.705768 1.435532
v -0.035575 -1.586526 1.473948
v 0.129855 -1.669706 1.261021
v 0.020423 -1.718522 1.188132
v 0.065422 -1.432721 1.283962
v 0.203327 -1.771161 1.356644
v -0.008676 -1.606008 1.216503
v 0.167422 -1.657817 1.233499
v 0.056177 -1.576397 1.146528
v -0.083045 -1.334754 1.220796
v -0.032224 -1.896747 1.220056
v 0.073048 -1.467315 1.357273
v -0.433900 -1.112447 1.069990
v -0.269930 -1.323032 1.159540
v 0.010948 -1.480934 1.044780
v -0.141524 -0.954414 1.090129
v -0.161778 -0.916192 1.090363
v 0.138870 -1.669351 1.184160
v -0.012834 -1.859166 1.372635
v -0.108115 -1.585803 1.286568
v 0.153532 -1.609934 1.201963
v 0.046283 -1.431940 0.938011
v -0.049253 -1.635388 1.247490
v 0.012342 -1.578375 1.150704
v -0.087238 -1.509713 1.264824
v 0.009930 -1.172706 1.013682
v -0.052979 -1.678774 1.104449
v -0.120310 -0.955817 1.289527
v -0.423233 -0.965234 1.067695
v 0.233925 -1.510919 1.347895
v -0.149418 -1.278389 1.057739
v -0.004301 -1.506646 1.158723
v -0.179206 -1.465988 1.262630
v 0.158029 -1.552401 1.096254
v 0.094954 -1.833071 1.203413
v -0.199343 -1.590892 1.183283
v 0.027921 -1.668049 1.411763
v -0.128507 -1.250667 1.131420
v 0.210242 -1.778317 1.026232
v 0.067918 -1.550790 1.156997
v 0.233387 -1.557127 1.252904
v 0.014956 -1.908327 1.198872
v -0.019826 -1.228901 1.239173
v -0.124571 -1.151189 1.056046
v -0.480304 -0.987043 1.187077
v 0.011790 -1.526641 1.328762
v -0.052819 -1.338938 0.940691
v -0.117223 -1.192830 1.052366
v -0.237569 -1.091687 1.316627
v -0.013074 -1.822479 1.376528
v -0.054592 -1.835456 1.265648
v -0.224660 -0.888558 0.858454
v 0.140283 -1.782638 1.124393
v -0.045848 -1.646760 1.116361
v -0.281350 -0.960715 1.099085
v -0.018141 -1.460339 1.258306
v -0.171990 -1.708484 1.249122
v 0.196280 -1.673405 1.239775
v 0.142487 -1.770332 1.251088
v 0.030511 -1.600876 1.056458
v -0.087477 -1.265018 1.023378
v -0.298458 -1.045868 0.982074
v 0.204015 -1.574752 1.320500
v 0.148647 -1.508263 1.304663
v 0.061582 -1.740594 1.336202
v 0.032506 -1.414675 1.108325
v -0.159413 -1.379856 1.139212
v -0.059245 -1.858311 1.201018
v -0.098190 -1.278029 1.260640
v 0.020375 -1.467314 0.969255
v -0.087315 -1.714909 1.329541
v -0.296899 -1.413838 1.005160
v 0.153662 -1.452933 1.164883
v 0.129520 -1.365970 1.075027
v -0.317773 -0.941946 0.781997
v 0.034174 -1.756503 1.410504
v -0.306205 -1.058346 1.210084
v -0.038851 -1.469940 1.156885
v -0.081235 -1.246983 1.091499
v -0.067959 -1.331967 1.069937
v -0.065592 -1.674042 1.321450
v -0.062394 -1.680343 0.883320
v -0.284982 -1.059971 0.813077
v 0.194608 -1.576840 1.275495
v -0.313810 -1.350101 1.038341
v -0.250190 -1.073982 1.250607
v 0.228326 -1.833291 1.368423
v -0.187634 -1.084755 0.994326
v -0.299102 -1.364548 1.095182
v -0.203154 -1.224590 0.897026
v 0.126518 -1.794659 1.061514
v -0.133834 -1.407449 1.086436
v -0.295767 -0.909099 0.884844
v 0.006797 -1.529160 1.228321
v -0.040565 -1.680929 1.433252
v -0.119053 -1.639429 1.244088
v -0.161057 -1.554068 1.156876
v -0.012356 -1.108829 1.239553
v -0.137008 -1.242539 1.298347
v -0.135806 -1.577566 1.136378
v -0.090155 -1.148146 1.144576
v -0.344708 -0.893976 1.062581
v -0.006134 -1.440371 1.322260
v 0.076413 -1.591861 1.198028
v -0.204137 -1.211349 1.087479
v -0.095183 -1.197590 1.114494
v -0.218058 -1.025785 1.150013
v -0.267792 -1.401806 1.310303
v 0.143567 -1.590823 1.171728
v 0.146496 -1.507851 1.312611
v -0.026191 -1.561351 1.200018
v 0.097440 -1.536375 1.223127
v -0.176984 -1.708332 1.386683
v -0.149851 -1.756899 1.171534
v -0.221549 -1.264178 1.081922
v -0.492300 -1.016780 1.236467
v 0.248477 -1.718221 1.271175
v -0.181338 -0.753470 1.002561
v -0.307831 -1.281604 0.998269
v -0.154073 -1.526437 1.170240
v -0.169586 -1.570919 1.086483
v -0.229729 -1.358041 1.125741
v 0.006959 -1.120219 1.197130
v -0.201062 -1.270647 1.320306
v -0.170659 -1.479506 1.121979
v -0.004502 -1.300227 1.138122
v -0.331657 -1.314541 0.996176
v -0.156033 -1.100981 1.060071
v -0.182823 -0.740559 0.932154
v 0.037929 -1.718102 1.373726
v -0.136792 -1.421905 1.133774
v -0.345428 -1.008170 0.995268
v 0.105050 -1.611521 1.048584
v 0.380627 -1.688848 1.456590
v 0.053170 -1.602199 1.228310
v -0.300714 -1.131351 0.974709
v -0.307839 -1.498952 1.256189
v -0.221561 -1.453727 1.175044
v 0.457722 -1.629098 1.266828
v 0.176197 -1.603884 1.170365
v -0.375142 -1.051425 1.024648
v -0.098348 -1.309882 0.899955
v -0.043233 -1.596174 1.230871
v 0.168489 -1.718880 1.212913
v 0.048902 -1.729164 1.044620
v 0.152249 -1.821131 1.151994
v -0.252573 -1.171469 1.299964
v -0.254675 -1.377299 1.320814
v -0.152561 -1.369056 1.298041
v 0.169643 -1.529891 1.125992
v -0.026613 -1.728394 1.137730
v -0.255444 -1.211944 1.034893
v 0.082144 -1.492188 1.294122
v -0.137610 -1.645565 1.278536
v -0.035926 -1.481296 1.042346
v -0.070927 -1.363893 1.385258
v 0.044606 -1.594656 1.152962
v -0.011065 -1.413962 1.396031
v -0.087698 -1.368600 1.057200
v 0.157786 -1.769469 1.348128
v -0.234929 -1.176252 1.127768
v 0.317319 -1.930539 1.292710
v -0.092614 -1.214418 1.115720
v -0.197388 -1.728087 1.284229
v -0.259634 -1.549489 1.133870
v 0.006239 -1.360468 1.179487
v 0.117791 -1.399966 1.227359
v 0.000481 -1.239935 1.335903
v -0.459749 -0.738099 0.828291
v -0.210555 -1.557240 1.096032
v -0.294990 -1.299718 1.202245
v -0.165979 -1.096619 1.077740
v -0.087193 -1.703602 1.315035
v -0.121764 -1.701663 1.068919
v -0.193400 -1.081285 1.095904
v 0.106312 -1.805811 1.335350
v 0.014945 -1.523953 1.289133
v 0.102436 -1.612419 1.179788
v -0.224911 -1.534126 1.130681
v -0.012762 -1.692928 1.336992
v 0.016650 -1.772500 1.140487
v -0.000039 -1.626858 1.191425
v -0.129621 -0.986047 1.086884
v 0.018661 -1.660238 1.369206
v -0.286762 -0.830564 0.960379
v -0.111621 -1.640118 1.181426
v 0.039493 -1.389616 1.183519
v 0.209258 -1.931213 1.394685
v -0.372088 -0.990897 0.954781
v 0.030948 -1.382122 1.426989
v -0.166922 -1.450883 1.207780
v 0.089973 -1.626794 1.062454
v 0.123726 -1.742289 1.317397
v 0.006729 -1.470248 1.175739
v -0.056422 -1.568366 1.113798
v 0.072505 -1.536301 1.042482
v -0.157284 -1.609400 1.180917
v -0.136750 -1.449111 1.154237
v -0.079383 -2.067712 1.076581
v 0.314808 -2.091645 1.064979
v 0.060740 -1.834740 0.907432
v -0.034001 -1.980779 0.875956
v -0.031710 -2.016327 0.763169
v 0.164599 -2.049107 0.889979
v -0.030835 -1.967680 0.886444
v 0.120460 -1.859847 1.179330
v 0.213559 -2.200010 0.927552
v -0.071026 -2.023595 0.807066
v 0.199119 -2.015398 0.912103
v 0.039998 -2.136812 0.798621
v 0.036462 -2.002803 0.935870
v -0.170407 -2.147699 1.113819
v 0.149800 -2.374323 0.854245
v 0.099036 -2.020706 0.780612
v 0.031484 -2.455473 0.675494
v -0.083896 -2.087962 0.980489
v 0.123393 -2.160934 0.947575
v 0.043367 -2.081828 1.037964
v 0.101212 -2.277871 0.528187
v 0.183091 -2.027522 0.911892
v -0.194464 -2.068720 0.837802
v 0.162313 -1.976997 0.900586
v 0.113526 -2.062978 0.879151
v 0.059786 -2.135973 0.715604
v 0.270254 -2.041404 0.916798
v 0.030218 -1.934612 1.026460
v 0.164323 -1.983369 0.862445
v 0.023760 -2.151277 0.829902
v -0.011698 -2.009841 1.003083
v 0.098049 -2.276906 0.901494
v -0.035665 -1.996816 0.811445
v 0.058661 -1.930932 0.861758
v 0.135265 -2.174949 1.030229
v -0.097805 -2.205688 0.936781
v 0.024990 -2.123735 0.917247
v -0.166974 -1.836923 1.007684
v -0.113733 -2.113384 0.910067
v -0.057214 -2.067845 1.010447
v -0.034865 -2.096736 0.723231
v 0.133075 -2.112894 0.888897
v -0.082608 -2.118094 0.900934
v 0.075109 -2.134998 1.016893
v 0.042903 -2.070575 1.103244
v 0.066084 -2.272068 0.907824
v 0.090889 -2.116174 0.729566
v 0.204626 -2.040639 0.881358
v 0.198432 -2.099665 0.989091
v 0.109434 -2.114332 0.714846
v 0.061380 -1.856698 0.977058
v 0.143240 -2.148510 0.894315
v 0.152047 -1.980326 0.992297
v -0.190910 -1.916270 0.762652
v 0.046508 -2.225837 0.713233
v 0.039645 -1.839820 0.988847
v 0.313311 -2.120284 0.866029
v -0.111202 -2.002213 0.936414
v -0.073182 -2.054220 0.762756
v 0.054533 -2.051721 1.036922
v -0.221314 -2.220400 0.934577
v -0.098205 -1.970755 0.784344
v 0.085250 -2.032013 1.003303
v -0.117388 -2.230598 0.776667
v 0.013121 -2.241047 0.829823
v -0.153716 -2.153201 1.102976
v 0.036666 -2.060483 0.940788
v 0.042139 -2.009745 1.229666
v -0.078572 -2.186666 0.861543
v 0.078659 -2.097240 0.800142
v 0.100495 -2.002051 0.750255
v -0.076504 -2.002040 0.933566
v 0.051272 -2.176024 1.048099
v -0.134174 -2.065064 0.852485
v -0.138179 -2.017002 0.914239
v 0.145990 -2.037312 0.735888
v 0.022703 -2.197241 0.996864
v 0.033866 -2.012304 0.924018
v -0.054689 -2.119156 0.791546
v 0.318860 -2.162981 1.207107
v -0.016977 -2.074409 0.889240
v 0.005866 -2.059254 0.890837
v -0.140066 -1.843148 0.995728
v -0.037281 -1.974544 1.068397
v 0.079754 -2.149856 0.935939
v 0.027628 -2.101925 0.823561
v 0.157498 -1.942352 0.951051
v 0.024931 -1.958569 0.906899
v -0.027161 -2.040988 1.094703
v 0.062530 -1.988955 0.772446
v 0.185542 -2.047124 0.945542
v -0.008220 -2.118052 0.681897
v 0.047342 -2.007093 0.731381
v -0.031907 -1.857525 0.867954
v -0.083452 -1.932181 0.883026
v -0.052550 -1.940167 0.842238
v 0.248179 -2.013145 0.733462
v -0.168033 -2.066437 0.971519
v 0.086861 -2.247291 1.029629
v 0.120537 -2.068880 0.799588
v 0.026300 -1.951862 0.753787
v 0.023841 -1.985338 1.114501
v -0.108344 -2.199958 0.930604
v -0.125199 -2.012806 0.788978
v -0.122105 -2.120354 1.008703
v 0.028624 -2.164262 1.026829
v 0.004994 -2.147900 0.972877
v 0.144680 -1.898400 0.993343
v 0.023987 -1.891473 0.801304
v 0.056311 -2.249258 0.914905
v 0.042353 -2.141276 0.727335
v 0.007588 -1.938297 0.794976
v -0.060626 -2.170835 0.661021
v -0.123387 -2.016017 0.949880
v -0.321088 -1.892779 0.938444
v -0.117219 -2.217584 0.907516
v -0.064278 -1.942276 0.804071
v -0.001940 -2.230001 0.869759
v 0.020446 -2.111637 0.928476
v -0.058527 -2.068346 0.948550
v 0.093221 -2.024600 1.006727
v 0.220358 -2.025576 0.821279
v 0.041914 -1.962574 0.922198
v 0.071230 -2.274374 0.831773
v -0.083414 -2.139822 0.853681
v 0.035554 -1.984012 1.069950
v 0.210646 -2.151609 0.859431
v -0.126716 -2.089773 1.008065
v -0.098546 -2.041910 0.956390
v -0.108208 -2.036985 1.077132
v 0.006005 -1.886060 0.906066
v -0.119849 -2.347521 0.965938
v -0.044070 -2.029274 0.962890
v -0.027238 -2.027005 1.006826
v 0.172039 -1.971277 0.866873
v -0.000890 -2.034673 0.840172
v -0.084386 -2.026387 0.743681
v -0.032297 -2.076065 0.716651
v 0.146841 -2.003306 1.023845
v 0.083657 -1.970608 0.888936
v 0.100683 -2.005104 0.918855
v -0.051473 -2.044595 0.886287
v 0.013633 -2.101578 1.037129
v -0.136636 -2.057214 0.809153
v 0.048534 -2.297863 1.081030
v 0.114224 -1.997502 0.984187
v -0.074484 -2.015328 0.784996
v 0.030920 -2.085842 0.965955
v 0.172440 -1.934963 1.157957
v -0.053626 -2.116817 1.059366
v 0.143809 -1.802181 1.310678
v 0.159259 -2.084540 1.234948
v 0.232083 -1.769070 1.382076
v 0.258874 -2.034927 1.316212
v 0.158428 -1.949567 1.290604
v 0.468873 -1.909571 1.284508
v 0.147431 -2.057358 1.282799
v 0.302322 -1.955929 1.236266
v 0.261402 -2.004046 1.367443
v 0.412613 -2.083455 1.024151
v 0.237617 -1.950625 1.455418
v 0.003521 -1.996148 1.172152
v 0.289234 -2.040127 1.477573
v 0.181020 -2.059124 1.234962
v 0.107677 -1.934924 1.363425
v 0.092692 -1.876522 1.339309
v 0.237866 -1.929504 1.352486
v 0.232439 -1.772644 1.254540
v 0.067646 -1.907144 1.273084
v 0.266705 -2.030150 1.162933
v 0.221633 -2.015050 1.437149
v 0.076216 -1.844542 1.396923
v 0.188052 -1.821247 1.199072
v 0.183843 -2.147205 1.224347
v 0.178456 -1.938892 1.275678
v 0.383569 -1.839482 1.394657
v 0.336188 -2.075473 1.164707
v 0.311406 -2.112103 1.353197
v 0.115317 -1.735243 1.248034
v 0.227327 -1.901792 1.544285
v 0.127019 -1.825591 1.420586
v 0.206943 -1.900740 1.138976
v 0.257262 -2.074322 1.317944
v 0.097110 -1.804247 1.204470
v 0.221797 -2.084013 1.235508
v 0.154565 -1.916254 1.207018
v 0.244502 -1.829043 1.369590
v 0.118565 -1.880982 0.945597
v 0.247941 -2.213984 1.288535
v 0.063258 -1.823625 1.383732
v 0.174573 -2.007997 1.179114
v -0.018665 -1.859400 1.476533
v 0.089582 -1.880325 1.331106
v 0.233837 -1.895047 1.213093
v 0.195278 -2.147998 1.247047
v 0.201152 -2.170455 1.160397
v 0.070794 -2.043528 1.079750
v 0.337178 -1.857185 1.519311
v 0.207317 -1.875627 1.372649
v 0.207708 -1.968433 1.100733
v 0.206177 -1.976758 1.258269
v 0.128227 -1.639505 1.263288
v 0.086350 -1.658905 1.255816
v 0.270329 -1.969768 1.169265
v 0.173937 -1.905725 1.402366
v 0.271412 -1.852896 1.198481
v -0.104074 -1.965689 1.399340
v 0.279335 -1.860416 1.370303
v 0.103411 -2.149084 1.265309
v 0.077009 -2.094962 1.281755
v 0.021700 -1.969096 1.258733
v 0.209683 -1.804705 1.321674
v 0.212762 -2.035327 1.090935
v 0.253207 -2.107570 1.364050
v 0.203640 -1.969089 1.104744
v 0.215030 -2.064729 1.221940
v 0.109163 -2.005858 0.978699
v 0.204879 -2.121846 1.224120
v 0.153182 -2.018305 1.457988
v 0.193744 -1.995817 1.511651
v 0.376058 -2.121536 1.424114
v 0.250474 -2.019601 1.344921
v 0.290165 -2.012153 1.321850
v 0.073987 -1.685923 1.209593
v 0.423507 -1.961019 1.325351
v 0.187522 -2.163883 1.300086
v -0.012444 -2.105005 1.345882
v 0.230693 -1.913097 1.190553
v 0.242661 -1.711808 1.524364
v 0.165505 -1.938030 1.393180
v 0.154924 -2.207001 1.284807
v 0.290695 -1.874016 1.169658
v -0.088121 -2.046132 1.251006
v 0.049547 -1.803038 1.150930
v 0.157995 -1.997209 1.311253
v 0.108126 -1.784443 1.437490
v 0.133590 -2.049496 1.378843
v 0.093080 -2.101346 1.276899
v 0.069208 -1.933752 1.230692
v 0.118078 -2.066575 1.317529
v 0.250138 -2.026195 1.416459
v 0.049717 -1.683825 1.073928
v 0.084502 -2.199333 1.517724
v 0.034586 -1.783239 1.278938
v 0.267029 -2.266362 1.288084
v 0.248388 -1.826523 1.078221
v 0.305880 -1.964152 1.226851
v 0.090956 -1.990931 0.976922
v 0.302795 -2.052022 1.388616
v 0.237463 -1.974528 1.217875
v 0.213728 -1.970899 1.130371
v 0.326055 -1.854621 1.343440
v 0.121375 -1.765025 1.250774
v 0.539251 -1.872695 1.232905
v 0.317467 -2.069871 1.250110
v 0.147067 -2.016719 1.249154
v 0.362162 -2.002954 1.268778
v 0.213922 -1.977940 1.312593
v 0.190875 -1.947632 1.325460
v 0.126493 -1.690114 0.992841
v 0.234175 -2.011844 1.129838
v 0.324049 -2.092753 1.177438
v 0.285160 -2.081715 1.195143
v 0.228931 -1.811256 1.145330
v 0.177737 -2.094834 1.254977
v -0.098034 -1.998932 1.320925
v 0.380566 -1.978649 1.199113
v 0.156797 -1.916729 1.316358
v -0.060216 -1.966513 1.194646
v 0.264267 -2.096700 1.398179
v 0.400099 -1.957661 1.178226
v 0.334398 -2.209620 1.242279
v -0.016664 -1.896399 1.353568
v 0.179727 -1.831837 1.166628
v 0.317030 -1.974859 1.467623
v 0.366919 -1.964425 1.379074
v 0.041288 -1.814143 1.165780
v 0.118789 -2.005580 1.177022
v 0.193248 -2.025475 1.410361
v 0.149744 -1.746858 1.285235
v -0.044169 -2.083946 1.424859
v 0.269125 -1.888996 1.256967
v 0.279333 -1.688152 1.181972
v -0.127855 -1.935164 1.459417
v 0.207410 -1.888472 1.408864
v 0.262046 -1.993351 1.317971
v 0.258847 -1.854558 1.327039
v 0.395312 -1.874806 1.062625
v 0.133766 -1.989512 1.180716
v 0.176110 -1.817431 1.282433
v 0.131564 -1.995945 1.326490
v 0.321916 -1.962437 1.233691
v 0.356977 -1.951280 1.182267
v 0.128048 -1.926509 1.330656
v 0.204700 -1.817154 1.338305
v 0.157240 -1.972086 1.426566
v 0.316039 -1.983995 1.253067
v 0.177527 -1.835701 1.486763
v 0.016289 -1.854926 1.358320
v 0.268322 -1.876340 1.280502
v -0.033525 0.061435 -0.318894
v -0.118972 -0.106467 -0.042001
v -0.070115 0.020698 -0.119103
v 0.069031 0.154854 -0.131666
v 0.027838 0.237236 -0.038928
v 0.127632 0.038587 0.133690
v -0.194568 -0.195191 0.051893
v -0.079695 -0.048450 0.133888
v 0.036661 0.107270 0.071977
v 0.022404 0.257983 -0.146690
v 0.018179 0.458303 0.158474
v -0.214997 -0.163903 0.080036
v -0.124328 -0.047670 -0.013804
v -0.318168 0.049724 -0.130842
v -0.004682 -0.290641 0.103614
v -0.105952 0.197881 0.003430
v -0.058915 -0.080033 -0.164973
v 0.068128 -0.109108 0.095056
v 0.105596 -0.061099 0.134889
v 0.100448 -0.088760 -0.015977
v 0.138984 -0.136263 0.001661
v 0.231874 0.042163 -0.003375
v 0.159533 0.241516 0.111568
v 0.085698 0.204801 0.002371
v -0.027789 0.142756 0.143234
v -0.322515 -0.083191 -0.122129
v 0.079147 0.046291 0.157419
v -0.035675 0.074891 -0.051206
v 0.020977 -0.216995 0.151419
v 0.012011 0.230860 0.206022
v 0.065887 0.005004 0.016429
v 0.002570 -0.140533 -0.222693
v 0.098375 0.332501 -0.091608
v 0.061602 0.330164 -0.329985
v 0.314321 0.048461 -0.154039
v -0.062951 0.184579 -0.068429
v -0.117622 0.054599 -0.120143
v -0.173153 0.213923 -0.016623
v 0.176784 -0.124384 -0.090005
v -0.155390 0.331930 0.119311
v -0.155673 -0.251970 0.145607
v 0.214434 0.199409 -0.051253
v 0.240573 0.140088 -0.246269
v 0.020787 0.211361 0.076750
v -0.224062 0.450763 0.138993
v -0.007006 0.223935 -0.194738
v -0.044582 0.139001 0.125567
v -0.203179 0.036561 -0.200144
v -0.020290 0.095032 0.005876
v 0.042879 -0.162071 -0.012024
v -0.001058 -0.471618 0.001753
v -0.191432 0.301976 -0.074576
v 0.061308 0.200672 0.163739
v 0.041416 -0.200219 -0.008510
v 0.018487 0.271770 0.222896
v 0.053911 -0.083253 -0.148868
v 0.008630 -0.001246 0.042811
v -0.116639 -0.164085 -0.100948
v 0.260115 0.284618 0.048418
v 0.174242 -0.194818 -0.057133
v -0.219324 -0.259513 0.005759
v 0.003455 0.286065 0.024311
v 0.325352 -0.085338 0.148651
v -0.092813 0.072747 0.200301
v 0.009129 0.173742 -0.074326
v -0.016836 -0.146048 0.024599
v 0.225038 -0.013170 -0.302848
v -0.004841 0.012598 0.078255
v -0.376468 -0.020925 0.028827
v -0.076307 -0.003946 -0.071246
v 0.069406 0.090377 -0.209577
v 0.079766 0.330787 0.094382
v -0.259748 0.177426 -0.032882
v -0.060970 -0.000624 0.060526
v -0.179215 -0.078677 0.036224
v -0.073816 0.171829 0.168129
v -0.073331 -0.260149 0.161643
v -0.105102 0.231726 0.082389
v 0.126192 -0.000240 0.005932
v -0.063634 0.261221 0.087192
v -0.053608 0.153788 -0.055235
v -0.130016 -0.253005 -0.214729
v -0.248658 -0.080587 0.135644
v 0.153145 -0.055330 0.069987
v 0.018719 -0.042911 0.124954
v 0.096384 0.092123 0.388811
v 0.110998 0.013465 0.026898
v -0.207189 0.459832 0.079008
v 0.103793 0.139553 -0.122400
v -0.349463 0.088041 0.091884
v -0.054451 0.052412 -0.150698
v -0.079580 0.277770 -0.113202
v -0.019816 0.365081 0.088000
v 0.071646 0.248532 0.065890
v 0.236926 -0.040362 0.080958
v -0.201638 -0.067143 -0.074990
v -0.285455 0.527888 0.233088
v 0.067662 0.414996 0.248079
v -0.182073 0.225526 -0.047723
v 0.088811 0.230561 0.010061
v 0.108098 0.052747 -0.069080
v -0.183612 -0.022655 0.177700
v 0.089934 0.113313 0.275469
v -0.171606 0.002898 -0.054582
v -0.101575 -0.243680 -0.070380
v 0.009605 -0.133140 0.198945
v 0.082354 -0.104213 0.068118
v -0.177127 0.081042 0.179293
v 0.001278 0.123206 -0.013454
v 0.113666 0.159845 0.271976
v 0.171012 0.210290 0.231533
v 0.212949 0.035641 0.145081
v -0.001642 -0.180353 -0.103067
v -0.062842 -0.306571 0.091343
v 0.201310 0.165641 -0.001570
v -0.064652 0.267846 0.021752
v -0.135397 0.456278 0.121102
v -0.098555 -0.257322 -0.184477
v -0.011829 0.260271 -0.069286
v -0.145151 0.182634 0.101858
v 0.228593 0.310661 0.222208
v -0.235325 0.128423 0.113352
v 0.015336 0.143087 -0.174820
v -0.147800 0.154594 -0.070796
v 0.135833 0.119120 -0.123835
v -0.028079 0.124615 0.239029
v -0.049351 0.145017 0.057200
v 0.121703 -0.156267 -0.175772
v 0.258854 0.518781 0.169678
v -0.199797 0.074544 -0.013575
v 0.291410 0.028922 0.016628
v -0.128379 0.167750 0.161760
v 0.033087 0.132257 0.106307
v -0.113479 0.555694 -0.051182
v -0.169363 0.281097 -0.007955
v 0.019659 0.258853 0.151560
v 0.050907 0.426010 0.293050
v -0.030695 -0.129951 -0.030588
v -0.187586 -0.046220 -0.021483
v -0.090042 0.203182 0.102147
v 0.386906 0.283819 0.217310
v 0.073568 0.229572 0.042481
v -0.122442 0.184913 -0.077523
v -0.035560 0.327201 0.196603
v 0.217959 0.021095 0.124981
v -0.126944 -0.160022 0.202008
v 0.024218 0.099493 -0.012365
v 0.322046 0.141468 0.246525
v 0.145878 0.314140 0.187602
v 0.105120 -0.422785 -0.066518
v 0.000422 0.431574 0.272826
v -0.183980 0.173443 0.285517
v 0.196953 -0.138463 -0.015698
v -0.038412 -0.208360 0.164796
v -0.033539 0.108363 -0.115677
v -0.136642 -0.061341 0.054765
v 0.274300 0.203308 0.116323
v -0.074113 0.273180 -0.267585
v 0.136310 -0.161723 0.036877
v 0.185869 0.067996 0.359917
v -0.100338 0.157758 -0.005096
v -0.048822 0.197373 0.101149
v 0.069879 0.298257 -0.137862
v 0.015921 0.232144 0.141365
v -0.155009 0.378227 -0.149273
v 0.195971 0.144606 0.148898
v -0.060228 -0.182537 -0.001481
v -0.074909 0.190543 0.281577
v -0.005782 -0.038808 0.095784
v -0.316253 0.234341 0.036684
v -0.021658 -0.129857 -0.016907
v 0.240060 -0.057564 -0.220809
v 0.032922 0.117531 0.001378
v -0.068012 0.298266 -0.122790
v -0.010885 -0.185620 0.220888
v -0.403227 0.280811 0.009902
v -0.097343 0.306159 -0.181722
v 0.116863 -0.091605 -0.069615
v -0.029731 0.105120 0.156612
v -0.097152 0.218298 -0.148443
v -0.133705 0.112454 0.088276
v -0.099780 0.426407 -0.059638
v 0.030761 0.182027 -0.183809
v 0.041741 -0.272529 -0.000703
v -0.009996 0.118827 -0.005027
v -0.093606 0.191480 -0.031296
v 0.057105 0.313285 0.077334
v -0.113988 0.085982 0.050089
v -0.272357 -0.063909 -0.078424
v -0.137082 0.261798 -0.164753
v -0.238150 0.089313 -0.015253
v -0.047087 -0.018779 -0.095664
v -0.177149 0.179841 -0.077640
v 0.050222 0.135413 0.077670
v 0.028477 -0.079716 0.020498
v -0.018604 0.262101 0.018750
v -0.263443 0.273847 0.042652
v -0.049258 -0.143407 0.027438
v -0.123010 0.148877 0.255910
v -0.022054 0.057199 -0.086756
v 0.034853 -0.033493 0.201157
v 0.216272 0.217804 -0.192311
v -0.032540 0.424849 0.060051
v 0.104581 0.104701 -0.065613
v -0.134860 0.463911 0.116787
v -0.224890 0.196216 -0.041965
v 0.059561 0.049533 0.190496
v -0.081805 0.194185 -0.014694
v -0.004600 0.240199 0.240248
v -0.105064 0.185324 -0.216890
v -0.178286 -0.071511 -0.003899
v -0.049050 0.300806 -0.210008
v -0.005430 0.215601 -0.159371
v 0.131223 -0.127117 0.088800
v -0.045944 0.117367 -0.082678
v -0.094107 0.067414 0.354320
v -0.025975 0.217890 0.152246
v -0.123647 -0.097179 0.150042
v -0.196892 0.120686 -0.106972
v 0.027493 -0.084229 0.053773
v 0.129672 0.087106 -0.275556
v -0.101418 0.303842 0.058853
v 0.240510 0.104564 0.021098
v 0.090543 0.364716 0.012413
v -0.012724 -0.179696 0.190485
v -0.233615 0.327906 0.110746
v -0.099093 -0.054362 0.202865
v 0.063465 0.210117 0.038182
v -0.064437 -0.158049 0.106737
v 0.157446 0.269488 0.184527
v -0.019430 -0.012822 -0.047208
v -0.018163 0.556692 -0.054952
v -0.218359 0.166384 -0.083856
v 0.207211 0.189437 -0.113669
v -0.110166 0.158051 0.047329
v 0.147237 0.137814 0.018543
v -0.214586 -0.092450 -0.007610
v -0.135148 0.427588 0.033140
v -0.042680 0.081337 0.180094
v -0.161852 0.061329 -0.155789
v 0.127367 0.212633 -0.032359
v 0.126208 -0.170323 0.136051
v -0.200918 -0.065473 0.005747
v -0.148855 -0.079133 0.171298
v -0.049038 0.051833 -0.195001
v -0.067765 0.326951 -0.009625
v -0.090131 0.040053 0.143246
v -0.214478 -0.196315 0.120328
v -0.084970 0.099831 0.028765
v -0.261078 0.230942 -0.138347
v 0.111573 0.145475 0.076883
v -0.018115 0.048699 -0.024407
v 0.130064 0.341889 0.038800
v -0.215938 0.246853 0.062365
v 0.201066 0.090307 0.085319
v -0.131701 -0.133740 -0.135610
v -0.293423 0.116382 -0.031683
v -0.029415 0.238144 -0.158408
v -0.123996 0.158037 -0.086991
v 0.198868 0.238325 0.094924
v 0.190724 0.228304 0.263656
v -0.171554 -0.411675 0.011308
v 0.165171 0.075382 0.044113
v 0.002736 0.237756 0.043443
v -0.038350 0.188522 -0.039199
v 0.128743 0.084350 -0.074264
v -0.050348 0.295824 -0.154315
v 0.071264 -0.179739 -0.046714
v 0.187748 0.057410 0.081517
v 0.288687 -0.050258 0.026491
v 0.140299 0.101971 -0.006471
v 0.051496 -0.297735 -0.048003
v -0.032242 0.103782 0.060726
v -0.185978 0.008200 0.035982
v 0.003227 0.431363 -0.072156
v -0.282753 -0.266261 0.038332
v -0.121215 -0.009666 -0.069707
v -0.124201 -0.055768 0.024710
v 0.113251 0.174345 0.181993
v -0.117184 0.293920 0.320944
v 0.066746 0.258260 -0.177687
v -0.048247 0.266776 -0.019022
v -0.105578 0.390957 -0.131733
v 0.020703 0.252903 -0.135433
v -0.172975 0.067723 0.096618
v 0.100048 -0.176568 -0.024269
v 0.257940 -0.051793 -0.054098
v 0.086235 -0.013803 -0.013155
v 0.103949 0.388493 0.135226
v 0.027478 0.021598 -0.216574
v -0.053517 0.051366 0.097970
v -0.030877 0.038647 -0.053532
v -0.165257 0.126104 -0.194974
v 0.256138 -0.134479 0.164750
v 0.295737 0.092755 -0.204303
v -0.124219 0.058323 -0.058203
v 0.059831 0.404595 0.096458
v -0.138169 -0.066462 0.274404
v 0.060220 -0.252573 0.208264
v 0.093427 -0.001719 -0.029880
f 1 2 3
f 2 3 4
f 3 4 5
f 4 5 6
f 5 6 7
f 6 7 8
f 7 8 9
f 8 9 10
f 9 10 11
f 10 11 12
f 11 12 13
f 12 13 14
f 13 14 15
f 14 15 16
f 15 16 17
f 16 17 18
f 17 18 19
f 18 19 20
f 19 20 21
f 20 21 22
f 21 22 23
f 22 23 24
f 23 24 25
f 24 25 26
f 25 26 27
f 26 27 28
f 27 28 29
f 28 29 30
f 29 30 31
f 30 31 32
f 31 32 33
f 32 33 34
f 33 34 35
f 34 35 36
f 35 36 37
f 36 37 38
f 37 38 39
f 38 39 40
f 39 40 41
f 40 41 42
f 41 42 43
f 42 43 44
f 43 44 45
f 44 45 46
f 45 46 47
f 46 47 48
f 47 48 49
f 48 49 50
f 49 50 51
f 50 51 52
f 51 52 53
f 52 53 54
f 53 54 55
f 54 55 56
f 55 56 57
f 56 57 58
f 57 58 59
f 58 59 60
f 59 60 61
f 60 61 62
f 61 62 63
f 62 63 64
f 63 64 65
f 64 65 66
f 65 66 67
f 66 67 68
f 67 68 69
f 68 69 70
f 69 70 71
f 70 71 72
f 71 72 73
f 72 73 74
f 73 74 75
f 74 75 76
f 75 76 77
f 76 77 78
f 77 78 79
f 78 79 80
f 79 80 81
f 80 81 82
f 81 82 83
f 82 83 84
f 83 84 85
f 84 85 86
f 85 86 87
f 86 87 88
f 87 88 89
f 88 89 90
f 89 90 91
f 90 91 92
f 91 92 93
f 92 93 94
f 93 94 95
f 94 95 96
f 95 96 97
f 96 97 98
f 97 98 99
f 98 99 100
f 99 100 101
f 100 101 102
f 101 102 103
f 102 103 104
f 103 104 105
f 104 105 106
f 105 106 107
f 106 107 108
f 107 108 109
f 108 109 110
f 109 110 111
f 110 111 112
f 111 112 113
f 112 113 114
f 113 114 115
f 114 115 116
f 115 116 117
f 116 117 118
f 117 118 119
f 118 119 120
f 119 120 121
f 120 121 122
f 121 122 123
f 122 123 124
f 123 124 125
f 124 125 126
f 125 126 127
f 126 127 128
f 127 128 129
f 128 129 130
f 129 130 131
f 130 131 132
f 131 132 133
f 132 133 134
f 133 134 135
f 134 135 136
f 135 136 137
f 136 137 138
f 137 138 139
f 138 139 140
f 139 140 141
f 140 141 142
f 141 142 143
f 142 143 144
f 143 144 145
f 144 145 146
f 145 146 147
f 146 147 148
f 147 148 149
f 148 149 150
f 149 150 151
f 150 151 152
f 151 152 153
f 152 153 154
f 153 154 155
f 154 155 156
f 155 156 157
f 156 157 158
f 157 158 159
f 158 159 160
f 159 160 161
f 160 161 162
f 161 162 163
f 162 163 164
f 163 164 165
f 164 165 166
f 165 166 167
f 166 167 168
f 167 168 169
f 168 169 170
f 169 170 171
f 170 171 172
f 171 172 173
f 172 173 174
f 173 174 175
f 174 175 176
f 175 176 177
f 176 177 178
f 177 178 179
f 178 179 180
f 179 180 181
f 180 181 182
f 181 182 183
f 182 183 184
f 183 184 185
f 184 185 186
f 185 186 187
f 186 187 188
f 187 188 189
f 188 189 190
f 189 190 191
f 190 191 192
f 191 192 193
f 192 193 194
f 193 194 195
f 194 195 196
f 195 196 197
f 196 197 198
f 197 198 199
f 198 199 200
f 199 200 201
f 200 201 202
f 201 202 203
f 202 203 204
f 203 204 205
f 204 205 206
f 205 206 207
f 206 207 208
f 207 208 209
f 208 209 210
f 209 210 211
f 210 211 212
f 211 212 213
f 212 213 214
f 213 214 215
f 214 215 216
f 215 216 217
f 216 217 218
f 217 218 219
f 218 219 220
f 219 220 221
f 220 221 222
f 221 222 223
f 222 223 224
f 223 224 225
f 224 225 226
f 225 226 227
f 226 227 228
f 227 228 229
f 228 229 230
f 229 230 231
f 230 231 232
f 231 232 233
f 232 233 234
f 233 234 235
f 234 235 236
f 235 236 237
f 236 237 238
f 237 238 239
f 238 239 240
f 239 240 241
f 240 241 242
f 241 242 243
f 242 243 244
f 243 244 245
f 244 245 246
f 245 246 247
f 246 247 248
f 247 248 249
f 248 249 250
f 249 250 251
f 250 251 252
f 251 252 253
f 252 253 254
f 253 254 255
f 254 255 256
f 255 256 257
f 256 257 258
f 257 258 259
f 258 259 260
f 259 260 261
f 260 261 262
f 261 262 263
f 262 263 264
f 263 264 265
f 264 265 266
f 265 266 267
f 266 267 268
f 267 268 269
f 268 269 270
f 269 270 271
f 270 271 272
f 271 272 273
f 272 273 274
f 273 274 275
f 274 275 276
f 275 276 277
f 276 277 278
f 277 278 279
f 278 279 280
f 279 280 281
f 280 281 282
f 281 282 283
f 282 283 284
f 283 284 285
f 284 285 286
f 285 286 287
f 286 287 288
f 287 288 289
f 288 289 290
f 289 290 291
f 290 291 292
f 291 292 293
f 292 293 294
f 293 294 295
f 294 295 296
f 295 296 297
f 296 297 298
f 297 298 299
f 298 299 300
f 299 300 301
f 300 301 302
f 301 302 303
f 302 303 304
f 303 304 305
f 304 305 306
f 305 306 307
f 306 307 308
f 307 308 309
f 308 309 310
f 309 310 311
f 310 311 312
f 311 312 313
f 312 313 314
f 313 314 315
f 314 315 316
f 315 316 317
f 316 317 318
f 317 318 319
f 318 319 320
f 319 320 321
f 320 321 322
f 321 322 323
f 322 323 324
f 323 324 325
f 324 325 326
f 325 326 327
f 326 327 328
f 327 328 329
f 328 329 330
f 329 330 331
f 330 331 332
f 331 332 333
f 332 333 334
f 333 334 335
f 334 335 336
f 335 336 337
f 336 337 338
f 337 338 339
f 338 339 340
f 339 340 341
f 340 341 342
f 341 342 343
f 342 343 344
f 343 344 345
f 344 345 346
f 345 346 347
f 346 347 348
f 347 348 349
f 348 349 350
f 349 350 351
f 350 351 352
f 351 352 353
f 352 353 354
f 353 354 355
f 354 355 356
f 355 356 357
f 356 357 358
f 357 358 359
f 358 359 360
f 359 360 361
f 360 361 362
f 361 362 363
f 362 363 364
f 363 364 365
f 364 365 366
f 365 366 367
f 366 367 368
f 367 368 369
f 368 369 370
f 369 370 371
f 370 371 372
f 371 372 373
f 372 373 374
f 373 374 375
f 374 375 376
f 375 376 377
f 376 377 378
f 377 378 379
f 378 379 380
f 379 380 381
f 380 381 382
f 381 382 383
f 382 383 384
f 383 384 385
f 384 385 386
f 385 386 387
f 386 387 388
f 387 388 389
f 388 389 390
f 389 390 391
f 390 391 392
f 391 392 393
f 392 393 394
f 393 394 395
f 394 395 396
f 395 396 397
f 396 397 398
f 397 398 399
f 398 399 400
f 399 400 401
f 400 401 402
f 401 402 403
f 402 403 404
f 403 404 405
f 404 405 406
f 405 406 407
f 406 407 408
f 407 408 409
f 408 409 410
f 409 410 411
f 410 411 412
f 411 412 413
f 412 413 414
f 413 414 415
f 414 415 416
f 415 416 417
f 416 417 418
f 417 418 419
f 418 419 420
f 419 420 421
f 420 421 422
f 421 422 423
f 422 423 424
f 423 424 425
f 424 425 426
f 425 426 427
f 426 427 428
f 427 428 429
f 428 429 430
f 429 430 431
f 430 431 432
f 431 432 433
f 432 433 434
f 433 434 435
f 434 435 436
f 435 436 437
f 436 437 438
f 437 438 439
f 438 439 440
f 439 440 441
f 440 441 442
f 441 442 443
f 442 443 444
f 443 444 445
f 444 445 446
f 445 446 447
f 446 447 448
f 447 448 449
f 448 449 450
f 449 450 451
f 450 451 452
f 451 452 453
f 452 453 454
f 453 454 455
f 454 455 456
f 455 456 457
f 456 457 458
f 457 458 459
f 458 459 460
f 459 460 461
f 460 461 462
f 461 462 463
f 462 463 464
f 463 464 465
f 464 465 466
f 465 466 467
f 466 467 468
f 467 468 469
f 468 469 470
f 469 470 471
f 470 471 472
f 471 472 473
f 472 473 474
f 473 474 475
f 474 475 476
f 475 476 477
f 476 477 478
f 477 478 479
f 478 479 480
f 479 480 481
f 480 481 482
f 481 482 483
f 482 483 484
f 483 484 485
f 484 485 486
f 485 486 487
f 486 487 488
f 487 488 489
f 488 489 490
f 489 490 491
f 490 491 492
f 491 492 493
f 492 493 494
f 493 494 495
f 494 495 496
f 495 496 497
f 496 497 498
f 497 498 499
f 498 499 500
f 499 500 501
f 500 501 502
f 501 502 503
f 502 503 504
f 503 504 505
f 504 505 506
f 505 506 507
f 506 507 508
f 507 508 509
f 508 509 510
f 509 510 511
f 510 511 512
f 511 512 513
f 512 513 514
f 513 514 515
f 514 515 516
f 515 516 517
f 516 517 518
f 517 518 519
f 518 519 520
f 519 520 521
f 520 521 522
f 521 522 523
f 522 523 524
f 523 524 525
f 524 525 526
f 525 526 527
f 526 527 528
f 527 528 529
f 528 529 530
f 529 530 531
f 530 531 532
f 531 532 533
f 532 533 534
f 533 534 535
f 534 535 536
f 535 536 537
f 536 537 538
f 537 538 539
f 538 539 540
f 539 540 541
f 540 541 542
f 541 542 543
f 542 543 544
f 543 544 545
f 544 545 546
f 545 546 547
f 546 547 548
f 547 548 549
f 548 549 550
f 549 550 551
f 550 551 552
f 551 552 553
f 552 553 554
f 553 554 555
f 554 555 556
f 555 556 557
f 556 557 558
f 557 558 559
f 558 559 560
f 559 560 561
f 560 561 562
f 561 562 563
f 562 563 564
f 563 564 565
f 564 565 566
f 565 566 567
f 566 567 568
f 567 568 569
f 568 569 570
f 569 570 571
f 570 571 572
f 571 572 573
f 572 573 574
f 573 574 575
f 574 575 576
f 575 576 577
f 576 577 578
f 577 578 579
f 578 579 580
f 579 580 581
f 580 581 582
f 581 582 583
f 582 583 584
f 583 584 585
f 584 585 586
f 585 586 587
f 586 587 588
f 587 588 589
f 588 589 590
f 589 590 591
f 590 591 592
f 591 592 593
f 592 593 594
f 593 594 595
f 594 595 596
f 595 596 597
f 596 597 598
f 597 598 599
f 598 599 600
f 599 600 601
f 600 601 602
f 601 602 603
f 602 603 604
f 603 604 605
f 604 605 606
f 605 606 607
f 606 607 608
f 607 608 609
f 608 609 610
f 609 610 611
f 610 611 612
f 611 612 613
f 612 613 614
f 613 614 615
f 614 615 616
f 615 616 617
f 616 617 618
f 617 618 619
f 618 619 620
f 619 620 621
f 620 621 622
f 621 622 623
f 622 623 624
f 623 624 625
f 624 625 626
f 625 626 627
f 626 627 628
f 627 628 629
f 628 629 630
f 629 630 631
f 630 631 632
f 631 632 633
f 632 633 634
f 633 634 635
f 634 635 636
f 635 636 637
f 636 637 638
f 637 638 639
f 638 639 640
f 639 640 641
f 640 641 642
f 641 642 643
f 642 643 644
f 643 644 645
f 644 645 646
f 645 646 647
f 646 647 648
f 647 648 649
f 648 649 650
f 649 650 651
f 650 651 652
f 651 652 653
f 652 653 654
f 653 654 655
f 654 655 656
f 655 656 657
f 656 657 658
f 657 658 659
f 658 659 660
f 659 660 661
f 660 661 662
f 661 662 663
f 662 663 664
f 663 664 665
f 664 665 666
f 665 666 667
f 666 667 668
f 667 668 669
f 668 669 670
f 669 670 671
f 670 671 672
f 671 672 673
f 672 673 674
f 673 674 675
f 674 675 676
f 675 676 677
f 676 677 678
f 677 678 679
f 678 679 680
f 679 680 681
f 680 681 682
f 681 682 683
f 682 683 684
f 683 684 685
f 684 685 686
f 685 686 687
f 686 687 688
f 687 688 689
f 688 689 690
f 689 690 691
f 690 691 692
f 691 692 693
f 692 693 694
f 693 694 695
f 694 695 696
f 695 696 697
f 696 697 698
f 697 698 699
f 698 699 700
f 699 700 701
f 700 701 702
f 701 702 703
f 702 703 704
f 703 704 705
f 704 705 706
f 705 706 707
f 706 707 708
f 707 708 709
f 708 709 710
f 709 710 711
f 710 711 712
f 711 712 713
f 712 713 714
f 713 714 715
f 714 715 716
f 715 716 717
f 716 717 718
f 717 718 719
f 718 719 720
f 719 720 721
f 720 721 722
f 721 722 723
f 722 723 724
f 723 724 725
f 724 725 726
f 725 726 727
f 726 727 728
f 727 728 729
f 728 729 730
f 729 730 731
f 730 731 732
f 731 732 733
f 732 733 734
f 733 734 735
f 734 735 736
f 735 736 737
f 736 737 738
f 737 738 739
f 738 739 740
f 739 740 741
f 740 741 742
f 741 742 743
f 742 743 744
f 743 744 745
f 744 745 746
f 745 746 747
f 746 747 748
f 747 748 749
f 748 749 750
f 749 750 751
f 750 751 752
f 751 752 753
f 752 753 754
f 753 754 755
f 754 755 756
f 755 756 757
f 756 757 758
f 757 758 759
f 758 759 760
f 759 760 761
f 760 761 762
f 761 762 763
f 762 763 764
f 763 764 765
f 764 765 766
f 765 766 767
f 766 767 768
f 767 768 769
f 768 769 770
f 769 770 771
f 770 771 772
f 771 772 773
f 772 773 774
f 773 774 775
f 774 775 776
f 775 776 777
f 776 777 778
f 777 778 779
f 778 779 780
f 779 780 781
f 780 781 782
f 781 782 783
f 782 783 784
f 783 784 785
f 784 785 786
f 785 786 787
f 786 787 788
f 787 788 789
f 788 789 790
f 789 790 791
f 790 791 792
f 791 792 793
f 792 793 794
f 793 794 795
f 794 795 796
f 795 796 797
f 796 797 798
f 797 798 799
f 798 799 800
f 799 800 801
f 800 801 802
f 801 802 803
f 802 803 804
f 803 804 805
f 804 805 806
f 805 806 807
f 806 807 808
f 807 808 809
f 808 809 810
f 809 810 811
f 810 811 812
f 811 812 813
f 812 813 814
f 813 814 815
f 814 815 816
f 815 816 817
f 816 817 818
f 817 818 819
f 818 819 820
f 819 820 821
f 820 821 822
f 821 822 823
f 822 823 824
f 823 824 825
f 824 825 826
f 825 826 827
f 826 827 828
f 827 828 829
f 828 829 830
f 829 830 831
f 830 831 832
f 831 832 833
f 832 833 834
f 833 834 835
f 834 835 836
f 835 836 837
f 836 837 838
f 837 838 839
f 838 839 840
f 839 840 841
f 840 841 842
f 841 842 843
f 842 843 844
f 843 844 845
f 844 845 846
f 845 846 847
f 846 847 848
f 847 848 849
f 848 849 850
f 849 850 851
f 850 851 852
f 851 852 853
f 852 853 854
f 853 854 855
f 854 855 856
f 855 856 857
f 856 857 858
f 857 858 859
f 858 859 860
f 859 860 861
f 860 861 862
f 861 862 863
f 862 863 864
f 863 864 865
f 864 865 866
f 865 866 867
f 866 867 868
f 867 868 869
f 868 869 870
f 869 870 871
f 870 871 872
f 871 872 873
f 872 873 874
f 873 874 875
f 874 875 876
f 875 876 877
f 876 877 878
f 877 878 879
f 878 879 880
f 879 880 881
f 880 881 882
f 881 882 883
f 882 883 884
f 883 884 885
f 884 885 886
f 885 886 887
f 886 887 888
f 887 888 889
f 888 889 890
f 889 890 891
f 890 891 892
f 891 892 893
f 892 893 894
f 893 894 895
f 894 895 896
f 895 896 897
f 896 897 898
f 897 898 899
f 898 899 900
f 899 900 901
f 900 901 902
f 901 902 903
f 902 903 904
f 903 904 905
f 904 905 906
f 905 906 907
f 906 907 908
f 907 908 909
f 908 909 910
f 909 910 911
f 910 911 912
f 911 912 913
f 912 913 914
f 913 914 915
f 914 915 916
f 915 916 917
f 916 917 918
f 917 918 919
f 918 919 920
f 919 920 921
f 920 921 922
f 921 922 923
f 922 923 924
f 923 924 925
f 924 925 926
f 925 926 927
f 926 927 928
f 927 928 929
f 928 929 930
f 929 930 931
f 930 931 932
f 931 932 933
f 932 933 934
f 933 934 935
f 934 935 936
f 935 936 937
f 936 937 938
f 937 938 939
f 938 939 940
f 939 940 941
f 940 941 942
f 941 942 943
f 942 943 944
f 943 944 945
f 944 945 946
f 945 946 947
f 946 947 948
f 947 948 949
f 948 949 950
f 949 950 951
f 950 951 952
f 951 952 953
f 952 953 954
f 953 954 955
f 954 955 956
f 955 956 957
f 956 957 958
f 957 958 959
f 958 959 960
f 959 960 961
f 960 961 962
f 961 962 963
f 962 963 964
f 963 964 965
f 964 965 966
f 965 966 967
f 966 967 968
f 967 968 969
f 968 969 970
f 969 970 971
f 970 971 972
f 971 972 973
f 972 973 974
f 973 974 975
f 974 975 976
f 975 976 977
f 976 977 978
f 977 978 979
f 978 979 980
f 979 980 981
f 980 981 982
f 981 982 983
f 982 983 984
f 983 984 985
f 984 985 986
f 985 986 987
f 986 987 988
f 987 988 989
f 988 989 990
f 989 990 991
f 990 991 992
f 991 992 993
f 992 993 994
f 993 994 995
f 994 995 996
f 995 996 997
f 996 997 998
f 997 998 999
f 998 999 1000
f 999 1000 1001
f 1000 1001 1002
f 1001 1002 1003
f 1002 1003 1004
f 1003 1004 1005
f 1004 1005 1006
f 1005 1006 1007
f 1006 1007 1008
f 1007 1008 1009
f 1008 1009 1010
f 1009 1010 1011
f 1010 1011 1012
f 1011 1012 1013
f 1012 1013 1014
f 1013 1014 1015
f 1014 1015 1016
f 1015 1016 1017
f 1016 1017 1018
f 1017 1018 1019
f 1018 1019 1020
f 1019 1020 1021
f 1020 1021 1022
f 1021 1022 1023
f 1022 1023 1024
f 1023 1024 1025
f 1024 1025 1026
f 1025 1026 1027
f 1026 1027 1028
f 1027 1028 1029
f 1028 1029 1030
f 1029 1030 1031
f 1030 1031 1032
f 1031 1032 1033
f 1032 1033 1034
f 1033 1034 1035
f 1034 1035 1036
f 1035 1036 1037
f 1036 1037 1038
f 1037 1038 1039
f 1038 1039 1040
f 1039 1040 1041
f 1040 1041 1042
f 1041 1042 1043
f 1042 1043 1044
f 1043 1044 1045
f 1044 1045 1046
f 1045 1046 1047
f 1046 1047 1048
f 1047 1048 1049
f 1048 1049 1050
f 1049 1050 1051
f 1050 1051 1052
f 1051 1052 1053
f 1052 1053 1054
f 1053 1054 1055
f 1054 1055 1056
f 1055 1056 1057
f 1056 1057 1058
f 1057 1058 1059
f 1058 1059 1060
f 1059 1060 1061
f 1060 1061 1062
f 1061 1062 1063
f 1062 1063 1064
f 1063 1064 1065
f 1064 1065 1066
f 1065 1066 1067
f 1066 1067 1068
f 1067 1068 1069
f 1068 1069 1070
f 1069 1070 1071
f 1070 1071 1072
f 1071 1072 1073
f 1072 1073 1074
f 1073 1074 1075
f 1074 1075 1076
f 1075 1076 1077
f 1076 1077 1078
f 1077 1078 1079
f 1078 1079 1080
f 1079 1080 1081
f 1080 1081 1082
f 1081 1082 1083
f 1082 1083 1084
f 1083 1084 1085
f 1084 1085 1086
f 1085 1086 1087
f 1086 1087 1088
f 1087 1088 1089
f 1088 1089 1090
f 1089 1090 1091
f 1090 1091 1092
f 1091 1092 1093
f 1092 1093 1094
f 1093 1094 1095
f 1094 1095 1096
f 1095 1096 1097
f 1096 1097 1098
f 1097 1098 1099
f 1098 1099 1100
f 1099 1100 1101
f 1100 1101 1102
f 1101 1102 1103
f 1102 1103 1104
f 1103 1104 1105
f 1104 1105 1106
f 1105 1106 1107
f 1106 1107 1108
f 1107 1108 1109
f 1108 1109 1110
f 1109 1110 1111
f 1110 1111 1112
f 1111 1112 1113
f 1112 1113 1114
f 1113 1114 1115
f 1114 1115 1116
f 1115 1116 1117
f 1116 1117 1118
f 1117 1118 1119
f 1118 1119 1120
f 1119 1120 1121
f 1120 1121 1122
f 1121 1122 1123
f 1122 1123 1124
f 1123 1124 1125
f 1124 1125 1126
f 1125 1126 1127
f 1126 1127 1128
f 1127 1128 1129
f 1128 1129 1130
f 1129 1130 1131
f 1130 1131 1132
f 1131 1132 1133
f 1132 1133 1134
f 1133 1134 1135
f 1134 1135 1136
f 1135 1136 1137
f 1136 1137 1138
f 1137 1138 1139
f 1138 1139 1140
f 1139 1140 1141
f 1140 1141 1142
f 1141 1142 1143
f 1142 1143 1144
f 1143 1144 1145
f 1144 1145 1146
f 1145 1146 1147
f 1146 1147 1148
f 1147 1148 1149
f 1148 1149 1150
f 1149 1150 1151
f 1150 1151 1152
f 1151 1152 1153
f 1152 1153 1154
f 1153 1154 1155
f 1154 1155 1156
f 1155 1156 1157
f 1156 1157 1158
f 1157 1158 1159
f 1158 1159 1160
f 1159 1160 1161
f 1160 1161 1162
f 1161 1162 1163
f 1162 1163 1164
f 1163 1164 1165
f 1164 1165 1166
f 1165 1166 1167
f 1166 1167 1168
f 1167 1168 1169
f 1168 1169 1170
f 1169 1170 1171
f 1170 1171 1172
f 1171 1172 1173
f 1172 1173 1174
f 1173 1174 1175
f 1174 1175 1176
f 1175 1176 1177
f 1176 1177 1178
f 1177 1178 1179
f 1178 1179 1180
f 1179 1180 1181
f 1180 1181 1182
f 1181 1182 1183
f 1182 1183 1184
f 1183 1184 1185
f 1184 1185 1186
f 1185 1186 1187
f 1186 1187 1188
f 1187 1188 1189
f 1188 1189 1190
f 1189 1190 1191
f 1190 1191 1192
f 1191 1192 1193
f 1192 1193 1194
f 1193 1194 1195
f 1194 1195 1196
f 1195 1196 1197
f 1196 1197 1198
f 1197 1198 1199
f 1198 1199 1200
f 1199 1200 1201
f 1200 1201 1202
f 1201 1202 1203
f 1202 1203 1204
f 1203 1204 1205
f 1204 1205 1206
f 1205 1206 1207
f 1206 1207 1208
f 1207 1208 1209
f 1208 1209 1210
f 1209 1210 1211
f 1210 1211 1212
f 1211 1212 1213
f 1212 1213 1214
f 1213 1214 1215
f 1214 1215 1216
f 1215 1216 1217
f 1216 1217 1218
f 1217 1218 1219
f 1218 1219 1220
f 1219 1220 1221
f 1220 1221 1222
f 1221 1222 1223
f 1222 1223 1224
f 1223 1224 1225
f 1224 1225 1226
f 1225 1226 1227
f 1226 1227 1228
f 1227 1228 1229
f 1228 1229 1230
f 1229 1230 1231
f 1230 1231 1232
f 1231 1232 1233
f 1232 1233 1234
f 1233 1234 1235
f 1234 1235 1236
f 1235 1236 1237
f 1236 1237 1238
f 1237 1238 1239
f 1238 1239 1240
f 1239 1240 1241
f 1240 1241 1242
f 1241 1242 1243
f 1242 1243 1244
f 1243 1244 1245
f 1244 1245 1246
f 1245 1246 1247
f 1246 1247 1248
f 1247 1248 1249
f 1248 1249 1250
f 1249 1250 1251
f 1250 1251 1252
f 1251 1252 1253
f 1252 1253 1254
f 1253 1254 1255
f 1254 1255 1256
f 1255 1256 1257
f 1256 1257 1258
f 1257 1258 1259
f 1258 1259 1260
f 1259 1260 1261
f 1260 1261 1262
f 1261 1262 1263
f 1262 1263 1264
f 1263 1264 1265
f 1264 1265 1266
f 1265 1266 1267
f 1266 1267 1268
f 1267 1268 1269
f 1268 1269 1270
f 1269 1270 1271
f 1270 1271 1272
f 1271 1272 1273
f 1272 1273 1274
f 1273 1274 1275
f 1274 1275 1276
f 1275 1276 1277
f 1276 1277 1278
f 1277 1278 1279
f 1278 1279 1280
f 1279 1280 1281
f 1280 1281 1282
f 1281 1282 1283
f 1282 1283 1284
f 1283 1284 1285
f 1284 1285 1286
f 1285 1286 1287
f 1286 1287 1288
f 1287 1288 1289
f 1288 1289 1290
f 1289 1290 1291
f 1290 1291 1292
f 1291 1292 1293
f 1292 1293 1294
f 1293 1294 1295
f 1294 1295 1296
f 1295 1296 1297
f 1296 1297 1298
f 1297 1298 1299
f 1298 1299 1300
f 1299 1300 1301
f 1300 1301 1302
f 1301 1302 1303
f 1302 1303 1304
f 1303 1304 1305
f 1304 1305 1306
f 1305 1306 1307
f 1306 1307 1308
f 1307 1308 1309
f 1308 1309 1310
f 1309 1310 1311
f 1310 1311 1312
f 1311 1312 1313
f 1312 1313 1314
f 1313 1314 1315
f 1314 1315 1316
f 1315 1316 1317
f 1316 1317 1318
f 1317 1318 1319
f 1318 1319 1320
f 1319 1320 1321
f 1320 1321 1322
f 1321 1322 1323
f 1322 1323 1324
f 1323 1324 1325
f 1324 1325 1326
f 1325 1326 1327
f 1326 1327 1328
f 1327 1328 1329
f 1328 1329 1330
f 1329 1330 1331
f 1330 1331 1332
f 1331 1332 1333
f 1332 1333 1334
f 1333 1334 1335
f 1334 1335 1336
f 1335 1336 1337
f 1336 1337 1338
f 1337 1338 1339
f 1338 1339 1340
f 1339 1340 1341
f 1340 1341 1342
f 1341 1342 1343
f 1342 1343 1344
f 1343 1344 1345
f 1344 1345 1346
f 1345 1346 1347
f 1346 1347 1348
f 1347 1348 1349
f 1348 1349 1350
f 1349 1350 1351
f 1350 1351 1352
f 1351 1352 1353
f 1352 1353 1354
f 1353 1354 1355
f 1354 1355 1356
f 1355 1356 1357
f 1356 1357 1358
f 1357 1358 1359
f 1358 1359 1360
f 1359 1360 1361
f 1360 1361 1362
f 1361 1362 1363
f 1362 1363 1364
f 1363 1364 1365
f 1364 1365 1366
f 1365 1366 1367
f 1366 1367 1368
f 1367 1368 1369
f 1368 1369 1370
f 1369 1370 1371
f 1370 1371 1372
f 1371 1372 1373
f 1372 1373 1374
f 1373 1374 1375
f 1374 1375 1376
f 1375 1376 1377
f 1376 1377 1378
f 1377 1378 1379
f 1378 1379 1380
f 1379 1380 1381
f 1380 1381 1382
f 1381 1382 1383
f 1382 1383 1384
f 1383 1384 1385
f 1384 1385 1386
f 1385 1386 1387
f 1386 1387 1388
f 1387 1388 1389
f 1388 1389 1390
f 1389 1390 1391
f 1390 1391 1392
f 1391 1392 1393
f 1392 1393 1394
f 1393 1394 1395
f 1394 1395 1396
f 1395 1396 1397
f 1396 1397 1398
f 1397 1398 1399
f 1398 1399 1400
f 1399 1400 1401
f 1400 1401 1402
f 1401 1402 1403
f 1402 1403 1404
f 1403 1404 1405
f 1404 1405 1406
f 1405 1406 1407
f 1406 1407 1408
f 1407 1408 1409
f 1408 1409 1410
f 1409 1410 1411
f 1410 1411 1412
f 1411 1412 1413
f 1412 1413 1414
f 1413 1414 1415
f 1414 1415 1416
f 1415 1416 1417
f 1416 1417 1418
f 1417 1418 1419
f 1418 1419 1420
f 1419 1420 1421
f 1420 1421 1422
f 1421 1422 1423
f 1422 1423 1424
f 1423 1424 1425
f 1424 1425 1426
f 1425 1426 1427
f 1426 1427 1428
f 1427 1428 1429
f 1428 1429 1430
f 1429 1430 1431
f 1430 1431 1432
f 1431 1432 1433
f 1432 1433 1434
f 1433 1434 1435
f 1434 1435 1436
f 1435 1436 1437
f 1436 1437 1438
f 1437 1438 1439
f 1438 1439 1440
f 1439 1440 1441
f 1440 1441 1442
f 1441 1442 1443
f 1442 1443 1444
f 1443 1444 1445
f 1444 1445 1446
f 1445 1446 1447
f 1446 1447 1448
f 1447 1448 1449
f 1448 1449 1450
f 1449 1450 1451
f 1450 1451 1452
f 1451 1452 1453
f 1452 1453 1454
f 1453 1454 1455
f 1454 1455 1456
f 1455 1456 1457
f 1456 1457 1458
f 1457 1458 1459
f 1458 1459 1460
f 1459 1460 1461
f 1460 1461 1462
f 1461 1462 1463
f 1462 1463 1464
f 1463 1464 1465
f 1464 1465 1466
f 1465 1466 1467
f 1466 1467 1468
f 1467 1468 1469
f 1468 1469 1470
f 1469 1470 1471
f 1470 1471 1472
f 1471 1472 1473
f 1472 1473 1474
f 1473 1474 1475
f 1474 1475 1476
f 1475 1476 1477
f 1476 1477 1478
f 1477 1478 1479
f 1478 1479 1480
f 1479 1480 1481
f 1480 1481 1482
f 1481 1482 1483
f 1482 1483 1484
f 1483 1484 1485
f 1484 1485 1486
f 1485 1486 1487
f 1486 1487 1488
f 1487 1488 1489
f 1488 1489 1490
f 1489 1490 1491
f 1490 1491 1492
f 1491 1492 1493
f 1492 1493 1494
f 1493 1494 1495
f 1494 1495 1496
f 1495 1496 1497
f 1496 1497 1498
f 1497 1498 1499
f 1498 1499 1500
f 1499 1500 1501
f 1500 1501 1502
f 1501 1502 1503
f 1502 1503 1504
f 1503 1504 1505
f 1504 1505 1506
f 1505 1506 1507
f 1506 1507 1508
f 1507 1508 1509
f 1508 1509 1510
f 1509 1510 1511
f 1510 1511 1512
f 1511 1512 1513
f 1512 1513 1514
f 1513 1514 1515
f 1514 1515 1516
f 1515 1516 1517
f 1516 1517 1518
f 1517 1518 1519
f 1518 1519 1520
f 1519 1520 1521
f 1520 1521 1522
f 1521 1522 1523
f 1522 1523 1524
f 1523 1524 1525
f 1524 1525 1526
f 1525 1526 1527
f 1526 1527 1528
f 1527 1528 1529
f 1528 1529 1530
f 1529 1530 1531
f 1530 1531 1532
f 1531 1532 1533
f 1532 1533 1534
f 1533 1534 1535
f 1534 1535 1536
f 1535 1536 1537
f 1536 1537 1538
f 1537 1538 1539
f 1538 1539 1540
f 1539 1540 1541
f 1540 1541 1542
f 1541 1542 1543
f 1542 1543 1544
f 1543 1544 1545
f 1544 1545 1546
f 1545 1546 1547
f 1546 1547 1548
f 1547 1548 1549
f 1548 1549 1550
f 1549 1550 1551
f 1550 1551 1552
f 1551 1552 1553
f 1552 1553 1554
f 1553 1554 1555
f 1554 1555 1556
f 1555 1556 1557
f 1556 1557 1558
f 1557 1558 1559
f 1558 1559 1560
f 1559 1560 1561
f 1560 1561 1562
f 1561 1562 1563
f 1562 1563 1564
f 1563 1564 1565
f 1564 1565 1566
f 1565 1566 1567
f 1566 1567 1568
f 1567 1568 1569
f 1568 1569 1570
f 1569 1570 1571
f 1570 1571 1572
f 1571 1572 1573
f 1572 1573 1574
f 1573 1574 1575
f 1574 1575 1576
f 1575 1576 1577
f 1576 1577 1578
f 1577 1578 1579
f 1578 1579 1580
f 1579 1580 1581
f 1580 1581 1582
f 1581 1582 1583
f 1582 1583 1584
f 1583 1584 1585
f 1584 1585 1586
f 1585 1586 1587
f 1586 1587 1588
f 1587 1588 1589
f 1588 1589 1590
f 1589 1590 1591
f 1590 1591 1592
f 1591 1592 1593
f 1592 1593 1594
f 1593 1594 1595
f 1594 1595 1596
f 1595 1596 1597
f 1596 1597 1598
f 1597 1598 1599
f 1598 1599 1600
f 1599 1600 1601
f 1600 1601 1602
f 1601 1602 1603
f 1602 1603 1604
f 1603 1604 1605
f 1604 1605 1606
f 1605 1606 1607
f 1606 1607 1608
f 1607 1608 1609
f 1608 1609 1610
f 1609 1610 1611
f 1610 1611 1612
f 1611 1612 1613
f 1612 1613 1614
f 1613 1614 1615
f 1614 1615 1616
f 1615 1616 1617
f 1616 1617 1618
f 1617 1618 1619
f 1618 1619 1620
f 1619 1620 1621
f 1620 1621 1622
f 1621 1622 1623
f 1622 1623 1624
f 1623 1624 1625
f 1624 1625 1626
f 1625 1626 1627
f 1626 1627 1628
f 1627 1628 1629
f 1628 1629 1630
f 1629 1630 1631
f 1630 1631 1632
f 1631 1632 1633
f 1632 1633 1634
f 1633 1634 1635
f 1634 1635 1636
f 1635 1636 1637
f 1636 1637 1638
f 1637 1638 1639
f 1638 1639 1640
f 1639 1640 1641
f 1640 1641 1642
f 1641 1642 1643
f 1642 1643 1644
f 1643 1644 1645
f 1644 1645 1646
f 1645 1646 1647
f 1646 1647 1648
f 1647 1648 1649
f 1648 1649 1650
f 1649 1650 1651
f 1650 1651 1652
f 1651 1652 1653
f 1652 1653 1654
f 1653 1654 1655
f 1654 1655 1656
f 1655 1656 1657
f 1656 1657 1658
f 1657 1658 1659
f 1658 1659 1660
f 1659 1660 1661
f 1660 1661 1662
f 1661 1662 1663
f 1662 1663 1664
f 1663 1664 1665
f 1664 1665 1666
f 1665 1666 1667
f 1666 1667 1668
f 1667 1668 1669
f 1668 1669 1670
f 1669 1670 1671
f 1670 1671 1672
f 1671 1672 1673
f 1672 1673 1674
f 1673 1674 1675
f 1674 1675 1676
f 1675 1676 1677
f 1676 1677 1678
f 1677 1678 1679
f 1678 1679 1680
f 1679 1680 1681
f 1680 1681 1682
f 1681 1682 1683
f 1682 1683 1684
f 1683 1684 1685
f 1684 1685 1686
f 1685 1686 1687
f 1686 1687 1688
f 1687 1688 1689
f 1688 1689 1690
f 1689 1690 1691
f 1690 1691 1692
f 1691 1692 1693
f 1692 1693 1694
f 1693 1694 1695
f 1694 1695 1696
f 1695 1696 1697
f 1696 1697 1698
f 1697 1698 1699
f 1698 1699 1700
f 1699 1700 1701
f 1700 1701 1702
f 1701 1702 1703
f 1702 1703 1704
f 1703 1704 1705
f 1704 1705 1706
f 1705 1706 1707
f 1706 1707 1708
f 1707 1708 1709
f 1708 1709 1710
f 1709 1710 1711
f 1710 1711 1712
f 1711 1712 1713
f 1712 1713 1714
f 1713 1714 1715
f 1714 1715 1716
f 1715 1716 1717
f 1716 1717 1718
f 1717 1718 1719
f 1718 1719 1720
f 1719 1720 1721
f 1720 1721 1722
f 1721 1722 1723
f 1722 1723 1724
f 1723 1724 1725
f 1724 1725 1726
f 1725 1726 1727
f 1726 1727 1728
f 1727 1728 1729
f 1728 1729 1730
f 1729 1730 1731
f 1730 1731 1732
f 1731 1732 1733
f 1732 1733 1734
f 1733 1734 1735
f 1734 1735 1736
f 1735 1736 1737
f 1736 1737 1738
f 1737 1738 1739
f 1738 1739 1740
f 1739 1740 1741
f 1740 1741 1742
f 1741 1742 1743
f 1742 1743 1744
f 1743 1744 1745
f 1744 1745 1746
f 1745 1746 1747
f 1746 1747 1748
f 1747 1748 1749
f 1748 1749 1750
f 1749 1750 1751
f 1750 1751 1752
f 1751 1752 1753
f 1752 1753 1754
f 1753 1754 1755
f 1754 1755 1756
f 1755 1756 1757
f 1756 1757 1758
f 1757 1758 1759
f 1758 1759 1760
f 1759 1760 1761
f 1760 1761 1762
f 1761 1762 1763
f 1762 1763 1764
f 1763 1764 1765
f 1764 1765 1766
f 1765 1766 1767
f 1766 1767 1768
f 1767 1768 1769
f 1768 1769 1770
f 1769 1770 1771
f 1770 1771 1772
f 1771 1772 1773
f 1772 1773 1774
f 1773 1774 1775
f 1774 1775 1776
f 1775 1776 1777
f 1776 1777 1778
f 1777 1778 1779
f 1778 1779 1780
f 1779 1780 1781
f 1780 1781 1782
f 1781 1782 1783
f 1782 1783 1784
f 1783 1784 1785
f 1784 1785 1786
f 1785 1786 1787
f 1786 1787 1788
f 1787 1788 1789
f 1788 1789 1790
f 1789 1790 1791
f 1790 1791 1792
f 1791 1792 1793
f 1792 1793 1794
f 1793 1794 1795
f 1794 1795 1796
f 1795 1796 1797
f 1796 1797 1798
f 1797 1798 1799
f 1798 1799 1800
f 1799 1800 1801
f 1800 1801 1802
f 1801 1802 1803
f 1802 1803 1804
f 1803 1804 1805
f 1804 1805 1806
f 1805 1806 1807
f 1806 1807 1808
f 1807 1808 1809
f 1808 1809 1810
f 1809 1810 1811
f 1810 1811 1812
f 1811 1812 1813
f 1812 1813 1814
f 1813 1814 1815
f 1814 1815 1816
f 1815 1816 1817
f 1816 1817 1818
f 1817 1818 1819
f 1818 1819 1820
f 1819 1820 1821
f 1820 1821 1822
f 1821 1822 1823
f 1822 1823 1824
f 1823 1824 1825
f 1824 1825 1826
f 1825 1826 1827
f 1826 1827 1828
f 1827 1828 1829
f 1828 1829 1830
f 1829 1830 1831
f 1830 1831 1832
f 1831 1832 1833
f 1832 1833 1834
f 1833 1834 1835
f 1834 1835 1836
f 1835 1836 1837
f 1836 1837 1838
f 1837 1838 1839
f 1838 1839 1840
f 1839 1840 1841
f 1840 1841 1842
f 1841 1842 1843
f 1842 1843 1844
f 1843 1844 1845
f 1844 1845 1846
f 1845 1846 1847
f 1846 1847 1848
f 1847 1848 1849
f 1848 1849 1850
f 1849 1850 1851
f 1850 1851 1852
f 1851 1852 1853
f 1852 1853 1854
f 1853 1854 1855
f 1854 1855 1856
f 1855 1856 1857
f 1856 1857 1858
f 1857 1858 1859
f 1858 1859 1860
f 1859 1860 1861
f 1860 1861 1862
f 1861 1862 1863
f 1862 1863 1864
f 1863 1864 1865
f 1864 1865 1866
f 1865 1866 1867
f 1866 1867 1868
f 1867 1868 1869
f 1868 1869 1870
f 1869 1870 1871
f 1870 1871 1872
f 1871 1872 1873
f 1872 1873 1874
f 1873 1874 1875
f 1874 1875 1876
f 1875 1876 1877
f 1876 1877 1878
f 1877 1878 1879
f 1878 1879 1880
f 1879 1880 1881
f 1880 1881 1882
f 1881 1882 1883
f 1882 1883 1884
f 1883 1884 1885
f 1884 1885 1886
f 1885 1886 1887
f 1886 1887 1888
f 1887 1888 1889
f 1888 1889 1890
f 1889 1890 1891
f 1890 1891 1892
f 1891 1892 1893
f 1892 1893 1894
f 1893 1894 1895
f 1894 1895 1896
f 1895 1896 1897
f 1896 1897 1898
f 1897 1898 1899
f 1898 1899 1900
f 1899 1900 1901
f 1900 1901 1902
f 1901 1902 1903
f 1902 1903 1904
f 1903 1904 1905
f 1904 1905 1906
f 1905 1906 1907
f 1906 1907 1908
f 1907 1908 1909
f 1908 1909 1910
f 1909 1910 1911
f 1910 1911 1912
f 1911 1912 1913
f 1912 1913 1914
f 1913 1914 1915
f 1914 1915 1916
f 1915 1916 1917
f 1916 1917 1918
f 1917 1918 1919
f 1918 1919 1920
f 1919 1920 1921
f 1920 1921 1922
f 1921 1922 1923
f 1922 1923 1924
f 1923 1924 1925
f 1924 1925 1926
f 1925 1926 1927
f 1926 1927 1928
f 1927 1928 1929
f 1928 1929 1930
f 1929 1930 1931
f 1930 1931 1932
f 1931 1932 1933
f 1932 1933 1934
f 1933 1934 1935
f 1934 1935 1936
f 1935 1936 1937
f 1936 1937 1938
f 1937 1938 1939
f 1938 1939 1940
f 1939 1940 1941
f 1940 1941 1942
f 1941 1942 1943
f 1942 1943 1944
f 1943 1944 1945
f 1944 1945 1946
f 1945 1946 1947
f 1946 1947 1948
f 1947 1948 1949
f 1948 1949 1950
f 1949 1950 1951
f 1950 1951 1952
f 1951 1952 1953
f 1952 1953 1954
f 1953 1954 1955
f 1954 1955 1956
f 1955 1956 1957
f 1956 1957 1958
f 1957 1958 1959
f 1958 1959 1960
f 1959 1960 1961
f 1960 1961 1962
f 1961 1962 1963
f 1962 1963 1964
f 1963 1964 1965
f 1964 1965 1966
f 1965 1966 1967
f 1966 1967 1968
f 1967 1968 1969
f 1968 1969 1970
f 1969 1970 1971
f 1970 1971 1972
f 1971 1972 1973
f 1972 1973 1974
f 1973 1974 1975
f 1974 1975 1976
f 1975 1976 1977
f 1976 1977 1978
f 1977 1978 1979
f 1978 1979 1980
f 1979 1980 1981
f 1980 1981 1982
f 1981 1982 1983
f 1982 1983 1984
f 1983 1984 1985
f 1984 1985 1986
f 1985 1986 1987
f 1986 1987 1988
f 1987 1988 1989
f 1988 1989 1990
f 1989 1990 1991
f 1990 1991 1992
f 1991 1992 1993
f 1992 1993 1994
f 1993 1994 1995
f 1994 1995 1996
f 1995 1996 1997
f 1996 1997 1998
f 1997 1998 1999
f 1998 1999 2000
f 1999 2000 2001
f 2000 2001 2002
f 2001 2002 2003
f 2002 2003 2004
f 2003 2004 2005
f 2004 2005 2006
f 2005 2006 2007
f 2006 2007 2008
f 2007 2008 2009
f 2008 2009 2010
f 2009 2010 2011
f 2010 2011 2012
f 2011 2012 2013
f 2012 2013 2014
f 2013 2014 2015
f 2014 2015 2016
f 2015 2016 2017
f 2016 2017 2018
f 2017 2018 2019
f 2018 2019 2020
f 2019 2020 2021
f 2020 2021 2022
f 2021 2022 2023
f 2022 2023 2024
f 2023 2024 2025
f 2024 2025 2026
f 2025 2026 2027
f 2026 2027 2028
f 2027 2028 2029
f 2028 2029 2030
f 2029 2030 2031
f 2030 2031 2032
f 2031 2032 2033
f 2032 2033 2034
f 2033 2034 2035
f 2034 2035 2036
f 2035 2036 2037
f 2036 2037 2038
f 2037 2038 2039
f 2038 2039 2040
f 2039 2040 2041
f 2040 2041 2042
f 2041 2042 2043
f 2042 2043 2044
f 2043 2044 2045
f 2044 2045 2046
f 2045 2046 2047
f 2046 2047 2048
f 2047 2048 2049
f 2048 2049 2050
f 2049 2050 2051
f 2050 2051 2052
f 2051 2052 2053
f 2052 2053 2054
f 2053 2054 2055
f 2054 2055 2056
f 2055 2056 2057
f 2056 2057 2058
f 2057 2058 2059
f 2058 2059 2060
f 2059 2060 2061
f 2060 2061 2062
f 2061 2062 2063
f 2062 2063 2064
f 2063 2064 2065
f 2064 2065 2066
f 2065 2066 2067
f 2066 2067 2068
f 2067 2068 2069
f 2068 2069 2070
f 2069 2070 2071
f 2070 2071 2072
f 2071 2072 2073
f 2072 2073 2074
f 2073 2074 2075
f 2074 2075 2076
f 2075 2076 2077
f 2076 2077 2078
f 2077 2078 2079
f 2078 2079 2080
f 2079 2080 2081
f 2080 2081 2082
f 2081 2082 2083
f 2082 2083 2084
f 2083 2084 2085
f 2084 2085 2086
f 2085 2086 2087
f 2086 2087 2088
f 2087 2088 2089
f 2088 2089 2090
f 2089 2090 2091
f 2090 2091 2092
f 2091 2092 2093
f 2092 2093 2094
f 2093 2094 2095
f 2094 2095 2096
f 2095 2096 2097
f 2096 2097 2098
f 2097 2098 2099
f 2098 2099 2100
f 2099 2100 2101
f 2100 2101 2102
f 2101 2102 2103
f 2102 2103 2104
f 2103 2104 2105
f 2104 2105 2106
f 2105 2106 2107
f 2106 2107 2108
f 2107 2108 2109
f 2108 2109 2110
f 2109 2110 2111
f 2110 2111 2112
f 2111 2112 2113
f 2112 2113 2114
f 2113 2114 2115
f 2114 2115 2116
f 2115 2116 2117
f 2116 2117 2118
f 2117 2118 2119
f 2118 2119 2120
f 2119 2120 2121
f 2120 2121 2122
f 2121 2122 2123
f 2122 2123 2124
f 2123 2124 2125
f 2124 2125 2126
f 2125 2126 2127
f 2126 2127 2128
f 2127 2128 2129
f 2128 2129 2130
f 2129 2130 2131
f 2130 2131 2132
f 2131 2132 2133
f 2132 2133 2134
f 2133 2134 2135
f 2134 2135 2136
f 2135 2136 2137
f 2136 2137 2138
f 2137 2138 2139
f 2138 2139 2140
f 2139 2140 2141
f 2140 2141 2142
f 2141 2142 2143
f 2142 2143 2144
f 2143 2144 2145
f 2144 2145 2146
f 2145 2146 2147
f 2146 2147 2148
f 2147 2148 2149
f 2148 2149 2150
f 2149 2150 2151
f 2150 2151 2152
f 2151 2152 2153
f 2152 2153 2154
f 2153 2154 2155
f 2154 2155 2156
f 2155 2156 2157
f 2156 2157 2158
f 2157 2158 2159
f 2158 2159 2160
f 2159 2160 2161
f 2160 2161 2162
f 2161 2162 2163
f 2162 2163 2164
f 2163 2164 2165
f 2164 2165 2166
f 2165 2166 2167
f 2166 2167 2168
f 2167 2168 2169
f 2168 2169 2170
f 2169 2170 2171
f 2170 2171 2172
f 2171 2172 2173
f 2172 2173 2174
f 2173 2174 2175
f 2174 2175 2176
f 2175 2176 2177
f 2176 2177 2178
f 2177 2178 2179
f 2178 2179 2180
f 2179 2180 2181
f 2180 2181 2182
f 2181 2182 2183
f 2182 2183 2184
f 2183 2184 2185
f 2184 2185 2186
f 2185 2186 2187
f 2186 2187 2188
f 2187 2188 2189
f 2188 2189 2190
f 2189 2190 2191
f 2190 2191 2192
f 2191 2192 2193
f 2192 2193 2194
f 2193 2194 2195
f 2194 2195 2196
f 2195 2196 2197
f 2196 2197 2198
f 2197 2198 2199
f 2198 2199 2200
f 2199 2200 2201
f 2200 2201 2202
f 2201 2202 2203
f 2202 2203 2204
f 2203 2204 2205
f 2204 2205 2206
f 2205 2206 2207
f 2206 2207 2208
f 2207 2208 2209
f 2208 2209 2210
f 2209 2210 2211
f 2210 2211 2212
f 2211 2212 2213
f 2212 2213 2214
f 2213 2214 2215
f 2214 2215 2216
f 2215 2216 2217
f 2216 2217 2218
f 2217 2218 2219
f 2218 2219 2220
f 2219 2220 2221
f 2220 2221 2222
f 2221 2222 2223
f 2222 2223 2224
f 2223 2224 2225
f 2224 2225 2226
f 2225 2226 2227
f 2226 2227 2228
f 2227 2228 2229
f 2228 2229 2230
f 2229 2230 2231
f 2230 2231 2232
f 2231 2232 2233
f 2232 2233 2234
f 2233 2234 2235
f 2234 2235 2236
f 2235 2236 2237
f 2236 2237 2238
f 2237 2238 2239
f 2238 2239 2240
f 2239 2240 2241
f 2240 2241 2242
f 2241 2242 2243
f 2242 2243 2244
f 2243 2244 2245
f 2244 2245 2246
f 2245 2246 2247
f 2246 2247 2248
f 2247 2248 2249
f 2248 2249 2250
f 2249 2250 2251
f 2250 2251 2252
f 2251 2252 2253
f 2252 2253 2254
f 2253 2254 2255
f 2254 2255 2256
f 2255 2256 2257
f 2256 2257 2258
f 2257 2258 2259
f 2258 2259 2260
f 2259 2260 2261
f 2260 2261 2262
f 2261 2262 2263
f 2262 2263 2264
f 2263 2264 2265
f 2264 2265 2266
f 2265 2266 2267
f 2266 2267 2268
f 2267 2268 2269
f 2268 2269 2270
f 2269 2270 2271
f 2270 2271 2272
f 2271 2272 2273
f 2272 2273 2274
f 2273 2274 2275
f 2274 2275 2276
f 2275 2276 2277
f 2276 2277 2278
f 2277 2278 2279
f 2278 2279 2280
f 2279 2280 2281
f 2280 2281 2282
f 2281 2282 2283
f 2282 2283 2284
f 2283 2284 2285
f 2284 2285 2286
f 2285 2286 2287
f 2286 2287 2288
f 2287 2288 2289
f 2288 2289 2290
f 2289 2290 2291
f 2290 2291 2292
f 2291 2292 2293
f 2292 2293 2294
f 2293 2294 2295
f 2294 2295 2296
f 2295 2296 2297
f 2296 2297 2298
f 2297 2298 2299
f 2298 2299 2300
f 2299 2300 2301
f 2300 2301 2302
f 2301 2302 2303
f 2302 2303 2304
f 2303 2304 2305
f 2304 2305 2306
f 2305 2306 2307
f 2306 2307 2308
f 2307 2308 2309
f 2308 2309 2310
f 2309 2310 2311
f 2310 2311 2312
f 2311 2312 2313
f 2312 2313 2314
f 2313 2314 2315
f 2314 2315 2316
f 2315 2316 2317
f 2316 2317 2318
f 2317 2318 2319
f 2318 2319 2320
f 2319 2320 2321
f 2320 2321 2322
f 2321 2322 2323
f 2322 2323 2324
f 2323 2324 2325
f 2324 2325 2326
f 2325 2326 2327
f 2326 2327 2328
f 2327 2328 2329
f 2328 2329 2330
f 2329 2330 2331
f 2330 2331 2332
f 2331 2332 2333
f 2332 2333 2334
f 2333 2334 2335
f 2334 2335 2336
f 2335 2336 2337
f 2336 2337 2338
f 2337 2338 2339
f 2338 2339 2340
f 2339 2340 2341
f 2340 2341 2342
f 2341 2342 2343
f 2342 2343 2344
f 2343 2344 2345
f 2344 2345 2346
f 2345 2346 2347
f 2346 2347 2348
f 2347 2348 2349
f 2348 2349 2350
f 2349 2350 2351
f 2350 2351 2352
f 2351 2352 2353
f 2352 2353 2354
f 2353 2354 2355
f 2354 2355 2356
f 2355 2356 2357
f 2356 2357 2358
f 2357 2358 2359
f 2358 2359 2360
f 2359 2360 2361
f 2360 2361 2362
f 2361 2362 2363
f 2362 2363 2364
f 2363 2364 2365
f 2364 2365 2366
f 2365 2366 2367
f 2366 2367 2368
f 2367 2368 2369
f 2368 2369 2370
f 2369 2370 2371
f 2370 2371 2372
f 2371 2372 2373
f 2372 2373 2374
f 2373 2374 2375
f 2374 2375 2376
f 2375 2376 2377
f 2376 2377 2378
f 2377 2378 2379
f 2378 2379 2380
f 2379 2380 2381
f 2380 2381 2382
f 2381 2382 2383
f 2382 2383 2384
f 2383 2384 2385
f 2384 2385 2386
f 2385 2386 2387
f 2386 2387 2388
f 2387 2388 2389
f 2388 2389 2390
f 2389 2390 2391
f 2390 2391 2392
f 2391 2392 2393
f 2392 2393 2394
f 2393 2394 2395
f 2394 2395 2396
f 2395 2396 2397
f 2396 2397 2398
f 2397 2398 2399
f 2398 2399 2400
f 2399 2400 2401
f 2400 2401 2402
f 2401 2402 2403
f 2402 2403 2404
f 2403 2404 2405
f 2404 2405 2406
f 2405 2406 2407
f 2406 2407 2408
f 2407 2408 2409
f 2408 2409 2410
f 2409 2410 2411
f 2410 2411 2412
f 2411 2412 2413
f 2412 2413 2414
f 2413 2414 2415
f 2414 2415 2416
f 2415 2416 2417
f 2416 2417 2418
f 2417 2418 2419
f 2418 2419 2420
f 2419 2420 2421
f 2420 2421 2422
f 2421 2422 2423
f 2422 2423 2424
f 2423 2424 2425
f 2424 2425 2426
f 2425 2426 2427
f 2426 2427 2428
f 2427 2428 2429
f 2428 2429 2430
f 2429 2430 2431
f 2430 2431 2432
f 2431 2432 2433
f 2432 2433 2434
f 2433 2434 2435
f 2434 2435 2436
f 2435 2436 2437
f 2436 2437 2438
f 2437 2438 2439
f 2438 2439 2440
f 2439 2440 2441
f 2440 2441 2442
f 2441 2442 2443
f 2442 2443 2444
f 2443 2444 2445
f 2444 2445 2446
f 2445 2446 2447
f 2446 2447 2448
f 2447 2448 2449
f 2448 2449 2450
f 2449 2450 2451
f 2450 2451 2452
f 2451 2452 2453
f 2452 2453 2454
f 2453 2454 2455
f 2454 2455 2456
f 2455 2456 2457
f 2456 2457 2458
f 2457 2458 2459
f 2458 2459 2460
f 2459 2460 2461
f 2460 2461 2462
f 2461 2462 2463
f 2462 2463 2464
f 2463 2464 2465
f 2464 2465 2466
f 2465 2466 2467
f 2466 2467 2468
f 2467 2468 2469
f 2468 2469 2470
f 2469 2470 2471
f 2470 2471 2472
f 2471 2472 2473
f 2472 2473 2474
f 2473 2474 2475
f 2474 2475 2476
f 2475 2476 2477
f 2476 2477 2478
f 2477 2478 2479
f 2478 2479 2480
f 2479 2480 2481
f 2480 2481 2482
f 2481 2482 2483
f 2482 2483 2484
f 2483 2484 2485
f 2484 2485 2486
f 2485 2486 2487
f 2486 2487 2488
f 2487 2488 2489
f 2488 2489 2490
f 2489 2490 2491
f 2490 2491 2492
f 2491 2492 2493
f 2492 2493 2494
f 2493 2494 2495
f 2494 2495 2496
f 2495 2496 2497
f 2496 2497 2498
f 2497 2498 2499
f 2498 2499 2500
f 2499 2500 2501
f 2500 2501 2502
f 2501 2502 2503
f 2502 2503 2504
f 2503 2504 2505
f 2504 2505 2506
f 2505 2506 2507
f 2506 2507 2508
f 2507 2508 2509
f 2508 2509 2510
f 2509 2510 2511
f 2510 2511 2512
f 2511 2512 2513
f 2512 2513 2514
f 2513 2514 2515
f 2514 2515 2516
f 2515 2516 2517
f 2516 2517 2518
f 2517 2518 2519
f 2518 2519 2520
f 2519 2520 2521
f 2520 2521 2522
f 2521 2522 2523
f 2522 2523 2524
f 2523 2524 2525
f 2524 2525 2526
f 2525 2526 2527
f 2526 2527 2528
f 2527 2528 2529
f 2528 2529 2530
f 2529 2530 2531
f 2530 2531 2532
f 2531 2532 2533
f 2532 2533 2534
f 2533 2534 2535
f 2534 2535 2536
f 2535 2536 2537
f 2536 2537 2538
f 2537 2538 2539
f 2538 2539 2540
f 2539 2540 2541
f 2540 2541 2542
f 2541 2542 2543
f 2542 2543 2544
f 2543 2544 2545
f 2544 2545 2546
f 2545 2546 2547
f 2546 2547 2548
f 2547 2548 2549
f 2548 2549 2550
f 2549 2550 2551
f 2550 2551 2552
f 2551 2552 2553
f 2552 2553 2554
f 2553 2554 2555
f 2554 2555 2556
f 2555 2556 2557
f 2556 2557 2558
f 2557 2558 2559
f 2558 2559 2560
f 2559 2560 2561
f 2560 2561 2562
f 2561 2562 2563
f 2562 2563 2564
f 2563 2564 2565
f 2564 2565 2566
f 2565 2566 2567
f 2566 2567 2568
f 2567 2568 2569
f 2568 2569 2570
f 2569 2570 2571
f 2570 2571 2572
f 2571 2572 2573
f 2572 2573 2574
f 2573 2574 2575
f 2574 2575 2576
f 2575 2576 2577
f 2576 2577 2578
f 2577 2578 2579
f 2578 2579 2580
f 2579 2580 2581
f 2580 2581 2582
f 2581 2582 2583
f 2582 2583 2584
f 2583 2584 2585
f 2584 2585 2586
f 2585 2586 2587
f 2586 2587 2588
f 2587 2588 2589
f 2588 2589 2590
f 2589 2590 2591
f 2590 2591 2592
f 2591 2592 2593
f 2592 2593 2594
f 2593 2594 2595
f 2594 2595 2596
f 2595 2596 2597
f 2596 2597 2598
f 2597 2598 2599
f 2598 2599 2600
f 2599 2600 2601
f 2600 2601 2602
f 2601 2602 2603
f 2602 2603 2604
f 2603 2604 2605
f 2604 2605 2606
f 2605 2606 2607
f 2606 2607 2608
f 2607 2608 2609
f 2608 2609 2610
f 2609 2610 2611
f 2610 2611 2612
f 2611 2612 2613
f 2612 2613 2614
f 2613 2614 2615
f 2614 2615 2616
f 2615 2616 2617
f 2616 2617 2618
f 2617 2618 2619
f 2618 2619 2620
f 2619 2620 2621
f 2620 2621 2622
f 2621 2622 2623
f 2622 2623 2624
f 2623 2624 2625
f 2624 2625 2626
f 2625 2626 2627
f 2626 2627 2628
f 2627 2628 2629
f 2628 2629 2630
f 2629 2630 2631
f 2630 2631 2632
f 2631 2632 2633
f 2632 2633 2634
f 2633 2634 2635
f 2634 2635 2636
f 2635 2636 2637
f 2636 2637 2638
f 2637 2638 2639
f 2638 2639 2640
f 2639 2640 2641
f 2640 2641 2642
f 2641 2642 2643
f 2642 2643 2644
f 2643 2644 2645
f 2644 2645 2646
f 2645 2646 2647
f 2646 2647 2648
f 2647 2648 2649
f 2648 2649 2650
f 2649 2650 2651
f 2650 2651 2652
f 2651 2652 2653
f 2652 2653 2654
f 2653 2654 2655
f 2654 2655 2656
f 2655 2656 2657
f 2656 2657 2658
f 2657 2658 2659
f 2658 2659 2660
f 2659 2660 2661
f 2660 2661 2662
f 2661 2662 2663
f 2662 2663 2664
f 2663 2664 2665
f 2664 2665 2666
f 2665 2666 2667
f 2666 2667 2668
f 2667 2668 2669
f 2668 2669 2670
f 2669 2670 2671
f 2670 2671 2672
f 2671 2672 2673
f 2672 2673 2674
f 2673 2674 2675
f 2674 2675 2676
f 2675 2676 2677
f 2676 2677 2678
f 2677 2678 2679
f 2678 2679 2680
f 2679 2680 2681
f 2680 2681 2682
f 2681 2682 2683
f 2682 2683 2684
f 2683 2684 2685
f 2684 2685 2686
f 2685 2686 2687
f 2686 2687 2688
f 2687 2688 2689
f 2688 2689 2690
f 2689 2690 2691
f 2690 2691 2692
f 2691 2692 2693
f 2692 2693 2694
f 2693 2694 2695
f 2694 2695 2696
f 2695 2696 2697
f 2696 2697 2698
f 2697 2698 2699
f 2698 2699 2700
f 2699 2700 2701
f 2700 2701 2702
f 2701 2702 2703
f 2702 2703 2704
f 2703 2704 2705
f 2704 2705 2706
f 2705 2706 2707
f 2706 2707 2708
f 2707 2708 2709
f 2708 2709 2710
f 2709 2710 2711
f 2710 2711 2712
f 2711 2712 2713
f 2712 2713 2714
f 2713 2714 2715
f 2714 2715 2716
f 2715 2716 2717
f 2716 2717 2718
f 2717 2718 2719
f 2718 2719 2720
f 2719 2720 2721
f 2720 2721 2722
f 2721 2722 2723
f 2722 2723 2724
f 2723 2724 2725
f 2724 2725 2726
f 2725 2726 2727
f 2726 2727 2728
f 2727 2728 2729
f 2728 2729 2730
f 2729 2730 2731
f 2730 2731 2732
f 2731 2732 2733
f 2732 2733 2734
f 2733 2734 2735
f 2734 2735 2736
f 2735 2736 2737
f 2736 2737 2738
f 2737 2738 2739
f 2738 2739 2740
f 2739 2740 2741
f 2740 2741 2742
f 2741 2742 2743
f 2742 2743 2744
f 2743 2744 2745
f 2744 2745 2746
f 2745 2746 2747
f 2746 2747 2748
f 2747 2748 2749
f 2748 2749 2750
f 2749 2750 2751
f 2750 2751 2752
f 2751 2752 2753
f 2752 2753 2754
f 2753 2754 2755
f 2754 2755 2756
f 2755 2756 2757
f 2756 2757 2758
f 2757 2758 2759
f 2758 2759 2760
f 2759 2760 2761
f 2760 2761 2762
f 2761 2762 2763
f 2762 2763 2764
f 2763 2764 2765
f 2764 2765 2766
f 2765 2766 2767
f 2766 2767 2768
f 2767 2768 2769
f 2768 2769 2770
f 2769 2770 2771
f 2770 2771 2772
f 2771 2772 2773
f 2772 2773 2774
f 2773 2774 2775
f 2774 2775 2776
f 2775 2776 2777
f 2776 2777 2778
f 2777 2778 2779
f 2778 2779 2780
f 2779 2780 2781
f 2780 2781 2782
f 2781 2782 2783
f 2782 2783 2784
f 2783 2784 2785
f 2784 2785 2786
f 2785 2786 2787
f 2786 2787 2788
f 2787 2788 2789
f 2788 2789 2790
f 2789 2790 2791
f 2790 2791 2792
f 2791 2792 2793
f 2792 2793 2794
f 2793 2794 2795
f 2794 2795 2796
f 2795 2796 2797
f 2796 2797 2798
f 2797 2798 2799
f 2798 2799 2800
f 2799 2800 2801
f 2800 2801 2802
f 2801 2802 2803
f 2802 2803 2804
f 2803 2804 2805
f 2804 2805 2806
f 2805 2806 2807
f 2806 2807 2808
f 2807 2808 2809
f 2808 2809 2810
f 2809 2810 2811
f 2810 2811 2812
f 2811 2812 2813
f 2812 2813 2814
f 2813 2814 2815
f 2814 2815 2816
f 2815 2816 2817
f 2816 2817 2818
f 2817 2818 2819
f 2818 2819 2820
f 2819 2820 2821
f 2820 2821 2822
f 2821 2822 2823
f 2822 2823 2824
f 2823 2824 2825
f 2824 2825 2826
f 2825 2826 2827
f 2826 2827 2828
f 2827 2828 2829
f 2828 2829 2830
f 2829 2830 2831
f 2830 2831 2832
f 2831 2832 2833
f 2832 2833 2834
f 2833 2834 2835
f 2834 2835 2836
f 2835 2836 2837
f 2836 2837 2838
f 2837 2838 2839
f 2838 2839 2840
f 2839 2840 2841
f 2840 2841 2842
f 2841 2842 2843
f 2842 2843 2844
f 2843 2844 2845
f 2844 2845 2846
f 2845 2846 2847
f 2846 2847 2848
f 2847 2848 2849
f 2848 2849 2850
f 2849 2850 2851
f 2850 2851 2852
f 2851 2852 2853
f 2852 2853 2854
f 2853 2854 2855
f 2854 2855 2856
f 2855 2856 2857
f 2856 2857 2858
f 2857 2858 2859
f 2858 2859 2860
f 2859 2860 2861
f 2860 2861 2862
f 2861 2862 2863
f 2862 2863 2864
f 2863 2864 2865
f 2864 2865 2866
f 2865 2866 2867
f 2866 2867 2868
f 2867 2868 2869
f 2868 2869 2870
f 2869 2870 2871
f 2870 2871 2872
f 2871 2872 2873
f 2872 2873 2874
f 2873 2874 2875
f 2874 2875 2876
f 2875 2876 2877
f 2876 2877 2878
f 2877 2878 2879
f 2878 2879 2880
f 2879 2880 2881
f 2880 2881 2882
f 2881 2882 2883
f 2882 2883 2884
f 2883 2884 2885
f 2884 2885 2886
f 2885 2886 2887
f 2886 2887 2888
f 2887 2888 2889
f 2888 2889 2890
f 2889 2890 2891
f 2890 2891 2892
f 2891 2892 2893
f 2892 2893 2894
f 2893 2894 2895
f 2894 2895 2896
f 2895 2896 2897
f 2896 2897 2898
f 2897 2898 2899
f 2898 2899 2900
f 2899 2900 2901
f 2900 2901 2902
f 2901 2902 2903
f 2902 2903 2904
f 2903 2904 2905
f 2904 2905 2906
f 2905 2906 2907
f 2906 2907 2908
f 2907 2908 2909
f 2908 2909 2910
f 2909 2910 2911
f 2910 2911 2912
f 2911 2912 2913
f 2912 2913 2914
f 2913 2914 2915
f 2914 2915 2916
f 2915 2916 2917
f 2916 2917 2918
f 2917 2918 2919
f 2918 2919 2920
f 2919 2920 2921
f 2920 2921 2922
f 2921 2922 2923
f 2922 2923 2924
f 2923 2924 2925
f 2924 2925 2926
f 2925 2926 2927
f 2926 2927 2928
f 2927 2928 2929
f 2928 2929 2930
f 2929 2930 2931
f 2930 2931 2932
f 2931 2932 2933
f 2932 2933 2934
f 2933 2934 2935
f 2934 2935 2936
f 2935 2936 2937
f 2936 2937 2938
f 2937 2938 2939
f 2938 2939 2940
f 2939 2940 2941
f 2940 2941 2942
f 2941 2942 2943
f 2942 2943 2944
f 2943 2944 2945
f 2944 2945 2946
f 2945 2946 2947
f 2946 2947 2948
f 2947 2948 2949
f 2948 2949 2950
f 2949 2950 2951
f 2950 2951 2952
f 2951 2952 2953
f 2952 2953 2954
f 2953 2954 2955
f 2954 2955 2956
f 2955 2956 2957
f 2956 2957 2958
f 2957 2958 2959
f 2958 2959 2960
f 2959 2960 2961
f 2960 2961 2962
f 2961 2962 2963
f 2962 2963 2964
f 2963 2964 2965
f 2964 2965 2966
f 2965 2966 2967
f 2966 2967 2968
f 2967 2968 2969
f 2968 2969 2970
f 2969 2970 2971
f 2970 2971 2972
f 2971 2972 2973
f 2972 2973 2974
f 2973 2974 2975
f 2974 2975 2976
f 2975 2976 2977
f 2976 2977 2978
f 2977 2978 2979
f 2978 2979 2980
f 2979 2980 2981
f 2980 2981 2982
f 2981 2982 2983
f 2982 2983 2984
f 2983 2984 2985
f 2984 2985 2986
f 2985 2986 2987
f 2986 2987 2988
f 2987 2988 2989
f 2988 2989 2990
f 2989 2990 2991
f 2990 2991 2992
f 2991 2992 2993
f 2992 2993 2994
f 2993 2994 2995
f 2994 2995 2996
f 2995 2996 2997
f 2996 2997 2998
f 2997 2998 2999
f 2998 2999 3000
f 2999 3000 3001
f 3000 3001 3002
f 3001 3002 3003
f 3002 3003 3004
f 3003 3004 3005
f 3004 3005 3006
f 3005 3006 3007
f 3006 3007 3008
f 3007 3008 3009
f 3008 3009 3010
f 3009 3010 3011
f 3010 3011 3012
f 3011 3012 3013
f 3012 3013 3014
f 3013 3014 3015
f 3014 3015 3016
f 3015 3016 3017
f 3016 3017 3018
f 3017 3018 3019
f 3018 3019 3020
f 3019 3020 3021
f 3020 3021 3022
f 3021 3022 3023
f 3022 3023 3024
f 3023 3024 3025
f 3024 3025 3026
f 3025 3026 3027
f 3026 3027 3028
f 3027 3028 3029
f 3028 3029 3030
f 3029 3030 3031
f 3030 3031 3032
f 3031 3032 3033
f 3032 3033 3034
f 3033 3034 3035
f 3034 3035 3036
f 3035 3036 3037
f 3036 3037 3038
f 3037 3038 3039
f 3038 3039 3040
f 3039 3040 3041
f 3040 3041 3042
f 3041 3042 3043
f 3042 3043 3044
f 3043 3044 3045
f 3044 3045 3046
f 3045 3046 3047
f 3046 3047 3048
f 3047 3048 3049
f 3048 3049 3050
f 3049 3050 3051
f 3050 3051 3052
f 3051 3052 3053
f 3052 3053 3054
f 3053 3054 3055
f 3054 3055 3056
f 3055 3056 3057
f 3056 3057 3058
f 3057 3058 3059
f 3058 3059 3060
f 3059 3060 3061
f 3060 3061 3062
f 3061 3062 3063
f 3062 3063 3064
f 3063 3064 3065
f 3064 3065 3066
f 3065 3066 3067
f 3066 3067 3068
f 3067 3068 3069
f 3068 3069 3070
f 3069 3070 3071
f 3070 3071 3072
f 3071 3072 3073
f 3072 3073 3074
f 3073 3074 3075
f 3074 3075 3076
f 3075 3076 3077
f 3076 3077 3078
f 3077 3078 3079
f 3078 3079 3080
f 3079 3080 3081
f 3080 3081 3082
f 3081 3082 3083
f 3082 3083 3084
f 3083 3084 3085
f 3084 3085 3086
f 3085 3086 3087
f 3086 3087 3088
f 3087 3088 3089
f 3088 3089 3090
f 3089 3090 3091
f 3090 3091 3092
f 3091 3092 3093
f 3092 3093 3094
f 3093 3094 3095
f 3094 3095 3096
f 3095 3096 3097
f 3096 3097 3098
f 3097 3098 3099
f 3098 3099 3100
f 3099 3100 3101
f 3100 3101 3102
f 3101 3102 3103
f 3102 3103 3104
f 3103 3104 3105
f 3104 3105 3106
f 3105 3106 3107
f 3106 3107 3108
f 3107 3108 3109
f 3108 3109 3110
f 3109 3110 3111
f 3110 3111 3112
f 3111 3112 3113
f 3112 3113 3114
f 3113 3114 3115
f 3114 3115 3116
f 3115 3116 3117
f 3116 3117 3118
f 3117 3118 3119
f 3118 3119 3120
f 3119 3120 3121
f 3120 3121 3122
f 3121 3122 3123
f 3122 3123 3124
f 3123 3124 3125
f 3124 3125 3126
f 3125 3126 3127
f 3126 3127 3128
f 3127 3128 3129
f 3128 3129 3130
f 3129 3130 3131
f 3130 3131 3132
f 3131 3132 3133
f 3132 3133 3134
f 3133 3134 3135
f 3134 3135 3136
f 3135 3136 3137
f 3136 3137 3138
f 3137 3138 3139
f 3138 3139 3140
f 3139 3140 3141
f 3140 3141 3142
f 3141 3142 3143
f 3142 3143 3144
f 3143 3144 3145
f 3144 3145 3146
f 3145 3146 3147
f 3146 3147 3148
f 3147 3148 3149
f 3148 3149 3150
f 3149 3150 3151
f 3150 3151 3152
f 3151 3152 3153
f 3152 3153 3154
f 3153 3154 3155
f 3154 3155 3156
f 3155 3156 3157
f 3156 3157 3158
f 3157 3158 3159
f 3158 3159 3160
f 3159 3160 3161
f 3160 3161 3162
f 3161 3162 3163
f 3162 3163 3164
f 3163 3164 3165
f 3164 3165 3166
f 3165 3166 3167
f 3166 3167 3168
f 3167 3168 3169
f 3168 3169 3170
f 3169 3170 3171
f 3170 3171 3172
f 3171 3172 3173
f 3172 3173 3174
f 3173 3174 3175
f 3174 3175 3176
f 3175 3176 3177
f 3176 3177 3178
f 3177 3178 3179
f 3178 3179 3180
f 3179 3180 3181
f 3180 3181 3182
f 3181 3182 3183
f 3182 3183 3184
f 3183 3184 3185
f 3184 3185 3186
f 3185 3186 3187
f 3186 3187 3188
f 3187 3188 3189
f 3188 3189 3190
f 3189 3190 3191
f 3190 3191 3192
f 3191 3192 3193
f 3192 3193 3194
f 3193 3194 3195
f 3194 3195 3196
f 3195 3196 3197
f 3196 3197 3198
f 3197 3198 3199
f 3198 3199 3200
f 3199 3200 3201
f 3200 3201 3202
f 3201 3202 3203
f 3202 3203 3204
f 3203 3204 3205
f 3204 3205 3206
f 3205 3206 3207
f 3206 3207 3208
f 3207 3208 3209
f 3208 3209 3210
f 3209 3210 3211
f 3210 3211 3212
f 3211 3212 3213
f 3212 3213 3214
f 3213 3214 3215
f 3214 3215 3216
f 3215 3216 3217
f 3216 3217 3218
f 3217 3218 3219
f 3218 3219 3220
f 3219 3220 3221
f 3220 3221 3222
f 3221 3222 3223
f 3222 3223 3224
f 3223 3224 3225
f 3224 3225 3226
f 3225 3226 3227
f 3226 3227 3228
f 3227 3228 3229
f 3228 3229 3230
f 3229 3230 3231
f 3230 3231 3232
f 3231 3232 3233
f 3232 3233 3234
f 3233 3234 3235
f 3234 3235 3236
f 3235 3236 3237
f 3236 3237 3238
f 3237 3238 3239
f 3238 3239 3240
f 3239 3240 3241
f 3240 3241 3242
f 3241 3242 3243
f 3242 3243 3244
f 3243 3244 3245
f 3244 3245 3246
f 3245 3246 3247
f 3246 3247 3248
f 3247 3248 3249
f 3248 3249 3250
f 3249 3250 3251
f 3250 3251 3252
f 3251 3252 3253
f 3252 3253 3254
f 3253 3254 3255
f 3254 3255 3256
f 3255 3256 3257
f 3256 3257 3258
f 3257 3258 3259
f 3258 3259 3260
f 3259 3260 3261
f 3260 3261 3262
f 3261 3262 3263
f 3262 3263 3264
f 3263 3264 3265
f 3264 3265 3266
f 3265 3266 3267
f 3266 3267 3268
f 3267 3268 3269
f 3268 3269 3270
f 3269 3270 3271
f 3270 3271 3272
f 3271 3272 3273
f 3272 3273 3274
f 3273 3274 3275
f 3274 3275 3276
f 3275 3276 3277
f 3276 3277 3278
f 3277 3278 3279
f 3278 3279 3280
f 3279 3280 3281
f 3280 3281 3282
f 3281 3282 3283
f 3282 3283 3284
f 3283 3284 3285
f 3284 3285 3286
f 3285 3286 3287
f 3286 3287 3288
f 3287 3288 3289
f 3288 3289 3290
f 3289 3290 3291
f 3290 3291 3292
f 3291 3292 3293
f 3292 3293 3294
f 3293 3294 3295
f 3294 3295 3296
f 3295 3296 3297
f 3296 3297 3298
f 3297 3298 3299
f 3298 3299 3300
f 3299 3300 3301
f 3300 3301 3302
f 3301 3302 3303
f 3302 3303 3304
f 3303 3304 3305
f 3304 3305 3306
f 3305 3306 3307
f 3306 3307 3308
f 3307 3308 3309
f 3308 3309 3310
f 3309 3310 3311
f 3310 3311 3312
f 3311 3312 3313
f 3312 3313 3314
f 3313 3314 3315
f 3314 3315 3316
f 3315 3316 3317
f 3316 3317 3318
f 3317 3318 3319
f 3318 3319 3320
f 3319 3320 3321
f 3320 3321 3322
f 3321 3322 3323
f 3322 3323 3324
f 3323 3324 3325
f 3324 3325 3326
f 3325 3326 3327
f 3326 3327 3328
f 3327 3328 3329
f 3328 3329 3330
f 3329 3330 3331
f 3330 3331 3332
f 3331 3332 3333
f 3332 3333 3334
f 3333 3334 3335
f 3334 3335 3336
f 3335 3336 3337
f 3336 3337 3338
f 3337 3338 3339
f 3338 3339 3340
f 3339 3340 3341
f 3340 3341 3342
f 3341 3342 3343
f 3342 3343 3344
f 3343 3344 3345
f 3344 3345 3346
f 3345 3346 3347
f 3346 3347 3348
f 3347 3348 3349
f 3348 3349 3350
f 3349 3350 3351
f 3350 3351 3352
f 3351 3352 3353
f 3352 3353 3354
f 3353 3354 3355
f 3354 3355 3356
f 3355 3356 3357
f 3356 3357 3358
f 3357 3358 3359
f 3358 3359 3360
f 3359 3360 3361
f 3360 3361 3362
f 3361 3362 3363
f 3362 3363 3364
f 3363 3364 3365
f 3364 3365 3366
f 3365 3366 3367
f 3366 3367 3368
f 3367 3368 3369
f 3368 3369 3370
f 3369 3370 3371
f 3370 3371 3372
f 3371 3372 3373
f 3372 3373 3374
f 3373 3374 3375
f 3374 3375 3376
f 3375 3376 3377
f 3376 3377 3378
f 3377 3378 3379
f 3378 3379 3380
f 3379 3380 3381
f 3380 3381 3382
f 3381 3382 3383
f 3382 3383 3384
f 3383 3384 3385
f 3384 3385 3386
f 3385 3386 3387
f 3386 3387 3388
f 3387 3388 3389
f 3388 3389 3390
f 3389 3390 3391
f 3390 3391 3392
f 3391 3392 3393
f 3392 3393 3394
f 3393 3394 3395
f 3394 3395 3396
f 3395 3396 3397
f 3396 3397 3398
f 3397 3398 3399
f 3398 3399 3400
f 3399 3400 3401
f 3400 3401 3402
f 3401 3402 3403
f 3402 3403 3404
f 3403 3404 3405
f 3404 3405 3406
f 3405 3406 3407
f 3406 3407 3408
f 3407 3408 3409
f 3408 3409 3410
f 3409 3410 3411
f 3410 3411 3412
f 3411 3412 3413
f 3412 3413 3414
f 3413 3414 3415
f 3414 3415 3416
f 3415 3416 3417
f 3416 3417 3418
f 3417 3418 3419
f 3418 3419 3420
f 3419 3420 3421
f 3420 3421 3422
f 3421 3422 3423
f 3422 3423 3424
f 3423 3424 3425
f 3424 3425 3426
f 3425 3426 3427
f 3426 3427 3428
f 3427 3428 3429
f 3428 3429 3430
f 3429 3430 3431
f 3430 3431 3432
f 3431 3432 3433
f 3432 3433 3434
f 3433 3434 3435
f 3434 3435 3436
f 3435 3436 3437
f 3436 3437 3438
f 3437 3438 3439
f 3438 3439 3440
f 3439 3440 3441
f 3440 3441 3442
f 3441 3442 3443
f 3442 3443 3444
f 3443 3444 3445
f 3444 3445 3446
f 3445 3446 3447
f 3446 3447 3448
f 3447 3448 3449
f 3448 3449 3450
f 3449 3450 3451
f 3450 3451 3452
f 3451 3452 3453
f 3452 3453 3454
f 3453 3454 3455
f 3454 3455 3456
f 3455 3456 3457
f 3456 3457 3458
f 3457 3458 3459
f 3458 3459 3460
f 3459 3460 3461
f 3460 3461 3462
f 3461 3462 3463
f 3462 3463 3464
f 3463 3464 3465
f 3464 3465 3466
f 3465 3466 3467
f 3466 3467 3468
f 3467 3468 3469
f 3468 3469 3470
f 3469 3470 3471
f 3470 3471 3472
f 3471 3472 3473
f 3472 3473 3474
f 3473 3474 3475
f 3474 3475 3476
f 3475 3476 3477
f 3476 3477 3478
f 3477 3478 3479
f 3478 3479 3480
f 3479 3480 3481
f 3480 3481 3482
f 3481 3482 3483
f 3482 3483 3484
f 3483 3484 3485
f 3484 3485 3486
f 3485 3486 3487
f 3486 3487 3488
f 3487 3488 3489
f 3488 3489 3490
f 3489 3490 3491
f 3490 3491 3492
f 3491 3492 3493
f 3492 3493 3494
f 3493 3494 3495
f 3494 3495 3496
f 3495 3496 3497
f 3496 3497 3498
f 3497 3498 3499
f 3498 3499 3500
f 3499 3500 3501
f 3500 3501 3502
f 3501 3502 3503
f 3502 3503 3504
f 3503 3504 3505
f 3504 3505 3506
f 3505 3506 3507
f 3506 3507 3508
f 3507 3508 3509
f 3508 3509 3510
f 3509 3510 3511
f 3510 3511 3512
f 3511 3512 3513
f 3512 3513 3514
f 3513 3514 3515
f 3514 3515 3516
f 3515 3516 3517
f 3516 3517 3518
f 3517 3518 3519
f 3518 3519 3520
f 3519 3520 3521
f 3520 3521 3522
f 3521 3522 3523
f 3522 3523 3524
f 3523 3524 3525
f 3524 3525 3526
f 3525 3526 3527
f 3526 3527 3528
f 3527 3528 3529
f 3528 3529 3530
f 3529 3530 3531
f 3530 3531 3532
f 3531 3532 3533
f 3532 3533 3534
f 3533 3534 3535
f 3534 3535 3536
f 3535 3536 3537
f 3536 3537 3538
f 3537 3538 3539
f 3538 3539 3540
f 3539 3540 3541
f 3540 3541 3542
f 3541 3542 3543
f 3542 3543 3544
f 3543 3544 3545
f 3544 3545 3546
f 3545 3546 3547
f 3546 3547 3548
f 3547 3548 3549
f 3548 3549 3550
f 3549 3550 3551
f 3550 3551 3552
f 3551 3552 3553
f 3552 3553 3554
f 3553 3554 3555
f 3554 3555 3556
f 3555 3556 3557
f 3556 3557 3558
f 3557 3558 3559
f 3558 3559 3560
f 3559 3560 3561
f 3560 3561 3562
f 3561 3562 3563
f 3562 3563 3564
f 3563 3564 3565
f 3564 3565 3566
f 3565 3566 3567
f 3566 3567 3568
f 3567 3568 3569
f 3568 3569 3570
f 3569 3570 3571
f 3570 3571 3572
f 3571 3572 3573
f 3572 3573 3574
f 3573 3574 3575
f 3574 3575 3576
f 3575 3576 3577
f 3576 3577 3578
f 3577 3578 3579
f 3578 3579 3580
f 3579 3580 3581
f 3580 3581 3582
f 3581 3582 3583
f 3582 3583 3584
f 3583 3584 3585
f 3584 3585 3586
f 3585 3586 3587
f 3586 3587 3588
f 3587 3588 3589
f 3588 3589 3590
f 3589 3590 3591
f 3590 3591 3592
f 3591 3592 3593
f 3592 3593 3594
f 3593 3594 3595
f 3594 3595 3596
f 3595 3596 3597
f 3596 3597 3598
f 3597 3598 3599
f 3598 3599 3600
f 3599 3600 3601
f 3600 3601 3602
f 3601 3602 3603
f 3602 3603 3604
f 3603 3604 3605
f 3604 3605 3606
f 3605 3606 3607
f 3606 3607 3608
f 3607 3608 3609
f 3608 3609 3610
f 3609 3610 3611
f 3610 3611 3612
f 3611 3612 3613
f 3612 3613 3614
f 3613 3614 3615
f 3614 3615 3616
f 3615 3616 3617
f 3616 3617 3618
f 3617 3618 3619
f 3618 3619 3620
f 3619 3620 3621
f 3620 3621 3622
f 3621 3622 3623
f 3622 3623 3624
f 3623 3624 3625
f 3624 3625 3626
f 3625 3626 3627
f 3626 3627 3628
f 3627 3628 3629
f 3628 3629 3630
f 3629 3630 3631
f 3630 3631 3632
f 3631 3632 3633
f 3632 3633 3634
f 3633 3634 3635
f 3634 3635 3636
f 3635 3636 3637
f 3636 3637 3638
f 3637 3638 3639
f 3638 3639 3640
f 3639 3640 3641
f 3640 3641 3642
f 3641 3642 3643
f 3642 3643 3644
f 3643 3644 3645
f 3644 3645 3646
f 3645 3646 3647
f 3646 3647 3648
f 3647 3648 3649
f 3648 3649 3650
f 3649 3650 3651
f 3650 3651 3652
f 3651 3652 3653
f 3652 3653 3654
f 3653 3654 3655
f 3654 3655 3656
f 3655 3656 3657
f 3656 3657 3658
f 3657 3658 3659
f 3658 3659 3660
f 3659 3660 3661
f 3660 3661 3662
f 3661 3662 3663
f 3662 3663 3664
f 3663 3664 3665
f 3664 3665 3666
f 3665 3666 3667
f 3666 3667 3668
f 3667 3668 3669
f 3668 3669 3670
f 3669 3670 3671
f 3670 3671 3672
f 3671 3672 3673
f 3672 3673 3674
f 3673 3674 3675
f 3674 3675 3676
f 3675 3676 3677
f 3676 3677 3678
f 3677 3678 3679
f 3678 3679 3680
f 3679 3680 3681
f 3680 3681 3682
f 3681 3682 3683
f 3682 3683 3684
f 3683 3684 3685
f 3684 3685 3686
f 3685 3686 3687
f 3686 3687 3688
f 3687 3688 3689
f 3688 3689 3690
f 3689 3690 3691
f 3690 3691 3692
f 3691 3692 3693
f 3692 3693 3694
f 3693 3694 3695
f 3694 3695 3696
f 3695 3696 3697
f 3696 3697 3698
f 3697 3698 3699
f 3698 3699 3700
f 3699 3700 3701
f 3700 3701 3702
f 3701 3702 3703
f 3702 3703 3704
f 3703 3704 3705
f 3704 3705 3706
f 3705 3706 3707
f 3706 3707 3708
f 3707 3708 3709
f 3708 3709 3710
f 3709 3710 3711
f 3710 3711 3712
f 3711 3712 3713
f 3712 3713 3714
f 3713 3714 3715
f 3714 3715 3716
f 3715 3716 3717
f 3716 3717 3718
f 3717 3718 3719
f 3718 3719 3720
f 3719 3720 3721
f 3720 3721 3722
f 3721 3722 3723
f 3722 3723 3724
f 3723 3724 3725
f 3724 3725 3726
f 3725 3726 3727
f 3726 3727 3728
f 3727 3728 3729
f 3728 3729 3730
f 3729 3730 3731
f 3730 3731 3732
f 3731 3732 3733
f 3732 3733 3734
f 3733 3734 3735
f 3734 3735 3736
f 3735 3736 3737
f 3736 3737 3738
f 3737 3738 3739
f 3738 3739 3740
f 3739 3740 3741
f 3740 3741 3742
f 3741 3742 3743
f 3742 3743 3744
f 3743 3744 3745
f 3744 3745 3746
f 3745 3746 3747
f 3746 3747 3748
f 3747 3748 3749
f 3748 3749 3750
f 3749 3750 3751
f 3750 3751 3752
f 3751 3752 3753
f 3752 3753 3754
f 3753 3754 3755
f 3754 3755 3756
f 3755 3756 3757
f 3756 3757 3758
f 3757 3758 3759
f 3758 3759 3760
f 3759 3760 3761
f 3760 3761 3762
f 3761 3762 3763
f 3762 3763 3764
f 3763 3764 3765
f 3764 3765 3766
f 3765 3766 3767
f 3766 3767 3768
f 3767 3768 3769
f 3768 3769 3770
f 3769 3770 3771
f 3770 3771 3772
f 3771 3772 3773
f 3772 3773 3774
f 3773 3774 3775
f 3774 3775 3776
f 3775 3776 3777
f 3776 3777 3778
f 3777 3778 3779
f 3778 3779 3780
f 3779 3780 3781
f 3780 3781 3782
f 3781 3782 3783
f 3782 3783 3784
f 3783 3784 3785
f 3784 3785 3786
f 3785 3786 3787
f 3786 3787 3788
f 3787 3788 3789
f 3788 3789 3790
f 3789 3790 3791
f 3790 3791 3792
f 3791 3792 3793
f 3792 3793 3794
f 3793 3794 3795
f 3794 3795 3796
f 3795 3796 3797
f 3796 3797 3798
f 3797 3798 3799
f 3798 3799 3800
f 3799 3800 3801
f 3800 3801 3802
f 3801 3802 3803
f 3802 3803 3804
f 3803 3804 3805
f 3804 3805 3806
f 3805 3806 3807
f 3806 3807 3808
f 3807 3808 3809
f 3808 3809 3810
f 3809 3810 3811
f 3810 3811 3812
f 3811 3812 3813
f 3812 3813 3814
f 3813 3814 3815
f 3814 3815 3816
f 3815 3816 3817
f 3816 3817 3818
f 3817 3818 3819
f 3818 3819 3820
f 3819 3820 3821
f 3820 3821 3822
f 3821 3822 3823
f 3822 3823 3824
f 3823 3824 3825
f 3824 3825 3826
f 3825 3826 3827
f 3826 3827 3828
f 3827 3828 3829
f 3828 3829 3830
f 3829 3830 3831
f 3830 3831 3832
f 3831 3832 3833
f 3832 3833 3834
f 3833 3834 3835
f 3834 3835 3836
f 3835 3836 3837
f 3836 3837 3838
f 3837 3838 3839
f 3838 3839 3840
f 3839 3840 3841
f 3840 3841 3842
f 3841 3842 3843
f 3842 3843 3844
f 3843 3844 3845
f 3844 3845 3846
f 3845 3846 3847
f 3846 3847 3848
f 3847 3848 3849
f 3848 3849 3850
f 3849 3850 3851
f 3850 3851 3852
f 3851 3852 3853
f 3852 3853 3854
f 3853 3854 3855
f 3854 3855 3856
f 3855 3856 3857
f 3856 3857 3858
f 3857 3858 3859
f 3858 3859 3860
f 3859 3860 3861
f 3860 3861 3862
f 3861 3862 3863
f 3862 3863 3864
f 3863 3864 3865
f 3864 3865 3866
f 3865 3866 3867
f 3866 3867 3868
f 3867 3868 3869
f 3868 3869 3870
f 3869 3870 3871
f 3870 3871 3872
f 3871 3872 3873
f 3872 3873 3874
f 3873 3874 3875
f 3874 3875 3876
f 3875 3876 3877
f 3876 3877 3878
f 3877 3878 3879
f 3878 3879 3880
f 3879 3880 3881
f 3880 3881 3882
f 3881 3882 3883
f 3882 3883 3884
f 3883 3884 3885
f 3884 3885 3886
f 3885 3886 3887
f 3886 3887 3888
f 3887 3888 3889
f 3888 3889 3890
f 3889 3890 3891
f 3890 3891 3892
f 3891 3892 3893
f 3892 3893 3894
f 3893 3894 3895
f 3894 3895 3896
f 3895 3896 3897
f 3896 3897 3898
f 3897 3898 3899
f 3898 3899 3900
f 3899 3900 3901
f 3900 3901 3902
f 3901 3902 3903
f 3902 3903 3904
f 3903 3904 3905
f 3904 3905 3906
f 3905 3906 3907
f 3906 3907 3908
f 3907 3908 3909
f 3908 3909 3910
f 3909 3910 3911
f 3910 3911 3912
f 3911 3912 3913
f 3912 3913 3914
f 3913 3914 3915
f 3914 3915 3916
f 3915 3916 3917
f 3916 3917 3918
f 3917 3918 3919
f 3918 3919 3920
f 3919 3920 3921
f 3920 3921 3922
f 3921 3922 3923
f 3922 3923 3924
f 3923 3924 3925
f 3924 3925 3926
f 3925 3926 3927
f 3926 3927 3928
f 3927 3928 3929
f 3928 3929 3930
f 3929 3930 3931
f 3930 3931 3932
f 3931 3932 3933
f 3932 3933 3934
f 3933 3934 3935
f 3934 3935 3936
f 3935 3936 3937
f 3936 3937 3938
f 3937 3938 3939
f 3938 3939 3940
f 3939 3940 3941
f 3940 3941 3942
f 3941 3942 3943
f 3942 3943 3944
f 3943 3944 3945
f 3944 3945 3946
f 3945 3946 3947
f 3946 3947 3948
f 3947 3948 3949
f 3948 3949 3950
f 3949 3950 3951
f 3950 3951 3952
f 3951 3952 3953
f 3952 3953 3954
f 3953 3954 3955
f 3954 3955 3956
f 3955 3956 3957
f 3956 3957 3958
f 3957 3958 3959
f 3958 3959 3960
f 3959 3960 3961
f 3960 3961 3962
f 3961 3962 3963
f 3962 3963 3964
f 3963 3964 3965
f 3964 3965 3966
f 3965 3966 3967
f 3966 3967 3968
f 3967 3968 3969
f 3968 3969 3970
f 3969 3970 3971
f 3970 3971 3972
f 3971 3972 3973
f 3972 3973 3974
f 3973 3974 3975
f 3974 3975 3976
f 3975 3976 3977
f 3976 3977 3978
f 3977 3978 3979
f 3978 3979 3980
f 3979 3980 3981
f 3980 3981 3982
f 3981 3982 3983
f 3982 3983 3984
f 3983 3984 3985
f 3984 3985 3986
f 3985 3986 3987
f 3986 3987 3988
f 3987 3988 3989
f 3988 3989 3990
f 3989 3990 3991
f 3990 3991 3992
f 3991 3992 3993
f 3992 3993 3994
f 3993 3994 3995
f 3994 3995 3996
f 3995 3996 3997
f 3996 3997 3998
f 3997 3998 3999
f 3998 3999 4000
f 3999 4000 4001
f 4000 4001 4002
f 4001 4002 4003
f 4002 4003 4004
f 4003 4004 4005
f 4004 4005 4006
f 4005 4006 4007
f 4006 4007 4008
f 4007 4008 4009
f 4008 4009 4010
f 4009 4010 4011
f 4010 4011 4012
f 4011 4012 4013
f 4012 4013 4014
f 4013 4014 4015
f 4014 4015 4016
f 4015 4016 4017
f 4016 4017 4018
f 4017 4018 4019
f 4018 4019 4020
f 4019 4020 4021
f 4020 4021 4022
f 4021 4022 4023
f 4022 4023 4024
f 4023 4024 4025
f 4024 4025 4026
f 4025 4026 4027
f 4026 4027 4028
f 4027 4028 4029
f 4028 4029 4030
f 4029 4030 4031
f 4030 4031 4032
f 4031 4032 4033
f 4032 4033 4034
f 4033 4034 4035
f 4034 4035 4036
f 4035 4036 4037
f 4036 4037 4038
f 4037 4038 4039
f 4038 4039 4040
f 4039 4040 4041
f 4040 4041 4042
f 4041 4042 4043
f 4042 4043 4044
f 4043 4044 4045
f 4044 4045 4046
f 4045 4046 4047
f 4046 4047 4048
f 4047 4048 4049
f 4048 4049 4050
f 4049 4050 4051
f 4050 4051 4052
f 4051 4052 4053
f 4052 4053 4054
f 4053 4054 4055
f 4054 4055 4056
f 4055 4056 4057
f 4056 4057 4058
f 4057 4058 4059
f 4058 4059 4060
f 4059 4060 4061
f 4060 4061 4062
f 4061 4062 4063
f 4062 4063 4064
f 4063 4064 4065
f 4064 4065 4066
f 4065 4066 4067
f 4066 4067 4068
f 4067 4068 4069
f 4068 4069 4070
f 4069 4070 4071
f 4070 4071 4072
f 4071 4072 4073
f 4072 4073 4074
f 4073 4074 4075
f 4074 4075 4076
f 4075 4076 4077
f 4076 4077 4078
f 4077 4078 4079
f 4078 4079 4080
f 4079 4080 4081
f 4080 4081 4082
f 4081 4082 4083
f 4082 4083 4084
f 4083 4084 4085
f 4084 4085 4086
f 4085 4086 4087
f 4086 4087 4088
f 4087 4088 4089
f 4088 4089 4090
f 4089 4090 4091
f 4090 4091 4092
f 4091 4092 4093
f 4092 4093 4094
f 4093 4094 4095
f 4094 4095 4096
f 4095 4096 4097
f 4096 4097 4098
f 4097 4098 4099
f 4098 4099 4100
f 4099 4100 4101
f 4100 4101 4102
f 4101 4102 4103
f 4102 4103 4104
f 4103 4104 4105
f 4104 4105 4106
f 4105 4106 4107
f 4106 4107 4108
f 4107 4108 4109
f 4108 4109 4110
f 4109 4110 4111
f 4110 4111 4112
f 4111 4112 4113
f 4112 4113 4114
f 4113 4114 4115
f 4114 4115 4116
f 4115 4116 4117
f 4116 4117 4118
f 4117 4118 4119
f 4118 4119 4120
f 4119 4120 4121
f 4120 4121 4122
f 4121 4122 4123
f 4122 4123 4124
f 4123 4124 4125
f 4124 4125 4126
f 4125 4126 4127
f 4126 4127 4128
f 4127 4128 4129
f 4128 4129 4130
f 4129 4130 4131
f 4130 4131 4132
f 4131 4132 4133
f 4132 4133 4134
f 4133 4134 4135
f 4134 4135 4136
f 4135 4136 4137
f 4136 4137 4138
f 4137 4138 4139
f 4138 4139 4140
f 4139 4140 4141
f 4140 4141 4142
f 4141 4142 4143
f 4142 4143 4144
f 4143 4144 4145
f 4144 4145 4146
f 4145 4146 4147
f 4146 4147 4148
f 4147 4148 4149
f 4148 4149 4150
f 4149 4150 4151
f 4150 4151 4152
f 4151 4152 4153
f 4152 4153 4154
f 4153 4154 4155
f 4154 4155 4156
f 4155 4156 4157
f 4156 4157 4158
f 4157 4158 4159
f 4158 4159 4160
f 4159 4160 4161
f 4160 4161 4162
f 4161 4162 4163
f 4162 4163 4164
f 4163 4164 4165
f 4164 4165 4166
f 4165 4166 4167
f 4166 4167 4168
f 4167 4168 4169
f 4168 4169 4170
f 4169 4170 4171
f 4170 4171 4172
f 4171 4172 4173
f 4172 4173 4174
f 4173 4174 4175
f 4174 4175 4176
f 4175 4176 4177
f 4176 4177 4178
f 4177 4178 4179
f 4178 4179 4180
f 4179 4180 4181
f 4180 4181 4182
f 4181 4182 4183
f 4182 4183 4184
f 4183 4184 4185
f 4184 4185 4186
f 4185 4186 4187
f 4186 4187 4188
f 4187 4188 4189
f 4188 4189 4190
f 4189 4190 4191
f 4190 4191 4192
f 4191 4192 4193
f 4192 4193 4194
f 4193 4194 4195
f 4194 4195 4196
f 4195 4196 4197
f 4196 4197 4198
f 4197 4198 4199
f 4198 4199 4200
f 4199 4200 4201
f 4200 4201 4202
f 4201 4202 4203
f 4202 4203 4204
f 4203 4204 4205
f 4204 4205 4206
f 4205 4206 4207
f 4206 4207 4208
f 4207 4208 4209
f 4208 4209 4210
f 4209 4210 4211
f 4210 4211 4212
f 4211 4212 4213
f 4212 4213 4214
f 4213 4214 4215
f 4214 4215 4216
f 4215 4216 4217
f 4216 4217 4218
f 4217 4218 4219
f 4218 4219 4220
f 4219 4220 4221
f 4220 4221 4222
f 4221 4222 4223
f 4222 4223 4224
f 4223 4224 4225
f 4224 4225 4226
f 4225 4226 4227
f 4226 4227 4228
f 4227 4228 4229
f 4228 4229 4230
f 4229 4230 4231
f 4230 4231 4232
f 4231 4232 4233
f 4232 4233 4234
f 4233 4234 4235
f 4234 4235 4236
f 4235 4236 4237
f 4236 4237 4238
f 4237 4238 4239
f 4238 4239 4240
f 4239 4240 4241
f 4240 4241 4242
f 4241 4242 4243
f 4242 4243 4244
f 4243 4244 4245
f 4244 4245 4246
f 4245 4246 4247
f 4246 4247 4248
f 4247 4248 4249
f 4248 4249 4250
f 4249 4250 4251
f 4250 4251 4252
f 4251 4252 4253
f 4252 4253 4254
f 4253 4254 4255
f 4254 4255 4256
f 4255 4256 4257
f 4256 4257 4258
f 4257 4258 4259
f 4258 4259 4260
f 4259 4260 4261
f 4260 4261 4262
f 4261 4262 4263
f 4262 4263 4264
f 4263 4264 4265
f 4264 4265 4266
f 4265 4266 4267
f 4266 4267 4268
f 4267 4268 4269
f 4268 4269 4270
f 4269 4270 4271
f 4270 4271 4272
f 4271 4272 4273
f 4272 4273 4274
f 4273 4274 4275
f 4274 4275 4276
f 4275 4276 4277
f 4276 4277 4278
f 4277 4278 4279
f 4278 4279 4280
f 4279 4280 4281
f 4280 4281 4282
f 4281 4282 4283
f 4282 4283 4284
f 4283 4284 4285
f 4284 4285 4286
f 4285 4286 4287
f 4286 4287 4288
f 4287 4288 4289
f 4288 4289 4290
f 4289 4290 4291
f 4290 4291 4292
f 4291 4292 4293
f 4292 4293 4294
f 4293 4294 4295
f 4294 4295 4296
f 4295 4296 4297
f 4296 4297 4298
f 4297 4298 4299
f 4298 4299 4300
f 4299 4300 4301
f 4300 4301 4302
f 4301 4302 4303
f 4302 4303 4304
f 4303 4304 4305
f 4304 4305 4306
f 4305 4306 4307
f 4306 4307 4308
f 4307 4308 4309
f 4308 4309 4310
f 4309 4310 4311
f 4310 4311 4312
f 4311 4312 4313
f 4312 4313 4314
f 4313 4314 4315
f 4314 4315 4316
f 4315 4316 4317
f 4316 4317 4318
f 4317 4318 4319
f 4318 4319 4320
f 4319 4320 4321
f 4320 4321 4322
f 4321 4322 4323
f 4322 4323 4324
f 4323 4324 4325
f 4324 4325 4326
f 4325 4326 4327
f 4326 4327 4328
f 4327 4328 4329
f 4328 4329 4330
f 4329 4330 4331
f 4330 4331 4332
f 4331 4332 4333
f 4332 4333 4334
f 4333 4334 4335
f 4334 4335 4336
f 4335 4336 4337
f 4336 4337 4338
f 4337 4338 4339
f 4338 4339 4340
f 4339 4340 4341
f 4340 4341 4342
f 4341 4342 4343
f 4342 4343 4344
f 4343 4344 4345
f 4344 4345 4346
f 4345 4346 4347
f 4346 4347 4348
f 4347 4348 4349
f 4348 4349 4350
f 4349 4350 4351
f 4350 4351 4352
f 4351 4352 4353
f 4352 4353 4354
f 4353 4354 4355
f 4354 4355 4356
f 4355 4356 4357
f 4356 4357 4358
f 4357 4358 4359
f 4358 4359 4360
f 4359 4360 4361
f 4360 4361 4362
f 4361 4362 4363
f 4362 4363 4364
f 4363 4364 4365
f 4364 4365 4366
f 4365 4366 4367
f 4366 4367 4368
f 4367 4368 4369
f 4368 4369 4370
f 4369 4370 4371
f 4370 4371 4372
f 4371 4372 4373
f 4372 4373 4374
f 4373 4374 4375
f 4374 4375 4376
f 4375 4376 4377
f 4376 4377 4378
f 4377 4378 4379
f 4378 4379 4380
f 4379 4380 4381
f 4380 4381 4382
f 4381 4382 4383
f 4382 4383 4384
f 4383 4384 4385
f 4384 4385 4386
f 4385 4386 4387
f 4386 4387 4388
f 4387 4388 4389
f 4388 4389 4390
f 4389 4390 4391
f 4390 4391 4392
f 4391 4392 4393
f 4392 4393 4394
f 4393 4394 4395
f 4394 4395 4396
f 4395 4396 4397
f 4396 4397 4398
f 4397 4398 4399
f 4398 4399 4400
f 4399 4400 4401
f 4400 4401 4402
f 4401 4402 4403
f 4402 4403 4404
f 4403 4404 4405
f 4404 4405 4406
f 4405 4406 4407
f 4406 4407 4408
f 4407 4408 4409
f 4408 4409 4410
f 4409 4410 4411
f 4410 4411 4412
f 4411 4412 4413
f 4412 4413 4414
f 4413 4414 4415
f 4414 4415 4416
f 4415 4416 4417
f 4416 4417 4418
f 4417 4418 4419
f 4418 4419 4420
f 4419 4420 4421
f 4420 4421 4422
f 4421 4422 4423
f 4422 4423 4424
f 4423 4424 4425
f 4424 4425 4426
f 4425 4426 4427
f 4426 4427 4428
f 4427 4428 4429
f 4428 4429 4430
f 4429 4430 4431
f 4430 4431 4432
f 4431 4432 4433
f 4432 4433 4434
f 4433 4434 4435
f 4434 4435 4436
f 4435 4436 4437
f 4436 4437 4438
f 4437 4438 4439
f 4438 4439 4440
f 4439 4440 4441
f 4440 4441 4442
f 4441 4442 4443
f 4442 4443 4444
f 4443 4444 4445
f 4444 4445 4446
f 4445 4446 4447
f 4446 4447 4448
f 4447 4448 4449
f 4448 4449 4450
f 4449 4450 4451
f 4450 4451 4452
f 4451 4452 4453
f 4452 4453 4454
f 4453 4454 4455
f 4454 4455 4456
f 4455 4456 4457
f 4456 4457 4458
f 4457 4458 4459
f 4458 4459 4460
f 4459 4460 4461
f 4460 4461 4462
f 4461 4462 4463
f 4462 4463 4464
f 4463 4464 4465
f 4464 4465 4466
f 4465 4466 4467
f 4466 4467 4468
f 4467 4468 4469
f 4468 4469 4470
f 4469 4470 4471
f 4470 4471 4472
f 4471 4472 4473
f 4472 4473 4474
f 4473 4474 4475
f 4474 4475 4476
f 4475 4476 4477
f 4476 4477 4478
f 4477 4478 4479
f 4478 4479 4480
f 4479 4480 4481
f 4480 4481 4482
f 4481 4482 4483
f 4482 4483 4484
f 4483 4484 4485
f 4484 4485 4486
f 4485 4486 4487
f 4486 4487 4488
f 4487 4488 4489
f 4488 4489 4490
f 4489 4490 4491
f 4490 4491 4492
f 4491 4492 4493
f 4492 4493 4494
f 4493 4494 4495
f 4494 4495 4496
f 4495 4496 4497
f 4496 4497 4498
f 4497 4498 4499
f 4498 4499 4500
f 4499 4500 4501
f 4500 4501 4502
f 4501 4502 4503
f 4502 4503 4504
f 4503 4504 4505
f 4504 4505 4506
f 4505 4506 4507
f 4506 4507 4508
f 4507 4508 4509
f 4508 4509 4510
f 4509 4510 4511
f 4510 4511 4512
f 4511 4512 4513
f 4512 4513 4514
f 4513 4514 4515
f 4514 4515 4516
f 4515 4516 4517
f 4516 4517 4518
f 4517 4518 4519
f 4518 4519 4520
f 4519 4520 4521
f 4520 4521 4522
f 4521 4522 4523
f 4522 4523 4524
f 4523 4524 4525
f 4524 4525 4526
f 4525 4526 4527
f 4526 4527 4528
f 4527 4528 4529
f 4528 4529 4530
f 4529 4530 4531
f 4530 4531 4532
f 4531 4532 4533
f 4532 4533 4534
f 4533 4534 4535
f 4534 4535 4536
f 4535 4536 4537
f 4536 4537 4538
f 4537 4538 4539
f 4538 4539 4540
f 4539 4540 4541
f 4540 4541 4542
f 4541 4542 4543
f 4542 4543 4544
f 4543 4544 4545
f 4544 4545 4546
f 4545 4546 4547
f 4546 4547 4548
f 4547 4548 4549
f 4548 4549 4550
f 4549 4550 4551
f 4550 4551 4552
f 4551 4552 4553
f 4552 4553 4554
f 4553 4554 4555
f 4554 4555 4556
f 4555 4556 4557
f 4556 4557 4558
f 4557 4558 4559
f 4558 4559 4560
f 4559 4560 4561
f 4560 4561 4562
f 4561 4562 4563
f 4562 4563 4564
f 4563 4564 4565
f 4564 4565 4566
f 4565 4566 4567
f 4566 4567 4568
f 4567 4568 4569
f 4568 4569 4570
f 4569 4570 4571
f 4570 4571 4572
f 4571 4572 4573
f 4572 4573 4574
f 4573 4574 4575
f 4574 4575 4576
f 4575 4576 4577
f 4576 4577 4578
f 4577 4578 4579
f 4578 4579 4580
f 4579 4580 4581
f 4580 4581 4582
f 4581 4582 4583
f 4582 4583 4584
f 4583 4584 4585
f 4584 4585 4586
f 4585 4586 4587
f 4586 4587 4588
f 4587 4588 4589
f 4588 4589 4590
f 4589 4590 4591
f 4590 4591 4592
f 4591 4592 4593
f 4592 4593 4594
f 4593 4594 4595
f 4594 4595 4596
f 4595 4596 4597
f 4596 4597 4598
f 4597 4598 4599
f 4598 4599 4600
f 4599 4600 4601
f 4600 4601 4602
f 4601 4602 4603
f 4602 4603 4604
f 4603 4604 4605
f 4604 4605 4606
f 4605 4606 4607
f 4606 4607 4608
f 4607 4608 4609
f 4608 4609 4610
f 4609 4610 4611
f 4610 4611 4612
f 4611 4612 4613
f 4612 4613 4614
f 4613 4614 4615
f 4614 4615 4616
f 4615 4616 4617
f 4616 4617 4618
f 4617 4618 4619
f 4618 4619 4620
f 4619 4620 4621
f 4620 4621 4622
f 4621 4622 4623
f 4622 4623 4624
f 4623 4624 4625
f 4624 4625 4626
f 4625 4626 4627
f 4626 4627 4628
f 4627 4628 4629
f 4628 4629 4630
f 4629 4630 4631
f 4630 4631 4632
f 4631 4632 4633
f 4632 4633 4634
f 4633 4634 4635
f 4634 4635 4636
f 4635 4636 4637
f 4636 4637 4638
f 4637 4638 4639
f 4638 4639 4640
f 4639 4640 4641
f 4640 4641 4642
f 4641 4642 4643
f 4642 4643 4644
f 4643 4644 4645
f 4644 4645 4646
f 4645 4646 4647
f 4646 4647 4648
f 4647 4648 4649
f 4648 4649 4650
f 4649 4650 4651
f 4650 4651 4652
f 4651 4652 4653
f 4652 4653 4654
f 4653 4654 4655
f 4654 4655 4656
f 4655 4656 4657
f 4656 4657 4658
f 4657 4658 4659
f 4658 4659 4660
f 4659 4660 4661
f 4660 4661 4662
f 4661 4662 4663
f 4662 4663 4664
f 4663 4664 4665
f 4664 4665 4666
f 4665 4666 4667
f 4666 4667 4668
f 4667 4668 4669
f 4668 4669 4670
f 4669 4670 4671
f 4670 4671 4672
f 4671 4672 4673
f 4672 4673 4674
f 4673 4674 4675
f 4674 4675 4676
f 4675 4676 4677
f 4676 4677 4678
f 4677 4678 4679
f 4678 4679 4680
f 4679 4680 4681
f 4680 4681 4682
f 4681 4682 4683
f 4682 4683 4684
f 4683 4684 4685
f 4684 4685 4686
f 4685 4686 4687
f 4686 4687 4688
f 4687 4688 4689
f 4688 4689 4690
f 4689 4690 4691
f 4690 4691 4692
f 4691 4692 4693
f 4692 4693 4694
f 4693 4694 4695
f 4694 4695 4696
f 4695 4696 4697
f 4696 4697 4698
f 4697 4698 4699
f 4698 4699 4700
f 4699 4700 4701
f 4700 4701 4702
f 4701 4702 4703
f 4702 4703 4704
f 4703 4704 4705
f 4704 4705 4706
f 4705 4706 4707
f 4706 4707 4708
f 4707 4708 4709
f 4708 4709 4710
f 4709 4710 4711
f 4710 4711 4712
f 4711 4712 4713
f 4712 4713 4714
f 4713 4714 4715
f 4714 4715 4716
f 4715 4716 4717
f 4716 4717 4718
f 4717 4718 4719
f 4718 4719 4720
f 4719 4720 4721
f 4720 4721 4722
f 4721 4722 4723
f 4722 4723 4724
f 4723 4724 4725
f 4724 4725 4726
f 4725 4726 4727
f 4726 4727 4728
f 4727 4728 4729
f 4728 4729 4730
f 4729 4730 4731
f 4730 4731 4732
f 4731 4732 4733
f 4732 4733 4734
f 4733 4734 4735
f 4734 4735 4736
f 4735 4736 4737
f 4736 4737 4738
f 4737 4738 4739
f 4738 4739 4740
f 4739 4740 4741
f 4740 4741 4742
f 4741 4742 4743
f 4742 4743 4744
f 4743 4744 4745
f 4744 4745 4746
f 4745 4746 4747
f 4746 4747 4748
f 4747 4748 4749
f 4748 4749 4750
f 4749 4750 4751
f 4750 4751 4752
f 4751 4752 4753
f 4752 4753 4754
f 4753 4754 4755
f 4754 4755 4756
f 4755 4756 4757
f 4756 4757 4758
f 4757 4758 4759
f 4758 4759 4760
f 4759 4760 4761
f 4760 4761 4762
f 4761 4762 4763
f 4762 4763 4764
f 4763 4764 4765
f 4764 4765 4766
f 4765 4766 4767
f 4766 4767 4768
f 4767 4768 4769
f 4768 4769 4770
f 4769 4770 4771
f 4770 4771 4772
f 4771 4772 4773
f 4772 4773 4774
f 4773 4774 4775
f 4774 4775 4776
f 4775 4776 4777
f 4776 4777 4778
f 4777 4778 4779
f 4778 4779 4780
f 4779 4780 4781
f 4780 4781 4782
f 4781 4782 4783
f 4782 4783 4784
f 4783 4784 4785
f 4784 4785 4786
f 4785 4786 4787
f 4786 4787 4788
f 4787 4788 4789
f 4788 4789 4790
f 4789 4790 4791
f 4790 4791 4792
f 4791 4792 4793
f 4792 4793 4794
f 4793 4794 4795
f 4794 4795 4796
f 4795 4796 4797
f 4796 4797 4798
f 4797 4798 4799
f 4798 4799 4800
f 4799 4800 4801
f 4800 4801 4802
f 4801 4802 4803
f 4802 4803 4804
f 4803 4804 4805
f 4804 4805 4806
f 4805 4806 4807
f 4806 4807 4808
f 4807 4808 4809
f 4808 4809 4810
f 4809 4810 4811
f 4810 4811 4812
f 4811 4812 4813
f 4812 4813 4814
f 4813 4814 4815
f 4814 4815 4816
f 4815 4816 4817
f 4816 4817 4818
f 4817 4818 4819
f 4818 4819 4820
f 4819 4820 4821
f 4820 4821 4822
f 4821 4822 4823
f 4822 4823 4824
f 4823 4824 4825
f 4824 4825 4826
f 4825 4826 4827
f 4826 4827 4828
f 4827 4828 4829
f 4828 4829 4830
f 4829 4830 4831
f 4830 4831 4832
f 4831 4832 4833
f 4832 4833 4834
f 4833 4834 4835
f 4834 4835 4836
f 4835 4836 4837
f 4836 4837 4838
f 4837 4838 4839
f 4838 4839 4840
f 4839 4840 4841
f 4840 4841 4842
f 4841 4842 4843
f 4842 4843 4844
f 4843 4844 4845
f 4844 4845 4846
f 4845 4846 4847
f 4846 4847 4848
f 4847 4848 4849
f 4848 4849 4850
f 4849 4850 4851
f 4850 4851 4852
f 4851 4852 4853
f 4852 4853 4854
f 4853 4854 4855
f 4854 4855 4856
f 4855 4856 4857
f 4856 4857 4858
f 4857 4858 4859
f 4858 4859 4860
f 4859 4860 4861
f 4860 4861 4862
f 4861 4862 4863
f 4862 4863 4864
f 4863 4864 4865
f 4864 4865 4866
f 4865 4866 4867
f 4866 4867 4868
f 4867 4868 4869
f 4868 4869 4870
f 4869 4870 4871
f 4870 4871 4872
f 4871 4872 4873
f 4872 4873 4874
f 4873 4874 4875
f 4874 4875 4876
f 4875 4876 4877
f 4876 4877 4878
f 4877 4878 4879
f 4878 4879 4880
f 4879 4880 4881
f 4880 4881 4882
f 4881 4882 4883
f 4882 4883 4884
f 4883 4884 4885
f 4884 4885 4886
f 4885 4886 4887
f 4886 4887 4888
f 4887 4888 4889
f 4888 4889 4890
f 4889 4890 4891
f 4890 4891 4892
f 4891 4892 4893
f 4892 4893 4894
f 4893 4894 4895
f 4894 4895 4896
f 4895 4896 4897
f 4896 4897 4898
f 4897 4898 4899
f 4898 4899 4900
f 4899 4900 4901
f 4900 4901 4902
f 4901 4902 4903
f 4902 4903 4904
f 4903 4904 4905
f 4904 4905 4906
f 4905 4906 4907
f 4906 4907 4908
f 4907 4908 4909
f 4908 4909 4910
f 4909 4910 4911
f 4910 4911 4912
f 4911 4912 4913
f 4912 4913 4914
f 4913 4914 4915
f 4914 4915 4916
f 4915 4916 4917
f 4916 4917 4918
f 4917 4918 4919
f 4918 4919 4920
f 4919 4920 4921
f 4920 4921 4922
f 4921 4922 4923
f 4922 4923 4924
f 4923 4924 4925
f 4924 4925 4926
f 4925 4926 4927
f 4926 4927 4928
f 4927 4928 4929
f 4928 4929 4930
f 4929 4930 4931
f 4930 4931 4932
f 4931 4932 4933
f 4932 4933 4934
f 4933 4934 4935
f 4934 4935 4936
f 4935 4936 4937
f 4936 4937 4938
f 4937 4938 4939
f 4938 4939 4940
f 4939 4940 4941
f 4940 4941 4942
f 4941 4942 4943
f 4942 4943 4944
f 4943 4944 4945
f 4944 4945 4946
f 4945 4946 4947
f 4946 4947 4948
f 4947 4948 4949
f 4948 4949 4950
f 4949 4950 4951
f 4950 4951 4952
f 4951 4952 4953
f 4952 4953 4954
f 4953 4954 4955
f 4954 4955 4956
f 4955 4956 4957
f 4956 4957 4958
f 4957 4958 4959
f 4958 4959 4960
f 4959 4960 4961
f 4960 4961 4962
f 4961 4962 4963
f 4962 4963 4964
f 4963 4964 4965
f 4964 4965 4966
f 4965 4966 4967
f 4966 4967 4968
f 4967 4968 4969
f 4968 4969 4970
f 4969 4970 4971
f 4970 4971 4972
f 4971 4972 4973
f 4972 4973 4974
f 4973 4974 4975
f 4974 4975 4976
f 4975 4976 4977
f 4976 4977 4978
f 4977 4978 4979
f 4978 4979 4980
f 4979 4980 4981
f 4980 4981 4982
f 4981 4982 4983
f 4982 4983 4984
f 4983 4984 4985
f 4984 4985 4986
f 4985 4986 4987
f 4986 4987 4988
f 4987 4988 4989
f 4988 4989 4990
f 4989 4990 4991
f 4990 4991 4992
f 4991 4992 4993
f 4992 4993 4994
f 4993 4994 4995
f 4994 4995 4996
f 4995 4996 4997
f 4996 4997 4998
f 4997 4998 4999
f 4998 4999 5000
f 4999 5000 5001
f 5000 5001 5002
f 5001 5002 5003
f 5002 5003 5004
f 5003 5004 5005
f 5004 5005 5006
f 5005 5006 5007
f 5006 5007 5008
f 5007 5008 5009
f 5008 5009 5010
f 5009 5010 5011
f 5010 5011 5012
f 5011 5012 5013
f 5012 5013 5014
f 5013 5014 5015
f 5014 5015 5016
f 5015 5016 5017
f 5016 5017 5018
f 5017 5018 5019
f 5018 5019 5020
f 5019 5020 5021
f 5020 5021 5022
f 5021 5022 5023
f 5022 5023 5024
f 5023 5024 5025
f 5024 5025 5026
f 5025 5026 5027
f 5026 5027 5028
f 5027 5028 5029
f 5028 5029 5030
f 5029 5030 5031
f 5030 5031 5032
f 5031 5032 5033
f 5032 5033 5034
f 5033 5034 5035
f 5034 5035 5036
f 5035 5036 5037
f 5036 5037 5038
f 5037 5038 5039
f 5038 5039 5040
f 5039 5040 5041
f 5040 5041 5042
f 5041 5042 5043
f 5042 5043 5044
f 5043 5044 5045
f 5044 5045 5046
f 5045 5046 5047
f 5046 5047 5048
f 5047 5048 5049
f 5048 5049 5050
f 5049 5050 5051
f 5050 5051 5052
f 5051 5052 5053
f 5052 5053 5054
f 5053 5054 5055
f 5054 5055 5056
f 5055 5056 5057
f 5056 5057 5058
f 5057 5058 5059
f 5058 5059 5060
f 5059 5060 5061
f 5060 5061 5062
f 5061 5062 5063
f 5062 5063 5064
f 5063 5064 5065
f 5064 5065 5066
f 5065 5066 5067
f 5066 5067 5068
f 5067 5068 5069
f 5068 5069 5070
f 5069 5070 5071
f 5070 5071 5072
f 5071 5072 5073
f 5072 5073 5074
f 5073 5074 5075
f 5074 5075 5076
f 5075 5076 5077
f 5076 5077 5078
f 5077 5078 5079
f 5078 5079 5080
f 5079 5080 5081
f 5080 5081 5082
f 5081 5082 5083
f 5082 5083 5084
f 5083 5084 5085
f 5084 5085 5086
f 5085 5086 5087
f 5086 5087 5088
f 5087 5088 5089
f 5088 5089 5090
f 5089 5090 5091
f 5090 5091 5092
f 5091 5092 5093
f 5092 5093 5094
f 5093 5094 5095
f 5094 5095 5096
f 5095 5096 5097
f 5096 5097 5098
f 5097 5098 5099
f 5098 5099 5100
f 5099 5100 5101
f 5100 5101 5102
f 5101 5102 5103
f 5102 5103 5104
f 5103 5104 5105
f 5104 5105 5106
f 5105 5106 5107
f 5106 5107 5108
f 5107 5108 5109
f 5108 5109 5110
f 5109 5110 5111
f 5110 5111 5112
f 5111 5112 5113
f 5112 5113 5114
f 5113 5114 5115
f 5114 5115 5116
f 5115 5116 5117
f 5116 5117 5118
f 5117 5118 5119
f 5118 5119 5120
f 5119 5120 5121
f 5120 5121 5122
f 5121 5122 5123
f 5122 5123 5124
f 5123 5124 5125
f 5124 5125 5126
f 5125 5126 5127
f 5126 5127 5128
f 5127 5128 5129
f 5128 5129 5130
f 5129 5130 5131
f 5130 5131 5132
f 5131 5132 5133
f 5132 5133 5134
f 5133 5134 5135
f 5134 5135 5136
f 5135 5136 5137
f 5136 5137 5138
f 5137 5138 5139
f 5138 5139 5140
f 5139 5140 5141
f 5140 5141 5142
f 5141 5142 5143
f 5142 5143 5144
f 5143 5144 5145
f 5144 5145 5146
f 5145 5146 5147
f 5146 5147 5148
f 5147 5148 5149
f 5148 5149 5150
f 5149 5150 5151
f 5150 5151 5152
f 5151 5152 5153
f 5152 5153 5154
f 5153 5154 5155
f 5154 5155 5156
f 5155 5156 5157
f 5156 5157 5158
f 5157 5158 5159
f 5158 5159 5160
f 5159 5160 5161
f 5160 5161 5162
f 5161 5162 5163
f 5162 5163 5164
f 5163 5164 5165
f 5164 5165 5166
f 5165 5166 5167
f 5166 5167 5168
f 5167 5168 5169
f 5168 5169 5170
f 5169 5170 5171
f 5170 5171 5172
f 5171 5172 5173
f 5172 5173 5174
f 5173 5174 5175
f 5174 5175 5176
f 5175 5176 5177
f 5176 5177 5178
f 5177 5178 5179
f 5178 5179 5180
f 5179 5180 5181
f 5180 5181 5182
f 5181 5182 5183
f 5182 5183 5184
f 5183 5184 5185
f 5184 5185 5186
f 5185 5186 5187
f 5186 5187 5188
f 5187 5188 5189
f 5188 5189 5190
f 5189 5190 5191
f 5190 5191 5192
f 5191 5192 5193
f 5192 5193 5194
f 5193 5194 5195
f 5194 5195 5196
f 5195 5196 5197
f 5196 5197 5198
f 5197 5198 5199
f 5198 5199 5200
f 5199 5200 5201
f 5200 5201 5202
f 5201 5202 5203
f 5202 5203 5204
f 5203 5204 5205
f 5204 5205 5206
f 5205 5206 5207
f 5206 5207 5208
f 5207 5208 5209
f 5208 5209 5210
f 5209 5210 5211
f 5210 5211 5212
f 5211 5212 5213
f 5212 5213 5214
f 5213 5214 5215
f 5214 5215 5216
f 5215 5216 5217
f 5216 5217 5218
f 5217 5218 5219
f 5218 5219 5220
f 5219 5220 5221
f 5220 5221 5222
f 5221 5222 5223
f 5222 5223 5224
f 5223 5224 5225
f 5224 5225 5226
f 5225 5226 5227
f 5226 5227 5228
f 5227 5228 5229
f 5228 5229 5230
f 5229 5230 5231
f 5230 5231 5232
f 5231 5232 5233
f 5232 5233 5234
f 5233 5234 5235
f 5234 5235 5236
f 5235 5236 5237
f 5236 5237 5238
f 5237 5238 5239
f 5238 5239 5240
f 5239 5240 5241
f 5240 5241 5242
f 5241 5242 5243
f 5242 5243 5244
f 5243 5244 5245
f 5244 5245 5246
f 5245 5246 5247
f 5246 5247 5248
f 5247 5248 5249
f 5248 5249 5250
f 5249 5250 5251
f 5250 5251 5252
f 5251 5252 5253
f 5252 5253 5254
f 5253 5254 5255
f 5254 5255 5256
f 5255 5256 5257
f 5256 5257 5258
f 5257 5258 5259
f 5258 5259 5260
f 5259 5260 5261
f 5260 5261 5262
f 5261 5262 5263
f 5262 5263 5264
f 5263 5264 5265
f 5264 5265 5266
f 5265 5266 5267
f 5266 5267 5268
f 5267 5268 5269
f 5268 5269 5270
f 5269 5270 5271
f 5270 5271 5272
f 5271 5272 5273
f 5272 5273 5274
f 5273 5274 5275
f 5274 5275 5276
f 5275 5276 5277
f 5276 5277 5278
f 5277 5278 5279
f 5278 5279 5280
f 5279 5280 5281
f 5280 5281 5282
f 5281 5282 5283
f 5282 5283 5284
f 5283 5284 5285
f 5284 5285 5286
f 5285 5286 5287
f 5286 5287 5288
f 5287 5288 5289
f 5288 5289 5290
f 5289 5290 5291
f 5290 5291 5292
f 5291 5292 5293
f 5292 5293 5294
f 5293 5294 5295
f 5294 5295 5296
f 5295 5296 5297
f 5296 5297 5298
f 5297 5298 5299
f 5298 5299 5300
f 5299 5300 5301
f 5300 5301 5302
f 5301 5302 5303
f 5302 5303 5304
f 5303 5304 5305
f 5304 5305 5306
f 5305 5306 5307
f 5306 5307 5308
f 5307 5308 5309
f 5308 5309 5310
f 5309 5310 5311
f 5310 5311 5312
f 5311 5312 5313
f 5312 5313 5314
f 5313 5314 5315
f 5314 5315 5316
f 5315 5316 5317
f 5316 5317 5318
f 5317 5318 5319
f 5318 5319 5320
f 5319 5320 5321
f 5320 5321 5322
f 5321 5322 5323
f 5322 5323 5324
f 5323 5324 5325
f 5324 5325 5326
f 5325 5326 5327
f 5326 5327 5328
f 5327 5328 5329
f 5328 5329 5330
f 5329 5330 5331
f 5330 5331 5332
f 5331 5332 5333
f 5332 5333 5334
f 5333 5334 5335
f 5334 5335 5336
f 5335 5336 5337
f 5336 5337 5338
f 5337 5338 5339
f 5338 5339 5340
f 5339 5340 5341
f 5340 5341 5342
f 5341 5342 5343
f 5342 5343 5344
f 5343 5344 5345
f 5344 5345 5346
f 5345 5346 5347
f 5346 5347 5348
f 5347 5348 5349
f 5348 5349 5350
f 5349 5350 5351
f 5350 5351 5352
f 5351 5352 5353
f 5352 5353 5354
f 5353 5354 5355
f 5354 5355 5356
f 5355 5356 5357
f 5356 5357 5358
f 5357 5358 5359
f 5358 5359 5360
f 5359 5360 5361
f 5360 5361 5362
f 5361 5362 5363
f 5362 5363 5364
f 5363 5364 5365
f 5364 5365 5366
f 5365 5366 5367
f 5366 5367 5368
f 5367 5368 5369
f 5368 5369 5370
f 5369 5370 5371
f 5370 5371 5372
f 5371 5372 5373
f 5372 5373 5374
f 5373 5374 5375
f 5374 5375 5376
f 5375 5376 5377
f 5376 5377 5378
f 5377 5378 5379
f 5378 5379 5380
f 5379 5380 5381
f 5380 5381 5382
f 5381 5382 5383
f 5382 5383 5384
f 5383 5384 5385
f 5384 5385 5386
f 5385 5386 5387
f 5386 5387 5388
f 5387 5388 5389
f 5388 5389 5390
f 5389 5390 5391
f 5390 5391 5392
f 5391 5392 5393
f 5392 5393 5394
f 5393 5394 5395
f 5394 5395 5396
f 5395 5396 5397
f 5396 5397 5398
f 5397 5398 5399
f 5398 5399 5400
f 5399 5400 5401
f 5400 5401 5402
f 5401 5402 5403
f 5402 5403 5404
f 5403 5404 5405
f 5404 5405 5406
f 5405 5406 5407
f 5406 5407 5408
f 5407 5408 5409
f 5408 5409 5410
f 5409 5410 5411
f 5410 5411 5412
f 5411 5412 5413
f 5412 5413 5414
f 5413 5414 5415
f 5414 5415 5416
f 5415 5416 5417
f 5416 5417 5418
f 5417 5418 5419
f 5418 5419 5420
f 5419 5420 5421
f 5420 5421 5422
f 5421 5422 5423
f 5422 5423 5424
f 5423 5424 5425
f 5424 5425 5426
f 5425 5426 5427
f 5426 5427 5428
f 5427 5428 5429
f 5428 5429 5430
f 5429 5430 5431
f 5430 5431 5432
f 5431 5432 5433
f 5432 5433 5434
f 5433 5434 5435
f 5434 5435 5436
f 5435 5436 5437
f 5436 5437 5438
f 5437 5438 5439
f 5438 5439 5440
f 5439 5440 5441
f 5440 5441 5442
f 5441 5442 5443
f 5442 5443 5444
f 5443 5444 5445
f 5444 5445 5446
f 5445 5446 5447
f 5446 5447 5448
f 5447 5448 5449
f 5448 5449 5450
f 5449 5450 5451
f 5450 5451 5452
f 5451 5452 5453
f 5452 5453 5454
f 5453 5454 5455
f 5454 5455 5456
f 5455 5456 5457
f 5456 5457 5458
f 5457 5458 5459
f 5458 5459 5460
f 5459 5460 5461
f 5460 5461 5462
f 5461 5462 5463
f 5462 5463 5464
f 5463 5464 5465
f 5464 5465 5466
f 5465 5466 5467
f 5466 5467 5468
f 5467 5468 5469
f 5468 5469 5470
f 5469 5470 5471
f 5470 5471 5472
f 5471 5472 5473
f 5472 5473 5474
f 5473 5474 5475
f 5474 5475 5476
f 5475 5476 5477
f 5476 5477 5478
f 5477 5478 5479
f 5478 5479 5480
f 5479 5480 5481
f 5480 5481 5482
f 5481 5482 5483
f 5482 5483 5484
f 5483 5484 5485
f 5484 5485 5486
f 5485 5486 5487
f 5486 5487 5488
f 5487 5488 5489
f 5488 5489 5490
f 5489 5490 5491
f 5490 5491 5492
f 5491 5492 5493
f 5492 5493 5494
f 5493 5494 5495
f 5494 5495 5496
f 5495 5496 5497
f 5496 5497 5498
f 5497 5498 5499
f 5498 5499 5500
f 5499 5500 5501
f 5500 5501 5502
f 5501 5502 5503
f 5502 5503 5504
f 5503 5504 5505
f 5504 5505 5506
f 5505 5506 5507
f 5506 5507 5508
f 5507 5508 5509
f 5508 5509 5510
f 5509 5510 5511
f 5510 5511 5512
f 5511 5512 5513
f 5512 5513 5514
f 5513 5514 5515
f 5514 5515 5516
f 5515 5516 5517
f 5516 5517 5518
f 5517 5518 5519
f 5518 5519 5520
f 5519 5520 5521
f 5520 5521 5522
f 5521 5522 5523
f 5522 5523 5524
f 5523 5524 5525
f 5524 5525 5526
f 5525 5526 5527
f 5526 5527 5528
f 5527 5528 5529
f 5528 5529 5530
f 5529 5530 5531
f 5530 5531 5532
f 5531 5532 5533
f 5532 5533 5534
f 5533 5534 5535
f 5534 5535 5536
f 5535 5536 5537
f 5536 5537 5538
f 5537 5538 5539
f 5538 5539 5540
f 5539 5540 5541
f 5540 5541 5542
f 5541 5542 5543
f 5542 5543 5544
f 5543 5544 5545
f 5544 5545 5546
f 5545 5546 5547
f 5546 5547 5548
f 5547 5548 5549
f 5548 5549 5550
f 5549 5550 5551
f 5550 5551 5552
f 5551 5552 5553
f 5552 5553 5554
f 5553 5554 5555
f 5554 5555 5556
f 5555 5556 5557
f 5556 5557 5558
f 5557 5558 5559
f 5558 5559 5560
f 5559 5560 5561
f 5560 5561 5562
f 5561 5562 5563
f 5562 5563 5564
f 5563 5564 5565
f 5564 5565 5566
f 5565 5566 5567
f 5566 5567 5568
f 5567 5568 5569
f 5568 5569 5570
f 5569 5570 5571
f 5570 5571 5572
f 5571 5572 5573
f 5572 5573 5574
f 5573 5574 5575
f 5574 5575 5576
f 5575 5576 5577
f 5576 5577 5578
f 5577 5578 5579
f 5578 5579 5580
f 5579 5580 5581
f 5580 5581 5582
f 5581 5582 5583
f 5582 5583 5584
f 5583 5584 5585
f 5584 5585 5586
f 5585 5586 5587
f 5586 5587 5588
f 5587 5588 5589
f 5588 5589 5590
f 5589 5590 5591
f 5590 5591 5592
f 5591 5592 5593
f 5592 5593 5594
f 5593 5594 5595
f 5594 5595 5596
f 5595 5596 5597
f 5596 5597 5598
f 5597 5598 5599
f 5598 5599 5600
f 5599 5600 5601
f 5600 5601 5602
f 5601 5602 5603
f 5602 5603 5604
f 5603 5604 5605
f 5604 5605 5606
f 5605 5606 5607
f 5606 5607 5608
f 5607 5608 5609
f 5608 5609 5610
f 5609 5610 5611
f 5610 5611 5612
f 5611 5612 5613
f 5612 5613 5614
f 5613 5614 5615
f 5614 5615 5616
f 5615 5616 5617
f 5616 5617 5618
f 5617 5618 5619
f 5618 5619 5620
f 5619 5620 5621
f 5620 5621 5622
f 5621 5622 5623
f 5622 5623 5624
f 5623 5624 5625
f 5624 5625 5626
f 5625 5626 5627
f 5626 5627 5628
f 5627 5628 5629
f 5628 5629 5630
f 5629 5630 5631
f 5630 5631 5632
f 5631 5632 5633
f 5632 5633 5634
f 5633 5634 5635
f 5634 5635 5636
f 5635 5636 5637
f 5636 5637 5638
f 5637 5638 5639
f 5638 5639 5640
f 5639 5640 5641
f 5640 5641 5642
f 5641 5642 5643
f 5642 5643 5644
f 5643 5644 5645
f 5644 5645 5646
f 5645 5646 5647
f 5646 5647 5648
f 5647 5648 5649
f 5648 5649 5650
f 5649 5650 5651
f 5650 5651 5652
f 5651 5652 5653
f 5652 5653 5654
f 5653 5654 5655
f 5654 5655 5656
f 5655 5656 5657
f 5656 5657 5658
f 5657 5658 5659
f 5658 5659 5660
f 5659 5660 5661
f 5660 5661 5662
f 5661 5662 5663
f 5662 5663 5664
f 5663 5664 5665
f 5664 5665 5666
f 5665 5666 5667
f 5666 5667 5668
f 5667 5668 5669
f 5668 5669 5670
f 5669 5670 5671
f 5670 5671 5672
f 5671 5672 5673
f 5672 5673 5674
f 5673 5674 5675
f 5674 5675 5676
f 5675 5676 5677
f 5676 5677 5678
f 5677 5678 5679
f 5678 5679 5680
f 5679 5680 5681
f 5680 5681 5682
f 5681 5682 5683
f 5682 5683 5684
f 5683 5684 5685
f 5684 5685 5686
f 5685 5686 5687
f 5686 5687 5688
f 5687 5688 5689
f 5688 5689 5690
f 5689 5690 5691
f 5690 5691 5692
f 5691 5692 5693
f 5692 5693 5694
f 5693 5694 5695
f 5694 5695 5696
f 5695 5696 5697
f 5696 5697 5698
f 5697 5698 5699
f 5698 5699 5700
f 5699 5700 5701
f 5700 5701 5702
f 5701 5702 5703
f 5702 5703 5704
f 5703 5704 5705
f 5704 5705 5706
f 5705 5706 5707
f 5706 5707 5708
f 5707 5708 5709
f 5708 5709 5710
f 5709 5710 5711
f 5710 5711 5712
f 5711 5712 5713
f 5712 5713 5714
f 5713 5714 5715
f 5714 5715 5716
f 5715 5716 5717
f 5716 5717 5718
f 5717 5718 5719
f 5718 5719 5720
f 5719 5720 5721
f 5720 5721 5722
f 5721 5722 5723
f 5722 5723 5724
f 5723 5724 5725
f 5724 5725 5726
f 5725 5726 5727
f 5726 5727 5728
f 5727 5728 5729
f 5728 5729 5730
f 5729 5730 5731
f 5730 5731 5732
f 5731 5732 5733
f 5732 5733 5734
f 5733 5734 5735
f 5734 5735 5736
f 5735 5736 5737
f 5736 5737 5738
f 5737 5738 5739
f 5738 5739 5740
f 5739 5740 5741
f 5740 5741 5742
f 5741 5742 5743
f 5742 5743 5744
f 5743 5744 5745
f 5744 5745 5746
f 5745 5746 5747
f 5746 5747 5748
f 5747 5748 5749
f 5748 5749 5750
f 5749 5750 5751
f 5750 5751 5752
f 5751 5752 5753
f 5752 5753 5754
f 5753 5754 5755
f 5754 5755 5756
f 5755 5756 5757
f 5756 5757 5758
f 5757 5758 5759
f 5758 5759 5760
f 5759 5760 5761
f 5760 5761 5762
f 5761 5762 5763
f 5762 5763 5764
f 5763 5764 5765
f 5764 5765 5766
f 5765 5766 5767
f 5766 5767 5768
f 5767 5768 5769
f 5768 5769 5770
f 5769 5770 5771
f 5770 5771 5772
f 5771 5772 5773
f 5772 5773 5774
f 5773 5774 5775
f 5774 5775 5776
f 5775 5776 5777
f 5776 5777 5778
f 5777 5778 5779
f 5778 5779 5780
f 5779 5780 5781
f 5780 5781 5782
f 5781 5782 5783
f 5782 5783 5784
f 5783 5784 5785
f 5784 5785 5786
f 5785 5786 5787
f 5786 5787 5788
f 5787 5788 5789
f 5788 5789 5790
f 5789 5790 5791
f 5790 5791 5792
f 5791 5792 5793
f 5792 5793 5794
f 5793 5794 5795
f 5794 5795 5796
f 5795 5796 5797
f 5796 5797 5798
f 5797 5798 5799
f 5798 5799 5800
f 5799 5800 5801
f 5800 5801 5802
f 5801 5802 5803
f 5802 5803 5804
f 5803 5804 5805
f 5804 5805 5806
f 5805 5806 5807
f 5806 5807 5808
f 5807 5808 5809
f 5808 5809 5810
f 5809 5810 5811
f 5810 5811 5812
f 5811 5812 5813
f 5812 5813 5814
f 5813 5814 5815
f 5814 5815 5816
f 5815 5816 5817
f 5816 5817 5818
f 5817 5818 5819
f 5818 5819 5820
f 5819 5820 5821
f 5820 5821 5822
f 5821 5822 5823
f 5822 5823 5824
f 5823 5824 5825
f 5824 5825 5826
f 5825 5826 5827
f 5826 5827 5828
f 5827 5828 5829
f 5828 5829 5830
f 5829 5830 5831
f 5830 5831 5832
f 5831 5832 5833
f 5832 5833 5834
f 5833 5834 5835
f 5834 5835 5836
f 5835 5836 5837
f 5836 5837 5838
f 5837 5838 5839
f 5838 5839 5840
f 5839 5840 5841
f 5840 5841 5842
f 5841 5842 5843
f 5842 5843 5844
f 5843 5844 5845
f 5844 5845 5846
f 5845 5846 5847
f 5846 5847 5848
f 5847 5848 5849
f 5848 5849 5850
f 5849 5850 5851
f 5850 5851 5852
f 5851 5852 5853
f 5852 5853 5854
f 5853 5854 5855
f 5854 5855 5856
f 5855 5856 5857
f 5856 5857 5858
f 5857 5858 5859
f 5858 5859 5860
f 5859 5860 5861
f 5860 5861 5862
f 5861 5862 5863
f 5862 5863 5864
f 5863 5864 5865
f 5864 5865 5866
f 5865 5866 5867
f 5866 5867 5868
f 5867 5868 5869
f 5868 5869 5870
f 5869 5870 5871
f 5870 5871 5872
f 5871 5872 5873
f 5872 5873 5874
f 5873 5874 5875
f 5874 5875 5876
f 5875 5876 5877
f 5876 5877 5878
f 5877 5878 5879
f 5878 5879 5880
f 5879 5880 5881
f 5880 5881 5882
f 5881 5882 5883
f 5882 5883 5884
f 5883 5884 5885
f 5884 5885 5886
f 5885 5886 5887
f 5886 5887 5888
f 5887 5888 5889
f 5888 5889 5890
f 5889 5890 5891
f 5890 5891 5892
f 5891 5892 5893
f 5892 5893 5894
f 5893 5894 5895
f 5894 5895 5896
f 5895 5896 5897
f 5896 5897 5898
f 5897 5898 5899
f 5898 5899 5900
f 5899 5900 5901
f 5900 5901 5902
f 5901 5902 5903
f 5902 5903 5904
f 5903 5904 5905
f 5904 5905 5906
f 5905 5906 5907
f 5906 5907 5908
f 5907 5908 5909
f 5908 5909 5910
f 5909 5910 5911
f 5910 5911 5912
f 5911 5912 5913
f 5912 5913 5914
f 5913 5914 5915
f 5914 5915 5916
f 5915 5916 5917
f 5916 5917 5918
f 5917 5918 5919
f 5918 5919 5920
f 5919 5920 5921
f 5920 5921 5922
f 5921 5922 5923
f 5922 5923 5924
f 5923 5924 5925
f 5924 5925 5926
f 5925 5926 5927
f 5926 5927 5928
f 5927 5928 5929
f 5928 5929 5930
f 5929 5930 5931
f 5930 5931 5932
f 5931 5932 5933
f 5932 5933 5934
f 5933 5934 5935
f 5934 5935 5936
f 5935 5936 5937
f 5936 5937 5938
f 5937 5938 5939
f 5938 5939 5940
f 5939 5940 5941
f 5940 5941 5942
f 5941 5942 5943
f 5942 5943 5944
f 5943 5944 5945
f 5944 5945 5946
f 5945 5946 5947
f 5946 5947 5948
f 5947 5948 5949
f 5948 5949 5950
f 5949 5950 5951
f 5950 5951 5952
f 5951 5952 5953
f 5952 5953 5954
f 5953 5954 5955
f 5954 5955 5956
f 5955 5956 5957
f 5956 5957 5958
f 5957 5958 5959
f 5958 5959 5960
f 5959 5960 5961
f 5960 5961 5962
f 5961 5962 5963
f 5962 5963 5964
f 5963 5964 5965
f 5964 5965 5966
f 5965 5966 5967
f 5966 5967 5968
f 5967 5968 5969
f 5968 5969 5970
f 5969 5970 5971
f 5970 5971 5972
f 5971 5972 5973
f 5972 5973 5974
f 5973 5974 5975
f 5974 5975 5976
f 5975 5976 5977
f 5976 5977 5978
f 5977 5978 5979
f 5978 5979 5980
f 5979 5980 5981
f 5980 5981 5982
f 5981 5982 5983
f 5982 5983 5984
f 5983 5984 5985
f 5984 5985 5986
f 5985 5986 5987
f 5986 5987 5988
f 5987 5988 5989
f 5988 5989 5990
f 5989 5990 5991
f 5990 5991 5992
f 5991 5992 5993
f 5992 5993 5994
f 5993 5994 5995
f 5994 5995 5996
f 5995 5996 5997
f 5996 5997 5998
f 5997 5998 5999
f 5998 5999 6000
f 5999 6000 6001
f 6000 6001 6002
f 6001 6002 6003
f 6002 6003 6004
f 6003 6004 6005
f 6004 6005 6006
f 6005 6006 6007
f 6006 6007 6008
f 6007 6008 6009
f 6008 6009 6010
f 6009 6010 6011
f 6010 6011 6012
f 6011 6012 6013
f 6012 6013 6014
f 6013 6014 6015
f 6014 6015 6016
f 6015 6016 6017
f 6016 6017 6018
f 6017 6018 6019
f 6018 6019 6020
f 6019 6020 6021
f 6020 6021 6022
f 6021 6022 6023
f 6022 6023 6024
f 6023 6024 6025
f 6024 6025 6026
f 6025 6026 6027
f 6026 6027 6028
f 6027 6028 6029
f 6028 6029 6030
f 6029 6030 6031
f 6030 6031 6032
f 6031 6032 6033
f 6032 6033 6034
f 6033 6034 6035
f 6034 6035 6036
f 6035 6036 6037
f 6036 6037 6038
f 6037 6038 6039
f 6038 6039 6040
f 6039 6040 6041
f 6040 6041 6042
f 6041 6042 6043
f 6042 6043 6044
f 6043 6044 6045
f 6044 6045 6046
f 6045 6046 6047
f 6046 6047 6048
f 6047 6048 6049
f 6048 6049 6050
f 6049 6050 6051
f 6050 6051 6052
f 6051 6052 6053
f 6052 6053 6054
f 6053 6054 6055
f 6054 6055 6056
f 6055 6056 6057
f 6056 6057 6058
f 6057 6058 6059
f 6058 6059 6060
f 6059 6060 6061
f 6060 6061 6062
f 6061 6062 6063
f 6062 6063 6064
f 6063 6064 6065
f 6064 6065 6066
f 6065 6066 6067
f 6066 6067 6068
f 6067 6068 6069
f 6068 6069 6070
f 6069 6070 6071
f 6070 6071 6072
f 6071 6072 6073
f 6072 6073 6074
f 6073 6074 6075
f 6074 6075 6076
f 6075 6076 6077
f 6076 6077 6078
f 6077 6078 6079
f 6078 6079 6080
f 6079 6080 6081
f 6080 6081 6082
f 6081 6082 6083
f 6082 6083 6084
f 6083 6084 6085
f 6084 6085 6086
f 6085 6086 6087
f 6086 6087 6088
f 6087 6088 6089
f 6088 6089 6090
f 6089 6090 6091
f 6090 6091 6092
f 6091 6092 6093
f 6092 6093 6094
f 6093 6094 6095
f 6094 6095 6096
f 6095 6096 6097
f 6096 6097 6098
f 6097 6098 6099
f 6098 6099 6100
f 6099 6100 6101
f 6100 6101 6102
f 6101 6102 6103
f 6102 6103 6104
f 6103 6104 6105
f 6104 6105 6106
f 6105 6106 6107
f 6106 6107 6108
f 6107 6108 6109
f 6108 6109 6110
f 6109 6110 6111
f 6110 6111 6112
f 6111 6112 6113
f 6112 6113 6114
f 6113 6114 6115
f 6114 6115 6116
f 6115 6116 6117
f 6116 6117 6118
f 6117 6118 6119
f 6118 6119 6120
f 6119 6120 6121
f 6120 6121 6122
f 6121 6122 6123
f 6122 6123 6124
f 6123 6124 6125
f 6124 6125 6126
f 6125 6126 6127
f 6126 6127 6128
f 6127 6128 6129
f 6128 6129 6130
f 6129 6130 6131
f 6130 6131 6132
f 6131 6132 6133
f 6132 6133 6134
f 6133 6134 6135
f 6134 6135 6136
f 6135 6136 6137
f 6136 6137 6138
f 6137 6138 6139
f 6138 6139 6140
f 6139 6140 6141
f 6140 6141 6142
f 6141 6142 6143
f 6142 6143 6144
f 6143 6144 6145
f 6144 6145 6146
f 6145 6146 6147
f 6146 6147 6148
f 6147 6148 6149
f 6148 6149 6150
f 6149 6150 6151
f 6150 6151 6152
f 6151 6152 6153
f 6152 6153 6154
f 6153 6154 6155
f 6154 6155 6156
f 6155 6156 6157
f 6156 6157 6158
f 6157 6158 6159
f 6158 6159 6160
f 6159 6160 6161
f 6160 6161 6162
f 6161 6162 6163
f 6162 6163 6164
f 6163 6164 6165
f 6164 6165 6166
f 6165 6166 6167
f 6166 6167 6168
f 6167 6168 6169
f 6168 6169 6170
f 6169 6170 6171
f 6170 6171 6172
f 6171 6172 6173
f 6172 6173 6174
f 6173 6174 6175
f 6174 6175 6176
f 6175 6176 6177
f 6176 6177 6178
f 6177 6178 6179
f 6178 6179 6180
f 6179 6180 6181
f 6180 6181 6182
f 6181 6182 6183
f 6182 6183 6184
f 6183 6184 6185
f 6184 6185 6186
f 6185 6186 6187
f 6186 6187 6188
f 6187 6188 6189
f 6188 6189 6190
f 6189 6190 6191
f 6190 6191 6192
f 6191 6192 6193
f 6192 6193 6194
f 6193 6194 6195
f 6194 6195 6196
f 6195 6196 6197
f 6196 6197 6198
f 6197 6198 6199
f 6198 6199 6200
f 6199 6200 6201
f 6200 6201 6202
f 6201 6202 6203
f 6202 6203 6204
f 6203 6204 6205
f 6204 6205 6206
f 6205 6206 6207
f 6206 6207 6208
f 6207 6208 6209
f 6208 6209 6210
f 6209 6210 6211
f 6210 6211 6212
f 6211 6212 6213
f 6212 6213 6214
f 6213 6214 6215
f 6214 6215 6216
f 6215 6216 6217
f 6216 6217 6218
f 6217 6218 6219
f 6218 6219 6220
f 6219 6220 6221
f 6220 6221 6222
f 6221 6222 6223
f 6222 6223 6224
f 6223 6224 6225
f 6224 6225 6226
f 6225 6226 6227
f 6226 6227 6228
f 6227 6228 6229
f 6228 6229 6230
f 6229 6230 6231
f 6230 6231 6232
f 6231 6232 6233
f 6232 6233 6234
f 6233 6234 6235
f 6234 6235 6236
f 6235 6236 6237
f 6236 6237 6238
f 6237 6238 6239
f 6238 6239 6240
f 6239 6240 6241
f 6240 6241 6242
f 6241 6242 6243
f 6242 6243 6244
f 6243 6244 6245
f 6244 6245 6246
f 6245 6246 6247
f 6246 6247 6248
f 6247 6248 6249
f 6248 6249 6250
f 6249 6250 6251
f 6250 6251 6252
f 6251 6252 6253
f 6252 6253 6254
f 6253 6254 6255
f 6254 6255 6256
f 6255 6256 6257
f 6256 6257 6258
f 6257 6258 6259
f 6258 6259 6260
f 6259 6260 6261
f 6260 6261 6262
f 6261 6262 6263
f 6262 6263 6264
f 6263 6264 6265
f 6264 6265 6266
f 6265 6266 6267
f 6266 6267 6268
f 6267 6268 6269
f 6268 6269 6270
f 6269 6270 6271
f 6270 6271 6272
f 6271 6272 6273
f 6272 6273 6274
f 6273 6274 6275
f 6274 6275 6276
f 6275 6276 6277
f 6276 6277 6278
f 6277 6278 6279
f 6278 6279 6280
f 6279 6280 6281
f 6280 6281 6282
f 6281 6282 6283
f 6282 6283 6284
f 6283 6284 6285
f 6284 6285 6286
f 6285 6286 6287
f 6286 6287 6288
f 6287 6288 6289
f 6288 6289 6290
f 6289 6290 6291
f 6290 6291 6292
f 6291 6292 6293
f 6292 6293 6294
f 6293 6294 6295
f 6294 6295 6296
f 6295 6296 6297
f 6296 6297 6298
f 6297 6298 6299
f 6298 6299 6300
f 6299 6300 6301
f 6300 6301 6302
f 6301 6302 6303
f 6302 6303 6304
f 6303 6304 6305
f 6304 6305 6306
f 6305 6306 6307
f 6306 6307 6308
f 6307 6308 6309
f 6308 6309 6310
f 6309 6310 6311
f 6310 6311 6312
f 6311 6312 6313
f 6312 6313 6314
f 6313 6314 6315
f 6314 6315 6316
f 6315 6316 6317
f 6316 6317 6318
f 6317 6318 6319
f 6318 6319 6320
f 6319 6320 6321
f 6320 6321 6322
f 6321 6322 6323
f 6322 6323 6324
f 6323 6324 6325
f 6324 6325 6326
f 6325 6326 6327
f 6326 6327 6328
f 6327 6328 6329
f 6328 6329 6330
f 6329 6330 6331
f 6330 6331 6332
f 6331 6332 6333
f 6332 6333 6334
f 6333 6334 6335
f 6334 6335 6336
f 6335 6336 6337
f 6336 6337 6338
f 6337 6338 6339
f 6338 6339 6340
f 6339 6340 6341
f 6340 6341 6342
f 6341 6342 6343
f 6342 6343 6344
f 6343 6344 6345
f 6344 6345 6346
f 6345 6346 6347
f 6346 6347 6348
f 6347 6348 6349
f 6348 6349 6350
f 6349 6350 6351
f 6350 6351 6352
f 6351 6352 6353
f 6352 6353 6354
f 6353 6354 6355
f 6354 6355 6356
f 6355 6356 6357
f 6356 6357 6358
f 6357 6358 6359
f 6358 6359 6360
f 6359 6360 6361
f 6360 6361 6362
f 6361 6362 6363
f 6362 6363 6364
f 6363 6364 6365
f 6364 6365 6366
f 6365 6366 6367
f 6366 6367 6368
f 6367 6368 6369
f 6368 6369 6370
f 6369 6370 6371
f 6370 6371 6372
f 6371 6372 6373
f 6372 6373 6374
f 6373 6374 6375
f 6374 6375 6376
f 6375 6376 6377
f 6376 6377 6378
f 6377 6378 6379
f 6378 6379 6380
f 6379 6380 6381
f 6380 6381 6382
f 6381 6382 6383
f 6382 6383 6384
f 6383 6384 6385
f 6384 6385 6386
f 6385 6386 6387
f 6386 6387 6388
f 6387 6388 6389
f 6388 6389 6390
f 6389 6390 6391
f 6390 6391 6392
f 6391 6392 6393
f 6392 6393 6394
f 6393 6394 6395
f 6394 6395 6396
f 6395 6396 6397
f 6396 6397 6398
f 6397 6398 6399
f 6398 6399 6400
f 6399 6400 6401
f 6400 6401 6402
f 6401 6402 6403
f 6402 6403 6404
f 6403 6404 6405
f 6404 6405 6406
f 6405 6406 6407
f 6406 6407 6408
f 6407 6408 6409
f 6408 6409 6410
f 6409 6410 6411
f 6410 6411 6412
f 6411 6412 6413
f 6412 6413 6414
f 6413 6414 6415
f 6414 6415 6416
f 6415 6416 6417
f 6416 6417 6418
f 6417 6418 6419
f 6418 6419 6420
f 6419 6420 6421
f 6420 6421 6422
f 6421 6422 6423
f 6422 6423 6424
f 6423 6424 6425
f 6424 6425 6426
f 6425 6426 6427
f 6426 6427 6428
f 6427 6428 6429
f 6428 6429 6430
f 6429 6430 6431
f 6430 6431 6432
f 6431 6432 6433
f 6432 6433 6434
f 6433 6434 6435
f 6434 6435 6436
f 6435 6436 6437
f 6436 6437 6438
f 6437 6438 6439
f 6438 6439 6440
f 6439 6440 6441
f 6440 6441 6442
f 6441 6442 6443
f 6442 6443 6444
f 6443 6444 6445
f 6444 6445 6446
f 6445 6446 6447
f 6446 6447 6448
f 6447 6448 6449
f 6448 6449 6450
f 6449 6450 6451
f 6450 6451 6452
f 6451 6452 6453
f 6452 6453 6454
f 6453 6454 6455
f 6454 6455 6456
f 6455 6456 6457
f 6456 6457 6458
f 6457 6458 6459
f 6458 6459 6460
f 6459 6460 6461
f 6460 6461 6462
f 6461 6462 6463
f 6462 6463 6464
f 6463 6464 6465
f 6464 6465 6466
f 6465 6466 6467
f 6466 6467 6468
f 6467 6468 6469
f 6468 6469 6470
f 6469 6470 6471
f 6470 6471 6472
f 6471 6472 6473
f 6472 6473 6474
f 6473 6474 6475
f 6474 6475 6476
f 6475 6476 6477
f 6476 6477 6478
f 6477 6478 6479
f 6478 6479 6480
f 6479 6480 6481
f 6480 6481 6482
f 6481 6482 6483
f 6482 6483 6484
f 6483 6484 6485
f 6484 6485 6486
f 6485 6486 6487
f 6486 6487 6488
f 6487 6488 6489
f 6488 6489 6490
f 6489 6490 6491
f 6490 6491 6492
f 6491 6492 6493
f 6492 6493 6494
f 6493 6494 6495
f 6494 6495 6496
f 6495 6496 6497
f 6496 6497 6498
f 6497 6498 6499
f 6498 6499 6500
f 6499 6500 6501
f 6500 6501 6502
f 6501 6502 6503
f 6502 6503 6504
f 6503 6504 6505
f 6504 6505 6506
f 6505 6506 6507
f 6506 6507 6508
f 6507 6508 6509
f 6508 6509 6510
f 6509 6510 6511
f 6510 6511 6512
f 6511 6512 6513
f 6512 6513 6514
f 6513 6514 6515
f 6514 6515 6516
f 6515 6516 6517
f 6516 6517 6518
f 6517 6518 6519
f 6518 6519 6520
f 6519 6520 6521
f 6520 6521 6522
f 6521 6522 6523
f 6522 6523 6524
f 6523 6524 6525
f 6524 6525 6526
f 6525 6526 6527
f 6526 6527 6528
f 6527 6528 6529
f 6528 6529 6530
f 6529 6530 6531
f 6530 6531 6532
f 6531 6532 6533
f 6532 6533 6534
f 6533 6534 6535
f 6534 6535 6536
f 6535 6536 6537
f 6536 6537 6538
f 6537 6538 6539
f 6538 6539 6540
f 6539 6540 6541
f 6540 6541 6542
f 6541 6542 6543
f 6542 6543 6544
f 6543 6544 6545
f 6544 6545 6546
f 6545 6546 6547
f 6546 6547 6548
f 6547 6548 6549
f 6548 6549 6550
f 6549 6550 6551
f 6550 6551 6552
f 6551 6552 6553
f 6552 6553 6554
f 6553 6554 6555
f 6554 6555 6556
f 6555 6556 6557
f 6556 6557 6558
f 6557 6558 6559
f 6558 6559 6560
f 6559 6560 6561
f 6560 6561 6562
f 6561 6562 6563
f 6562 6563 6564
f 6563 6564 6565
f 6564 6565 6566
f 6565 6566 6567
f 6566 6567 6568
f 6567 6568 6569
f 6568 6569 6570
f 6569 6570 6571
f 6570 6571 6572
f 6571 6572 6573
f 6572 6573 6574
f 6573 6574 6575
f 6574 6575 6576
f 6575 6576 6577
f 6576 6577 6578
f 6577 6578 6579
f 6578 6579 6580
f 6579 6580 6581
f 6580 6581 6582
f 6581 6582 6583
f 6582 6583 6584
f 6583 6584 6585
f 6584 6585 6586
f 6585 6586 6587
f 6586 6587 6588
f 6587 6588 6589
f 6588 6589 6590
f 6589 6590 6591
f 6590 6591 6592
f 6591 6592 6593
f 6592 6593 6594
f 6593 6594 6595
f 6594 6595 6596
f 6595 6596 6597
f 6596 6597 6598
f 6597 6598 6599
f 6598 6599 6600
f 6599 6600 6601
f 6600 6601 6602
f 6601 6602 6603
f 6602 6603 6604
f 6603 6604 6605
f 6604 6605 6606
f 6605 6606 6607
f 6606 6607 6608
f 6607 6608 6609
f 6608 6609 6610
f 6609 6610 6611
f 6610 6611 6612
f 6611 6612 6613
f 6612 6613 6614
f 6613 6614 6615
f 6614 6615 6616
f 6615 6616 6617
f 6616 6617 6618
f 6617 6618 6619
f 6618 6619 6620
f 6619 6620 6621
f 6620 6621 6622
f 6621 6622 6623
f 6622 6623 6624
f 6623 6624 6625
f 6624 6625 6626
f 6625 6626 6627
f 6626 6627 6628
f 6627 6628 6629
f 6628 6629 6630
f 6629 6630 6631
f 6630 6631 6632
f 6631 6632 6633
f 6632 6633 6634
f 6633 6634 6635
f 6634 6635 6636
f 6635 6636 6637
f 6636 6637 6638
f 6637 6638 6639
f 6638 6639 6640
f 6639 6640 6641
f 6640 6641 6642
f 6641 6642 6643
f 6642 6643 6644
f 6643 6644 6645
f 6644 6645 6646
f 6645 6646 6647
f 6646 6647 6648
f 6647 6648 6649
f 6648 6649 6650
f 6649 6650 6651
f 6650 6651 6652
f 6651 6652 6653
f 6652 6653 6654
f 6653 6654 6655
f 6654 6655 6656
f 6655 6656 6657
f 6656 6657 6658
f 6657 6658 6659
f 6658 6659 6660
f 6659 6660 6661
f 6660 6661 6662
f 6661 6662 6663
f 6662 6663 6664
f 6663 6664 6665
f 6664 6665 6666
f 6665 6666 6667
f 6666 6667 6668
f 6667 6668 6669
f 6668 6669 6670
f 6669 6670 6671
f 6670 6671 6672
f 6671 6672 6673
f 6672 6673 6674
f 6673 6674 6675
f 6674 6675 6676
f 6675 6676 6677
f 6676 6677 6678
f 6677 6678 6679
f 6678 6679 6680
f 6679 6680 6681
f 6680 6681 6682
f 6681 6682 6683
f 6682 6683 6684
f 6683 6684 6685
f 6684 6685 6686
f 6685 6686 6687
f 6686 6687 6688
f 6687 6688 6689
f 6688 6689 6690
f 6689 6690 6691
f 6690 6691 6692
f 6691 6692 6693
f 6692 6693 6694
f 6693 6694 6695
f 6694 6695 6696
f 6695 6696 6697
f 6696 6697 6698
f 6697 6698 6699
f 6698 6699 6700
f 6699 6700 6701
f 6700 6701 6702
f 6701 6702 6703
f 6702 6703 6704
f 6703 6704 6705
f 6704 6705 6706
f 6705 6706 6707
f 6706 6707 6708
f 6707 6708 6709
f 6708 6709 6710
f 6709 6710 6711
f 6710 6711 6712
f 6711 6712 6713
f 6712 6713 6714
f 6713 6714 6715
f 6714 6715 6716
f 6715 6716 6717
f 6716 6717 6718
f 6717 6718 6719
f 6718 6719 6720
f 6719 6720 6721
f 6720 6721 6722
f 6721 6722 6723
f 6722 6723 6724
f 6723 6724 6725
f 6724 6725 6726
f 6725 6726 6727
f 6726 6727 6728
f 6727 6728 6729
f 6728 6729 6730
f 6729 6730 6731
f 6730 6731 6732
f 6731 6732 6733
f 6732 6733 6734
f 6733 6734 6735
f 6734 6735 6736
f 6735 6736 6737
f 6736 6737 6738
f 6737 6738 6739
f 6738 6739 6740
f 6739 6740 6741
f 6740 6741 6742
f 6741 6742 6743
f 6742 6743 6744
f 6743 6744 6745
f 6744 6745 6746
f 6745 6746 6747
f 6746 6747 6748
f 6747 6748 6749
f 6748 6749 6750
f 6749 6750 6751
f 6750 6751 6752
f 6751 6752 6753
f 6752 6753 6754
f 6753 6754 6755
f 6754 6755 6756
f 6755 6756 6757
f 6756 6757 6758
f 6757 6758 6759
f 6758 6759 6760
f 6759 6760 6761
f 6760 6761 6762
f 6761 6762 6763
f 6762 6763 6764
f 6763 6764 6765
f 6764 6765 6766
f 6765 6766 6767
f 6766 6767 6768
f 6767 6768 6769
f 6768 6769 6770
f 6769 6770 6771
f 6770 6771 6772
f 6771 6772 6773
f 6772 6773 6774
f 6773 6774 6775
f 6774 6775 6776
f 6775 6776 6777
f 6776 6777 6778
f 6777 6778 6779
f 6778 6779 6780
f 6779 6780 6781
f 6780 6781 6782
f 6781 6782 6783
f 6782 6783 6784
f 6783 6784 6785
f 6784 6785 6786
f 6785 6786 6787
f 6786 6787 6788
f 6787 6788 6789
f 6788 6789 6790
f 6789 6790 6791
f 6790 6791 6792
f 6791 6792 6793
f 6792 6793 6794
f 6793 6794 6795
f 6794 6795 6796
f 6795 6796 6797
f 6796 6797 6798
f 6797 6798 6799
f 6798 6799 6800
f 6799 6800 6801
f 6800 6801 6802
f 6801 6802 6803
f 6802 6803 6804
f 6803 6804 6805
f 6804 6805 6806
f 6805 6806 6807
f 6806 6807 6808
f 6807 6808 6809
f 6808 6809 6810
f 6809 6810 6811
f 6810 6811 6812
f 6811 6812 6813
f 6812 6813 6814
f 6813 6814 6815
f 6814 6815 6816
f 6815 6816 6817
f 6816 6817 6818
f 6817 6818 6819
f 6818 6819 6820
f 6819 6820 6821
f 6820 6821 6822
f 6821 6822 6823
f 6822 6823 6824
f 6823 6824 6825
f 6824 6825 6826
f 6825 6826 6827
f 6826 6827 6828
f 6827 6828 6829
f 6828 6829 6830
f 6829 6830 6831
f 6830 6831 6832
f 6831 6832 6833
f 6832 6833 6834
f 6833 6834 6835
f 6834 6835 6836
f 6835 6836 6837
f 6836 6837 6838
f 6837 6838 6839
f 6838 6839 6840
f 6839 6840 6841
f 6840 6841 6842
f 6841 6842 6843
f 6842 6843 6844
f 6843 6844 6845
f 6844 6845 6846
f 6845 6846 6847
f 6846 6847 6848
f 6847 6848 6849
f 6848 6849 6850
f 6849 6850 6851
f 6850 6851 6852
f 6851 6852 6853
f 6852 6853 6854
f 6853 6854 6855
f 6854 6855 6856
f 6855 6856 6857
f 6856 6857 6858
f 6857 6858 6859
f 6858 6859 6860
f 6859 6860 6861
f 6860 6861 6862
f 6861 6862 6863
f 6862 6863 6864
f 6863 6864 6865
f 6864 6865 6866
f 6865 6866 6867
f 6866 6867 6868
f 6867 6868 6869
f 6868 6869 6870
f 6869 6870 6871
f 6870 6871 6872
f 6871 6872 6873
f 6872 6873 6874
f 6873 6874 6875
f 6874 6875 6876
f 6875 6876 6877
f 6876 6877 6878
f 6877 6878 6879
f 6878 6879 6880
f 6879 6880 6881
f 6880 6881 6882
f 6881 6882 6883
f 6882 6883 6884
f 6883 6884 6885
f 6884 6885 6886
f 6885 6886 6887
f 6886 6887 6888
f 6887 6888 6889
f 6888 6889 6890
f 6889 6890 1
f 6890 1 2
